solid OpenSCAD_Model
  facet normal 0.0653771 -0.997861 0
    outer loop
      vertex 70.85 1.75001 -1.2
      vertex 71.0327 1.76198 -1.90735e-07
      vertex 70.85 1.75001 -1.90735e-07
    endloop
  endfacet
  facet normal 0.0653771 -0.997861 0
    outer loop
      vertex 71.0327 1.76198 -1.90735e-07
      vertex 70.85 1.75001 -1.2
      vertex 71.0327 1.76198 -1.2
    endloop
  endfacet
  facet normal 0.321482 -0.946916 0
    outer loop
      vertex 71.2123 1.7977 -1.2
      vertex 71.3857 1.85657 -1.90735e-07
      vertex 71.2123 1.7977 -1.90735e-07
    endloop
  endfacet
  facet normal 0.321482 -0.946916 0
    outer loop
      vertex 71.3857 1.85657 -1.90735e-07
      vertex 71.2123 1.7977 -1.2
      vertex 71.3857 1.85657 -1.2
    endloop
  endfacet
  facet normal -0.195055 -0.980792 0
    outer loop
      vertex 2.78765 1.7977 -1.2
      vertex 2.96726 1.76198 -1.90735e-07
      vertex 2.78765 1.7977 -1.90735e-07
    endloop
  endfacet
  facet normal -0.195055 -0.980792 -0
    outer loop
      vertex 2.96726 1.76198 -1.90735e-07
      vertex 2.78765 1.7977 -1.2
      vertex 2.96726 1.76198 -1.2
    endloop
  endfacet
  facet normal 0 -1 0
    outer loop
      vertex 3.15 1.75001 -1.2
      vertex 70.85 1.75001 -1.90735e-07
      vertex 3.15 1.75001 -1.90735e-07
    endloop
  endfacet
  facet normal 0 -1 -0
    outer loop
      vertex 70.85 1.75001 -1.90735e-07
      vertex 3.15 1.75001 -1.2
      vertex 70.85 1.75001 -1.2
    endloop
  endfacet
  facet normal 0.195066 -0.98079 0
    outer loop
      vertex 71.0327 1.76198 -1.2
      vertex 71.2123 1.7977 -1.90735e-07
      vertex 71.0327 1.76198 -1.90735e-07
    endloop
  endfacet
  facet normal 0.195066 -0.98079 0
    outer loop
      vertex 71.2123 1.7977 -1.90735e-07
      vertex 71.0327 1.76198 -1.2
      vertex 71.2123 1.7977 -1.2
    endloop
  endfacet
  facet normal -0.751818 -0.65937 0
    outer loop
      vertex 2.16006 2.16006 -1.2
      vertex 2.03931 2.29774 -1.90735e-07
      vertex 2.03931 2.29774 -1.2
    endloop
  endfacet
  facet normal -0.751818 -0.65937 0
    outer loop
      vertex 2.03931 2.29774 -1.90735e-07
      vertex 2.16006 2.16006 -1.2
      vertex 2.16006 2.16006 -1.90735e-07
    endloop
  endfacet
  facet normal -1 0 0
    outer loop
      vertex 1.75001 3.15 -1.2
      vertex 1.75001 25.85 -1.90735e-07
      vertex 1.75001 25.85 -1.2
    endloop
  endfacet
  facet normal -1 -0 0
    outer loop
      vertex 1.75001 25.85 -1.90735e-07
      vertex 1.75001 3.15 -1.2
      vertex 1.75001 3.15 -1.90735e-07
    endloop
  endfacet
  facet normal -0.321482 -0.946916 0
    outer loop
      vertex 2.61425 1.85657 -1.2
      vertex 2.78765 1.7977 -1.90735e-07
      vertex 2.61425 1.85657 -1.90735e-07
    endloop
  endfacet
  facet normal -0.321482 -0.946916 -0
    outer loop
      vertex 2.78765 1.7977 -1.90735e-07
      vertex 2.61425 1.85657 -1.2
      vertex 2.78765 1.7977 -1.2
    endloop
  endfacet
  facet normal -0.896924 0.442184 0
    outer loop
      vertex 1.85657 26.3857 -1.2
      vertex 1.93757 26.55 -1.90735e-07
      vertex 1.93757 26.55 -1.2
    endloop
  endfacet
  facet normal -0.896924 0.442184 0
    outer loop
      vertex 1.93757 26.55 -1.90735e-07
      vertex 1.85657 26.3857 -1.2
      vertex 1.85657 26.3857 -1.90735e-07
    endloop
  endfacet
  facet normal -0.321629 0.946866 0
    outer loop
      vertex 2.78765 27.2023 -1.2
      vertex 2.61425 27.1434 -1.90735e-07
      vertex 2.78765 27.2023 -1.90735e-07
    endloop
  endfacet
  facet normal -0.321629 0.946866 0
    outer loop
      vertex 2.61425 27.1434 -1.90735e-07
      vertex 2.78765 27.2023 -1.2
      vertex 2.61425 27.1434 -1.2
    endloop
  endfacet
  facet normal -0.442292 -0.896871 0
    outer loop
      vertex 2.45 1.93757 -1.2
      vertex 2.61425 1.85657 -1.90735e-07
      vertex 2.45 1.93757 -1.90735e-07
    endloop
  endfacet
  facet normal -0.442292 -0.896871 -0
    outer loop
      vertex 2.61425 1.85657 -1.90735e-07
      vertex 2.45 1.93757 -1.2
      vertex 2.61425 1.85657 -1.2
    endloop
  endfacet
  facet normal 0 0 -1
    outer loop
      vertex 71.2457 3.18474 -1.2
      vertex 72.25 3.15 -1.2
      vertex 72.238 2.96726 -1.2
    endloop
  endfacet
  facet normal 0 0 -1
    outer loop
      vertex 72.25 3.15 -1.2
      vertex 71.25 3.25 -1.2
      vertex 72.25 25.85 -1.2
    endloop
  endfacet
  facet normal 0 0 -1
    outer loop
      vertex 71.233 3.12059 -1.2
      vertex 72.238 2.96726 -1.2
      vertex 72.2023 2.78765 -1.2
    endloop
  endfacet
  facet normal 0 0 -1
    outer loop
      vertex 71.25 25.75 -1.2
      vertex 72.25 25.85 -1.2
      vertex 71.25 3.25 -1.2
    endloop
  endfacet
  facet normal 0 0 -1
    outer loop
      vertex 71.2119 3.05865 -1.2
      vertex 72.2023 2.78765 -1.2
      vertex 72.1434 2.61425 -1.2
    endloop
  endfacet
  facet normal 0 0 -1
    outer loop
      vertex 71.2457 25.8153 -1.2
      vertex 72.25 25.85 -1.2
      vertex 71.25 25.75 -1.2
    endloop
  endfacet
  facet normal 0 0 -1
    outer loop
      vertex 71.183 3 -1.2
      vertex 72.1434 2.61425 -1.2
      vertex 72.0624 2.45 -1.2
    endloop
  endfacet
  facet normal -0 0 -1
    outer loop
      vertex 72.25 25.85 -1.2
      vertex 71.2457 25.8153 -1.2
      vertex 72.238 26.0327 -1.2
    endloop
  endfacet
  facet normal 0 0 -1
    outer loop
      vertex 71.1467 2.94562 -1.2
      vertex 72.0624 2.45 -1.2
      vertex 71.9607 2.29774 -1.2
    endloop
  endfacet
  facet normal 0 0 -1
    outer loop
      vertex 71.233 25.8794 -1.2
      vertex 72.238 26.0327 -1.2
      vertex 71.2457 25.8153 -1.2
    endloop
  endfacet
  facet normal 0 0 -1
    outer loop
      vertex 71.1035 2.89645 -1.2
      vertex 71.9607 2.29774 -1.2
      vertex 71.8399 2.16006 -1.2
    endloop
  endfacet
  facet normal -0 0 -1
    outer loop
      vertex 72.238 26.0327 -1.2
      vertex 71.233 25.8794 -1.2
      vertex 72.2023 26.2123 -1.2
    endloop
  endfacet
  facet normal 0 0 -1
    outer loop
      vertex 71.1035 2.89645 -1.2
      vertex 71.8399 2.16006 -1.2
      vertex 71.7023 2.03931 -1.2
    endloop
  endfacet
  facet normal 0 0 -1
    outer loop
      vertex 71.2119 25.9413 -1.2
      vertex 72.2023 26.2123 -1.2
      vertex 71.233 25.8794 -1.2
    endloop
  endfacet
  facet normal 0 0 -1
    outer loop
      vertex 71.0544 2.85332 -1.2
      vertex 71.7023 2.03931 -1.2
      vertex 71.55 1.93757 -1.2
    endloop
  endfacet
  facet normal -0 0 -1
    outer loop
      vertex 72.2023 26.2123 -1.2
      vertex 71.2119 25.9413 -1.2
      vertex 72.1434 26.3857 -1.2
    endloop
  endfacet
  facet normal 0 0 -1
    outer loop
      vertex 71 2.81699 -1.2
      vertex 71.55 1.93757 -1.2
      vertex 71.3857 1.85657 -1.2
    endloop
  endfacet
  facet normal 0 0 -1
    outer loop
      vertex 71.183 26 -1.2
      vertex 72.1434 26.3857 -1.2
      vertex 71.2119 25.9413 -1.2
    endloop
  endfacet
  facet normal -0 0 -1
    outer loop
      vertex 72.1434 26.3857 -1.2
      vertex 71.183 26 -1.2
      vertex 72.0624 26.55 -1.2
    endloop
  endfacet
  facet normal 0 0 -1
    outer loop
      vertex 72.25 3.15 -1.2
      vertex 71.2457 3.18474 -1.2
      vertex 71.25 3.25 -1.2
    endloop
  endfacet
  facet normal 0 0 -1
    outer loop
      vertex 72.238 2.96726 -1.2
      vertex 71.233 3.12059 -1.2
      vertex 71.2457 3.18474 -1.2
    endloop
  endfacet
  facet normal 0 0 -1
    outer loop
      vertex 70.9413 2.78806 -1.2
      vertex 71.3857 1.85657 -1.2
      vertex 71.2123 1.7977 -1.2
    endloop
  endfacet
  facet normal 0 0 -1
    outer loop
      vertex 72.2023 2.78765 -1.2
      vertex 71.2119 3.05865 -1.2
      vertex 71.233 3.12059 -1.2
    endloop
  endfacet
  facet normal 0 0 -1
    outer loop
      vertex 72.1434 2.61425 -1.2
      vertex 71.183 3 -1.2
      vertex 71.2119 3.05865 -1.2
    endloop
  endfacet
  facet normal 0 0 -1
    outer loop
      vertex 72.0624 2.45 -1.2
      vertex 71.1467 2.94562 -1.2
      vertex 71.183 3 -1.2
    endloop
  endfacet
  facet normal 0 0 -1
    outer loop
      vertex 71.9607 2.29774 -1.2
      vertex 71.1035 2.89645 -1.2
      vertex 71.1467 2.94562 -1.2
    endloop
  endfacet
  facet normal 0 0 -1
    outer loop
      vertex 71.7023 2.03931 -1.2
      vertex 71.0544 2.85332 -1.2
      vertex 71.1035 2.89645 -1.2
    endloop
  endfacet
  facet normal 0 0 -1
    outer loop
      vertex 70.8794 2.76704 -1.2
      vertex 71.2123 1.7977 -1.2
      vertex 71.0327 1.76198 -1.2
    endloop
  endfacet
  facet normal 0 0 -1
    outer loop
      vertex 71.55 1.93757 -1.2
      vertex 71 2.81699 -1.2
      vertex 71.0544 2.85332 -1.2
    endloop
  endfacet
  facet normal 0 0 -1
    outer loop
      vertex 71.3857 1.85657 -1.2
      vertex 70.9413 2.78806 -1.2
      vertex 71 2.81699 -1.2
    endloop
  endfacet
  facet normal 0 0 -1
    outer loop
      vertex 71.2123 1.7977 -1.2
      vertex 70.8794 2.76704 -1.2
      vertex 70.9413 2.78806 -1.2
    endloop
  endfacet
  facet normal 0 0 -1
    outer loop
      vertex 70.8153 2.75427 -1.2
      vertex 71.0327 1.76198 -1.2
      vertex 70.85 1.75001 -1.2
    endloop
  endfacet
  facet normal 0 0 -1
    outer loop
      vertex 71.0327 1.76198 -1.2
      vertex 70.8153 2.75427 -1.2
      vertex 70.8794 2.76704 -1.2
    endloop
  endfacet
  facet normal 0 0 -1
    outer loop
      vertex 70.85 1.75001 -1.2
      vertex 70.75 2.75 -1.2
      vertex 70.8153 2.75427 -1.2
    endloop
  endfacet
  facet normal 0 0 -1
    outer loop
      vertex 70.85 1.75001 -1.2
      vertex 3.25 2.75 -1.2
      vertex 70.75 2.75 -1.2
    endloop
  endfacet
  facet normal 0 0 -1
    outer loop
      vertex 3.15 1.75001 -1.2
      vertex 3.25 2.75 -1.2
      vertex 70.85 1.75001 -1.2
    endloop
  endfacet
  facet normal 0 0 -1
    outer loop
      vertex 3.15 1.75001 -1.2
      vertex 3.18474 2.75427 -1.2
      vertex 3.25 2.75 -1.2
    endloop
  endfacet
  facet normal 0 0 -1
    outer loop
      vertex 2.96726 1.76198 -1.2
      vertex 3.18474 2.75427 -1.2
      vertex 3.15 1.75001 -1.2
    endloop
  endfacet
  facet normal -0 0 -1
    outer loop
      vertex 3.18474 2.75427 -1.2
      vertex 2.96726 1.76198 -1.2
      vertex 3.12059 2.76704 -1.2
    endloop
  endfacet
  facet normal 0 0 -1
    outer loop
      vertex 2.78765 1.7977 -1.2
      vertex 3.12059 2.76704 -1.2
      vertex 2.96726 1.76198 -1.2
    endloop
  endfacet
  facet normal -0 0 -1
    outer loop
      vertex 3.12059 2.76704 -1.2
      vertex 2.78765 1.7977 -1.2
      vertex 3.05865 2.78806 -1.2
    endloop
  endfacet
  facet normal 0 0 -1
    outer loop
      vertex 2.61425 1.85657 -1.2
      vertex 3.05865 2.78806 -1.2
      vertex 2.78765 1.7977 -1.2
    endloop
  endfacet
  facet normal -0 0 -1
    outer loop
      vertex 3.05865 2.78806 -1.2
      vertex 2.61425 1.85657 -1.2
      vertex 3 2.81699 -1.2
    endloop
  endfacet
  facet normal 0 0 -1
    outer loop
      vertex 2.45 1.93757 -1.2
      vertex 3 2.81699 -1.2
      vertex 2.61425 1.85657 -1.2
    endloop
  endfacet
  facet normal -0 0 -1
    outer loop
      vertex 3 2.81699 -1.2
      vertex 2.45 1.93757 -1.2
      vertex 2.94562 2.85332 -1.2
    endloop
  endfacet
  facet normal 0 0 -1
    outer loop
      vertex 2.29774 2.03931 -1.2
      vertex 2.94562 2.85332 -1.2
      vertex 2.45 1.93757 -1.2
    endloop
  endfacet
  facet normal -0 0 -1
    outer loop
      vertex 2.94562 2.85332 -1.2
      vertex 2.29774 2.03931 -1.2
      vertex 2.89645 2.89645 -1.2
    endloop
  endfacet
  facet normal 0 0 -1
    outer loop
      vertex 2.16006 2.16006 -1.2
      vertex 2.89645 2.89645 -1.2
      vertex 2.29774 2.03931 -1.2
    endloop
  endfacet
  facet normal 0 0 -1
    outer loop
      vertex 2.03931 2.29774 -1.2
      vertex 2.89645 2.89645 -1.2
      vertex 2.16006 2.16006 -1.2
    endloop
  endfacet
  facet normal -0 0 -1
    outer loop
      vertex 2.89645 2.89645 -1.2
      vertex 2.03931 2.29774 -1.2
      vertex 2.85332 2.94562 -1.2
    endloop
  endfacet
  facet normal -0 0 -1
    outer loop
      vertex 2.85332 2.94562 -1.2
      vertex 1.93757 2.45 -1.2
      vertex 2.81699 3 -1.2
    endloop
  endfacet
  facet normal 0 0 -1
    outer loop
      vertex 1.93757 2.45 -1.2
      vertex 2.85332 2.94562 -1.2
      vertex 2.03931 2.29774 -1.2
    endloop
  endfacet
  facet normal 0 0 -1
    outer loop
      vertex 71.1467 26.0544 -1.2
      vertex 72.0624 26.55 -1.2
      vertex 71.183 26 -1.2
    endloop
  endfacet
  facet normal -0 0 -1
    outer loop
      vertex 72.0624 26.55 -1.2
      vertex 71.1467 26.0544 -1.2
      vertex 71.9607 26.7023 -1.2
    endloop
  endfacet
  facet normal 0 0 -1
    outer loop
      vertex 71.1035 26.1035 -1.2
      vertex 71.9607 26.7023 -1.2
      vertex 71.1467 26.0544 -1.2
    endloop
  endfacet
  facet normal -0 0 -1
    outer loop
      vertex 71.9607 26.7023 -1.2
      vertex 71.1035 26.1035 -1.2
      vertex 71.8399 26.8399 -1.2
    endloop
  endfacet
  facet normal -0 0 -1
    outer loop
      vertex 71.8399 26.8399 -1.2
      vertex 71.1035 26.1035 -1.2
      vertex 71.7023 26.9607 -1.2
    endloop
  endfacet
  facet normal 0 0 -1
    outer loop
      vertex 71.0544 26.1467 -1.2
      vertex 71.7023 26.9607 -1.2
      vertex 71.1035 26.1035 -1.2
    endloop
  endfacet
  facet normal -0 0 -1
    outer loop
      vertex 71.7023 26.9607 -1.2
      vertex 71.0544 26.1467 -1.2
      vertex 71.55 27.0624 -1.2
    endloop
  endfacet
  facet normal 0 0 -1
    outer loop
      vertex 71 26.183 -1.2
      vertex 71.55 27.0624 -1.2
      vertex 71.0544 26.1467 -1.2
    endloop
  endfacet
  facet normal -0 0 -1
    outer loop
      vertex 71.55 27.0624 -1.2
      vertex 71 26.183 -1.2
      vertex 71.3857 27.1434 -1.2
    endloop
  endfacet
  facet normal 0 0 -1
    outer loop
      vertex 70.9413 26.2119 -1.2
      vertex 71.3857 27.1434 -1.2
      vertex 71 26.183 -1.2
    endloop
  endfacet
  facet normal -0 0 -1
    outer loop
      vertex 71.3857 27.1434 -1.2
      vertex 70.9413 26.2119 -1.2
      vertex 71.2123 27.2023 -1.2
    endloop
  endfacet
  facet normal 0 0 -1
    outer loop
      vertex 70.8794 26.233 -1.2
      vertex 71.2123 27.2023 -1.2
      vertex 70.9413 26.2119 -1.2
    endloop
  endfacet
  facet normal -0 0 -1
    outer loop
      vertex 71.2123 27.2023 -1.2
      vertex 70.8794 26.233 -1.2
      vertex 71.0327 27.238 -1.2
    endloop
  endfacet
  facet normal 0 0 -1
    outer loop
      vertex 70.8153 26.2457 -1.2
      vertex 71.0327 27.238 -1.2
      vertex 70.8794 26.233 -1.2
    endloop
  endfacet
  facet normal -0 0 -1
    outer loop
      vertex 71.0327 27.238 -1.2
      vertex 70.8153 26.2457 -1.2
      vertex 70.85 27.25 -1.2
    endloop
  endfacet
  facet normal 0 0 -1
    outer loop
      vertex 70.75 26.25 -1.2
      vertex 70.85 27.25 -1.2
      vertex 70.8153 26.2457 -1.2
    endloop
  endfacet
  facet normal 0 0 -1
    outer loop
      vertex 3.25 26.25 -1.2
      vertex 70.85 27.25 -1.2
      vertex 70.75 26.25 -1.2
    endloop
  endfacet
  facet normal 0 0 -1
    outer loop
      vertex 3.25 26.25 -1.2
      vertex 3.15 27.25 -1.2
      vertex 70.85 27.25 -1.2
    endloop
  endfacet
  facet normal 0 0 -1
    outer loop
      vertex 3.18474 26.2457 -1.2
      vertex 3.15 27.25 -1.2
      vertex 3.25 26.25 -1.2
    endloop
  endfacet
  facet normal 0 0 -1
    outer loop
      vertex 2.96726 27.238 -1.2
      vertex 3.18474 26.2457 -1.2
      vertex 3.12059 26.233 -1.2
    endloop
  endfacet
  facet normal 0 0 -1
    outer loop
      vertex 2.78765 27.2023 -1.2
      vertex 3.12059 26.233 -1.2
      vertex 3.05865 26.2119 -1.2
    endloop
  endfacet
  facet normal 0 0 -1
    outer loop
      vertex 2.61425 27.1434 -1.2
      vertex 3.05865 26.2119 -1.2
      vertex 3 26.183 -1.2
    endloop
  endfacet
  facet normal 0 0 -1
    outer loop
      vertex 3.18474 26.2457 -1.2
      vertex 2.96726 27.238 -1.2
      vertex 3.15 27.25 -1.2
    endloop
  endfacet
  facet normal 0 0 -1
    outer loop
      vertex 2.45 27.0624 -1.2
      vertex 3 26.183 -1.2
      vertex 2.94562 26.1467 -1.2
    endloop
  endfacet
  facet normal 0 0 -1
    outer loop
      vertex 2.29774 26.9607 -1.2
      vertex 2.94562 26.1467 -1.2
      vertex 2.89645 26.1035 -1.2
    endloop
  endfacet
  facet normal 0 0 -1
    outer loop
      vertex 2.03931 26.7023 -1.2
      vertex 2.89645 26.1035 -1.2
      vertex 2.85332 26.0544 -1.2
    endloop
  endfacet
  facet normal 0 0 -1
    outer loop
      vertex 1.93757 26.55 -1.2
      vertex 2.85332 26.0544 -1.2
      vertex 2.81699 26 -1.2
    endloop
  endfacet
  facet normal 0 0 -1
    outer loop
      vertex 1.85657 26.3857 -1.2
      vertex 2.81699 26 -1.2
      vertex 2.78806 25.9413 -1.2
    endloop
  endfacet
  facet normal 0 0 -1
    outer loop
      vertex 3.12059 26.233 -1.2
      vertex 2.78765 27.2023 -1.2
      vertex 2.96726 27.238 -1.2
    endloop
  endfacet
  facet normal 0 0 -1
    outer loop
      vertex 1.7977 26.2123 -1.2
      vertex 2.78806 25.9413 -1.2
      vertex 2.76704 25.8794 -1.2
    endloop
  endfacet
  facet normal 0 0 -1
    outer loop
      vertex 1.76198 26.0327 -1.2
      vertex 2.76704 25.8794 -1.2
      vertex 2.75427 25.8153 -1.2
    endloop
  endfacet
  facet normal 0 0 -1
    outer loop
      vertex 1.75001 25.85 -1.2
      vertex 2.75427 25.8153 -1.2
      vertex 2.75 25.75 -1.2
    endloop
  endfacet
  facet normal 0 0 -1
    outer loop
      vertex 3.05865 26.2119 -1.2
      vertex 2.61425 27.1434 -1.2
      vertex 2.78765 27.2023 -1.2
    endloop
  endfacet
  facet normal -0 0 -1
    outer loop
      vertex 2.75 3.25 -1.2
      vertex 1.75001 3.15 -1.2
      vertex 2.75 25.75 -1.2
    endloop
  endfacet
  facet normal 0 0 -1
    outer loop
      vertex 1.85657 2.61425 -1.2
      vertex 2.81699 3 -1.2
      vertex 1.93757 2.45 -1.2
    endloop
  endfacet
  facet normal 0 0 -1
    outer loop
      vertex 1.75001 25.85 -1.2
      vertex 2.75 25.75 -1.2
      vertex 1.75001 3.15 -1.2
    endloop
  endfacet
  facet normal -0 0 -1
    outer loop
      vertex 2.81699 3 -1.2
      vertex 1.85657 2.61425 -1.2
      vertex 2.78806 3.05865 -1.2
    endloop
  endfacet
  facet normal 0 0 -1
    outer loop
      vertex 2.75427 25.8153 -1.2
      vertex 1.75001 25.85 -1.2
      vertex 1.76198 26.0327 -1.2
    endloop
  endfacet
  facet normal 0 0 -1
    outer loop
      vertex 1.7977 2.78765 -1.2
      vertex 2.78806 3.05865 -1.2
      vertex 1.85657 2.61425 -1.2
    endloop
  endfacet
  facet normal 0 0 -1
    outer loop
      vertex 3 26.183 -1.2
      vertex 2.45 27.0624 -1.2
      vertex 2.61425 27.1434 -1.2
    endloop
  endfacet
  facet normal -0 0 -1
    outer loop
      vertex 2.78806 3.05865 -1.2
      vertex 1.7977 2.78765 -1.2
      vertex 2.76704 3.12059 -1.2
    endloop
  endfacet
  facet normal 0 0 -1
    outer loop
      vertex 2.94562 26.1467 -1.2
      vertex 2.29774 26.9607 -1.2
      vertex 2.45 27.0624 -1.2
    endloop
  endfacet
  facet normal 0 0 -1
    outer loop
      vertex 1.76198 2.96726 -1.2
      vertex 2.76704 3.12059 -1.2
      vertex 1.7977 2.78765 -1.2
    endloop
  endfacet
  facet normal 0 0 -1
    outer loop
      vertex 2.89645 26.1035 -1.2
      vertex 2.16006 26.8399 -1.2
      vertex 2.29774 26.9607 -1.2
    endloop
  endfacet
  facet normal -0 0 -1
    outer loop
      vertex 2.76704 3.12059 -1.2
      vertex 1.76198 2.96726 -1.2
      vertex 2.75427 3.18474 -1.2
    endloop
  endfacet
  facet normal 0 0 -1
    outer loop
      vertex 2.89645 26.1035 -1.2
      vertex 2.03931 26.7023 -1.2
      vertex 2.16006 26.8399 -1.2
    endloop
  endfacet
  facet normal 0 0 -1
    outer loop
      vertex 1.75001 3.15 -1.2
      vertex 2.75427 3.18474 -1.2
      vertex 1.76198 2.96726 -1.2
    endloop
  endfacet
  facet normal 0 0 -1
    outer loop
      vertex 2.85332 26.0544 -1.2
      vertex 1.93757 26.55 -1.2
      vertex 2.03931 26.7023 -1.2
    endloop
  endfacet
  facet normal -0 0 -1
    outer loop
      vertex 2.75427 3.18474 -1.2
      vertex 1.75001 3.15 -1.2
      vertex 2.75 3.25 -1.2
    endloop
  endfacet
  facet normal 0 0 -1
    outer loop
      vertex 2.81699 26 -1.2
      vertex 1.85657 26.3857 -1.2
      vertex 1.93757 26.55 -1.2
    endloop
  endfacet
  facet normal 0 0 -1
    outer loop
      vertex 2.78806 25.9413 -1.2
      vertex 1.7977 26.2123 -1.2
      vertex 1.85657 26.3857 -1.2
    endloop
  endfacet
  facet normal 0 0 -1
    outer loop
      vertex 2.76704 25.8794 -1.2
      vertex 1.76198 26.0327 -1.2
      vertex 1.7977 26.2123 -1.2
    endloop
  endfacet
  facet normal -0.442292 0.896871 0
    outer loop
      vertex 2.61425 27.1434 -1.2
      vertex 2.45 27.0624 -1.90735e-07
      vertex 2.61425 27.1434 -1.90735e-07
    endloop
  endfacet
  facet normal -0.442292 0.896871 0
    outer loop
      vertex 2.45 27.0624 -1.90735e-07
      vertex 2.61425 27.1434 -1.2
      vertex 2.45 27.0624 -1.2
    endloop
  endfacet
  facet normal 0 0 1
    outer loop
      vertex 71.2457 25.8153 -1.90735e-07
      vertex 72.25 25.85 -1.90735e-07
      vertex 72.238 26.0327 -1.90735e-07
    endloop
  endfacet
  facet normal 0 0 1
    outer loop
      vertex 72.25 25.85 -1.90735e-07
      vertex 71.25 25.75 -1.90735e-07
      vertex 72.25 3.15 -1.90735e-07
    endloop
  endfacet
  facet normal 0 0 1
    outer loop
      vertex 71.233 25.8794 -1.90735e-07
      vertex 72.238 26.0327 -1.90735e-07
      vertex 72.2023 26.2123 -1.90735e-07
    endloop
  endfacet
  facet normal -0 0 1
    outer loop
      vertex 71.25 3.25 -1.90735e-07
      vertex 72.25 3.15 -1.90735e-07
      vertex 71.25 25.75 -1.90735e-07
    endloop
  endfacet
  facet normal 0 0 1
    outer loop
      vertex 71.2119 25.9413 -1.90735e-07
      vertex 72.2023 26.2123 -1.90735e-07
      vertex 72.1434 26.3857 -1.90735e-07
    endloop
  endfacet
  facet normal -0 0 1
    outer loop
      vertex 71.2457 3.18474 -1.90735e-07
      vertex 72.25 3.15 -1.90735e-07
      vertex 71.25 3.25 -1.90735e-07
    endloop
  endfacet
  facet normal 0 0 1
    outer loop
      vertex 71.183 26 -1.90735e-07
      vertex 72.1434 26.3857 -1.90735e-07
      vertex 72.0624 26.55 -1.90735e-07
    endloop
  endfacet
  facet normal 0 0 1
    outer loop
      vertex 72.25 3.15 -1.90735e-07
      vertex 71.2457 3.18474 -1.90735e-07
      vertex 72.238 2.96726 -1.90735e-07
    endloop
  endfacet
  facet normal 0 0 1
    outer loop
      vertex 71.1467 26.0544 -1.90735e-07
      vertex 72.0624 26.55 -1.90735e-07
      vertex 71.9607 26.7023 -1.90735e-07
    endloop
  endfacet
  facet normal -0 0 1
    outer loop
      vertex 71.233 3.12059 -1.90735e-07
      vertex 72.238 2.96726 -1.90735e-07
      vertex 71.2457 3.18474 -1.90735e-07
    endloop
  endfacet
  facet normal 0 0 1
    outer loop
      vertex 71.1035 26.1035 -1.90735e-07
      vertex 71.9607 26.7023 -1.90735e-07
      vertex 71.8399 26.8399 -1.90735e-07
    endloop
  endfacet
  facet normal 0 0 1
    outer loop
      vertex 72.238 2.96726 -1.90735e-07
      vertex 71.233 3.12059 -1.90735e-07
      vertex 72.2023 2.78765 -1.90735e-07
    endloop
  endfacet
  facet normal 0 0 1
    outer loop
      vertex 71.1035 26.1035 -1.90735e-07
      vertex 71.8399 26.8399 -1.90735e-07
      vertex 71.7023 26.9607 -1.90735e-07
    endloop
  endfacet
  facet normal -0 0 1
    outer loop
      vertex 71.2119 3.05865 -1.90735e-07
      vertex 72.2023 2.78765 -1.90735e-07
      vertex 71.233 3.12059 -1.90735e-07
    endloop
  endfacet
  facet normal 0 0 1
    outer loop
      vertex 71.0544 26.1467 -1.90735e-07
      vertex 71.7023 26.9607 -1.90735e-07
      vertex 71.55 27.0624 -1.90735e-07
    endloop
  endfacet
  facet normal 0 0 1
    outer loop
      vertex 72.2023 2.78765 -1.90735e-07
      vertex 71.2119 3.05865 -1.90735e-07
      vertex 72.1434 2.61425 -1.90735e-07
    endloop
  endfacet
  facet normal 0 0 1
    outer loop
      vertex 71 26.183 -1.90735e-07
      vertex 71.55 27.0624 -1.90735e-07
      vertex 71.3857 27.1434 -1.90735e-07
    endloop
  endfacet
  facet normal -0 0 1
    outer loop
      vertex 71.183 3 -1.90735e-07
      vertex 72.1434 2.61425 -1.90735e-07
      vertex 71.2119 3.05865 -1.90735e-07
    endloop
  endfacet
  facet normal 0 0 1
    outer loop
      vertex 72.1434 2.61425 -1.90735e-07
      vertex 71.183 3 -1.90735e-07
      vertex 72.0624 2.45 -1.90735e-07
    endloop
  endfacet
  facet normal 0 0 1
    outer loop
      vertex 72.25 25.85 -1.90735e-07
      vertex 71.2457 25.8153 -1.90735e-07
      vertex 71.25 25.75 -1.90735e-07
    endloop
  endfacet
  facet normal 0 0 1
    outer loop
      vertex 72.238 26.0327 -1.90735e-07
      vertex 71.233 25.8794 -1.90735e-07
      vertex 71.2457 25.8153 -1.90735e-07
    endloop
  endfacet
  facet normal 0 0 1
    outer loop
      vertex 70.9413 26.2119 -1.90735e-07
      vertex 71.3857 27.1434 -1.90735e-07
      vertex 71.2123 27.2023 -1.90735e-07
    endloop
  endfacet
  facet normal 0 0 1
    outer loop
      vertex 72.2023 26.2123 -1.90735e-07
      vertex 71.2119 25.9413 -1.90735e-07
      vertex 71.233 25.8794 -1.90735e-07
    endloop
  endfacet
  facet normal 0 0 1
    outer loop
      vertex 72.1434 26.3857 -1.90735e-07
      vertex 71.183 26 -1.90735e-07
      vertex 71.2119 25.9413 -1.90735e-07
    endloop
  endfacet
  facet normal 0 0 1
    outer loop
      vertex 72.0624 26.55 -1.90735e-07
      vertex 71.1467 26.0544 -1.90735e-07
      vertex 71.183 26 -1.90735e-07
    endloop
  endfacet
  facet normal 0 0 1
    outer loop
      vertex 71.9607 26.7023 -1.90735e-07
      vertex 71.1035 26.1035 -1.90735e-07
      vertex 71.1467 26.0544 -1.90735e-07
    endloop
  endfacet
  facet normal 0 0 1
    outer loop
      vertex 71.7023 26.9607 -1.90735e-07
      vertex 71.0544 26.1467 -1.90735e-07
      vertex 71.1035 26.1035 -1.90735e-07
    endloop
  endfacet
  facet normal 0 0 1
    outer loop
      vertex 70.8794 26.233 -1.90735e-07
      vertex 71.2123 27.2023 -1.90735e-07
      vertex 71.0327 27.238 -1.90735e-07
    endloop
  endfacet
  facet normal 0 0 1
    outer loop
      vertex 71.55 27.0624 -1.90735e-07
      vertex 71 26.183 -1.90735e-07
      vertex 71.0544 26.1467 -1.90735e-07
    endloop
  endfacet
  facet normal 0 0 1
    outer loop
      vertex 71.3857 27.1434 -1.90735e-07
      vertex 70.9413 26.2119 -1.90735e-07
      vertex 71 26.183 -1.90735e-07
    endloop
  endfacet
  facet normal 0 0 1
    outer loop
      vertex 71.2123 27.2023 -1.90735e-07
      vertex 70.8794 26.233 -1.90735e-07
      vertex 70.9413 26.2119 -1.90735e-07
    endloop
  endfacet
  facet normal 0 0 1
    outer loop
      vertex 70.8153 26.2457 -1.90735e-07
      vertex 71.0327 27.238 -1.90735e-07
      vertex 70.85 27.25 -1.90735e-07
    endloop
  endfacet
  facet normal 0 0 1
    outer loop
      vertex 71.0327 27.238 -1.90735e-07
      vertex 70.8153 26.2457 -1.90735e-07
      vertex 70.8794 26.233 -1.90735e-07
    endloop
  endfacet
  facet normal 0 0 1
    outer loop
      vertex 70.85 27.25 -1.90735e-07
      vertex 70.75 26.25 -1.90735e-07
      vertex 70.8153 26.2457 -1.90735e-07
    endloop
  endfacet
  facet normal 0 0 1
    outer loop
      vertex 70.85 27.25 -1.90735e-07
      vertex 3.25 26.25 -1.90735e-07
      vertex 70.75 26.25 -1.90735e-07
    endloop
  endfacet
  facet normal -0 0 1
    outer loop
      vertex 3.15 27.25 -1.90735e-07
      vertex 3.25 26.25 -1.90735e-07
      vertex 70.85 27.25 -1.90735e-07
    endloop
  endfacet
  facet normal 0 0 1
    outer loop
      vertex 3.15 27.25 -1.90735e-07
      vertex 3.18474 26.2457 -1.90735e-07
      vertex 3.25 26.25 -1.90735e-07
    endloop
  endfacet
  facet normal -0 0 1
    outer loop
      vertex 2.96726 27.238 -1.90735e-07
      vertex 3.18474 26.2457 -1.90735e-07
      vertex 3.15 27.25 -1.90735e-07
    endloop
  endfacet
  facet normal 0 0 1
    outer loop
      vertex 3.18474 26.2457 -1.90735e-07
      vertex 2.96726 27.238 -1.90735e-07
      vertex 3.12059 26.233 -1.90735e-07
    endloop
  endfacet
  facet normal -0 0 1
    outer loop
      vertex 2.78765 27.2023 -1.90735e-07
      vertex 3.12059 26.233 -1.90735e-07
      vertex 2.96726 27.238 -1.90735e-07
    endloop
  endfacet
  facet normal 0 0 1
    outer loop
      vertex 3.12059 26.233 -1.90735e-07
      vertex 2.78765 27.2023 -1.90735e-07
      vertex 3.05865 26.2119 -1.90735e-07
    endloop
  endfacet
  facet normal -0 0 1
    outer loop
      vertex 2.61425 27.1434 -1.90735e-07
      vertex 3.05865 26.2119 -1.90735e-07
      vertex 2.78765 27.2023 -1.90735e-07
    endloop
  endfacet
  facet normal 0 0 1
    outer loop
      vertex 3.05865 26.2119 -1.90735e-07
      vertex 2.61425 27.1434 -1.90735e-07
      vertex 3 26.183 -1.90735e-07
    endloop
  endfacet
  facet normal -0 0 1
    outer loop
      vertex 2.45 27.0624 -1.90735e-07
      vertex 3 26.183 -1.90735e-07
      vertex 2.61425 27.1434 -1.90735e-07
    endloop
  endfacet
  facet normal 0 0 1
    outer loop
      vertex 3 26.183 -1.90735e-07
      vertex 2.45 27.0624 -1.90735e-07
      vertex 2.94562 26.1467 -1.90735e-07
    endloop
  endfacet
  facet normal -0 0 1
    outer loop
      vertex 2.29774 26.9607 -1.90735e-07
      vertex 2.94562 26.1467 -1.90735e-07
      vertex 2.45 27.0624 -1.90735e-07
    endloop
  endfacet
  facet normal 0 0 1
    outer loop
      vertex 2.94562 26.1467 -1.90735e-07
      vertex 2.29774 26.9607 -1.90735e-07
      vertex 2.89645 26.1035 -1.90735e-07
    endloop
  endfacet
  facet normal -0 0 1
    outer loop
      vertex 2.16006 26.8399 -1.90735e-07
      vertex 2.89645 26.1035 -1.90735e-07
      vertex 2.29774 26.9607 -1.90735e-07
    endloop
  endfacet
  facet normal -0 0 1
    outer loop
      vertex 2.03931 26.7023 -1.90735e-07
      vertex 2.89645 26.1035 -1.90735e-07
      vertex 2.16006 26.8399 -1.90735e-07
    endloop
  endfacet
  facet normal 0 0 1
    outer loop
      vertex 2.89645 26.1035 -1.90735e-07
      vertex 2.03931 26.7023 -1.90735e-07
      vertex 2.85332 26.0544 -1.90735e-07
    endloop
  endfacet
  facet normal 0 0 1
    outer loop
      vertex 2.85332 26.0544 -1.90735e-07
      vertex 1.93757 26.55 -1.90735e-07
      vertex 2.81699 26 -1.90735e-07
    endloop
  endfacet
  facet normal -0 0 1
    outer loop
      vertex 1.93757 26.55 -1.90735e-07
      vertex 2.85332 26.0544 -1.90735e-07
      vertex 2.03931 26.7023 -1.90735e-07
    endloop
  endfacet
  facet normal -0 0 1
    outer loop
      vertex 71.1467 2.94562 -1.90735e-07
      vertex 72.0624 2.45 -1.90735e-07
      vertex 71.183 3 -1.90735e-07
    endloop
  endfacet
  facet normal 0 0 1
    outer loop
      vertex 72.0624 2.45 -1.90735e-07
      vertex 71.1467 2.94562 -1.90735e-07
      vertex 71.9607 2.29774 -1.90735e-07
    endloop
  endfacet
  facet normal -0 0 1
    outer loop
      vertex 71.1035 2.89645 -1.90735e-07
      vertex 71.9607 2.29774 -1.90735e-07
      vertex 71.1467 2.94562 -1.90735e-07
    endloop
  endfacet
  facet normal 0 0 1
    outer loop
      vertex 71.9607 2.29774 -1.90735e-07
      vertex 71.1035 2.89645 -1.90735e-07
      vertex 71.8399 2.16006 -1.90735e-07
    endloop
  endfacet
  facet normal 0 0 1
    outer loop
      vertex 71.8399 2.16006 -1.90735e-07
      vertex 71.1035 2.89645 -1.90735e-07
      vertex 71.7023 2.03931 -1.90735e-07
    endloop
  endfacet
  facet normal -0 0 1
    outer loop
      vertex 71.0544 2.85332 -1.90735e-07
      vertex 71.7023 2.03931 -1.90735e-07
      vertex 71.1035 2.89645 -1.90735e-07
    endloop
  endfacet
  facet normal 0 0 1
    outer loop
      vertex 71.7023 2.03931 -1.90735e-07
      vertex 71.0544 2.85332 -1.90735e-07
      vertex 71.55 1.93757 -1.90735e-07
    endloop
  endfacet
  facet normal -0 0 1
    outer loop
      vertex 71 2.81699 -1.90735e-07
      vertex 71.55 1.93757 -1.90735e-07
      vertex 71.0544 2.85332 -1.90735e-07
    endloop
  endfacet
  facet normal 0 0 1
    outer loop
      vertex 71.55 1.93757 -1.90735e-07
      vertex 71 2.81699 -1.90735e-07
      vertex 71.3857 1.85657 -1.90735e-07
    endloop
  endfacet
  facet normal -0 0 1
    outer loop
      vertex 70.9413 2.78806 -1.90735e-07
      vertex 71.3857 1.85657 -1.90735e-07
      vertex 71 2.81699 -1.90735e-07
    endloop
  endfacet
  facet normal 0 0 1
    outer loop
      vertex 71.3857 1.85657 -1.90735e-07
      vertex 70.9413 2.78806 -1.90735e-07
      vertex 71.2123 1.7977 -1.90735e-07
    endloop
  endfacet
  facet normal -0 0 1
    outer loop
      vertex 70.8794 2.76704 -1.90735e-07
      vertex 71.2123 1.7977 -1.90735e-07
      vertex 70.9413 2.78806 -1.90735e-07
    endloop
  endfacet
  facet normal 0 0 1
    outer loop
      vertex 71.2123 1.7977 -1.90735e-07
      vertex 70.8794 2.76704 -1.90735e-07
      vertex 71.0327 1.76198 -1.90735e-07
    endloop
  endfacet
  facet normal -0 0 1
    outer loop
      vertex 70.8153 2.75427 -1.90735e-07
      vertex 71.0327 1.76198 -1.90735e-07
      vertex 70.8794 2.76704 -1.90735e-07
    endloop
  endfacet
  facet normal 0 0 1
    outer loop
      vertex 71.0327 1.76198 -1.90735e-07
      vertex 70.8153 2.75427 -1.90735e-07
      vertex 70.85 1.75001 -1.90735e-07
    endloop
  endfacet
  facet normal -0 0 1
    outer loop
      vertex 70.75 2.75 -1.90735e-07
      vertex 70.85 1.75001 -1.90735e-07
      vertex 70.8153 2.75427 -1.90735e-07
    endloop
  endfacet
  facet normal -0 0 1
    outer loop
      vertex 3.25 2.75 -1.90735e-07
      vertex 70.85 1.75001 -1.90735e-07
      vertex 70.75 2.75 -1.90735e-07
    endloop
  endfacet
  facet normal 0 0 1
    outer loop
      vertex 3.25 2.75 -1.90735e-07
      vertex 3.15 1.75001 -1.90735e-07
      vertex 70.85 1.75001 -1.90735e-07
    endloop
  endfacet
  facet normal 0 0 1
    outer loop
      vertex 3.18474 2.75427 -1.90735e-07
      vertex 3.15 1.75001 -1.90735e-07
      vertex 3.25 2.75 -1.90735e-07
    endloop
  endfacet
  facet normal 0 0 1
    outer loop
      vertex 2.96726 1.76198 -1.90735e-07
      vertex 3.18474 2.75427 -1.90735e-07
      vertex 3.12059 2.76704 -1.90735e-07
    endloop
  endfacet
  facet normal 0 0 1
    outer loop
      vertex 2.78765 1.7977 -1.90735e-07
      vertex 3.12059 2.76704 -1.90735e-07
      vertex 3.05865 2.78806 -1.90735e-07
    endloop
  endfacet
  facet normal 0 0 1
    outer loop
      vertex 2.61425 1.85657 -1.90735e-07
      vertex 3.05865 2.78806 -1.90735e-07
      vertex 3 2.81699 -1.90735e-07
    endloop
  endfacet
  facet normal 0 0 1
    outer loop
      vertex 3.18474 2.75427 -1.90735e-07
      vertex 2.96726 1.76198 -1.90735e-07
      vertex 3.15 1.75001 -1.90735e-07
    endloop
  endfacet
  facet normal 0 0 1
    outer loop
      vertex 2.45 1.93757 -1.90735e-07
      vertex 3 2.81699 -1.90735e-07
      vertex 2.94562 2.85332 -1.90735e-07
    endloop
  endfacet
  facet normal 0 0 1
    outer loop
      vertex 2.29774 2.03931 -1.90735e-07
      vertex 2.94562 2.85332 -1.90735e-07
      vertex 2.89645 2.89645 -1.90735e-07
    endloop
  endfacet
  facet normal 0 0 1
    outer loop
      vertex 2.03931 2.29774 -1.90735e-07
      vertex 2.89645 2.89645 -1.90735e-07
      vertex 2.85332 2.94562 -1.90735e-07
    endloop
  endfacet
  facet normal 0 0 1
    outer loop
      vertex 1.93757 2.45 -1.90735e-07
      vertex 2.85332 2.94562 -1.90735e-07
      vertex 2.81699 3 -1.90735e-07
    endloop
  endfacet
  facet normal 0 0 1
    outer loop
      vertex 1.85657 2.61425 -1.90735e-07
      vertex 2.81699 3 -1.90735e-07
      vertex 2.78806 3.05865 -1.90735e-07
    endloop
  endfacet
  facet normal 0 0 1
    outer loop
      vertex 3.12059 2.76704 -1.90735e-07
      vertex 2.78765 1.7977 -1.90735e-07
      vertex 2.96726 1.76198 -1.90735e-07
    endloop
  endfacet
  facet normal 0 0 1
    outer loop
      vertex 1.7977 2.78765 -1.90735e-07
      vertex 2.78806 3.05865 -1.90735e-07
      vertex 2.76704 3.12059 -1.90735e-07
    endloop
  endfacet
  facet normal 0 0 1
    outer loop
      vertex 1.76198 2.96726 -1.90735e-07
      vertex 2.76704 3.12059 -1.90735e-07
      vertex 2.75427 3.18474 -1.90735e-07
    endloop
  endfacet
  facet normal 0 0 1
    outer loop
      vertex 1.75001 3.15 -1.90735e-07
      vertex 2.75427 3.18474 -1.90735e-07
      vertex 2.75 3.25 -1.90735e-07
    endloop
  endfacet
  facet normal 0 0 1
    outer loop
      vertex 3.05865 2.78806 -1.90735e-07
      vertex 2.61425 1.85657 -1.90735e-07
      vertex 2.78765 1.7977 -1.90735e-07
    endloop
  endfacet
  facet normal 0 0 1
    outer loop
      vertex 2.75 25.75 -1.90735e-07
      vertex 1.75001 25.85 -1.90735e-07
      vertex 2.75 3.25 -1.90735e-07
    endloop
  endfacet
  facet normal -0 0 1
    outer loop
      vertex 1.85657 26.3857 -1.90735e-07
      vertex 2.81699 26 -1.90735e-07
      vertex 1.93757 26.55 -1.90735e-07
    endloop
  endfacet
  facet normal 0 0 1
    outer loop
      vertex 1.75001 3.15 -1.90735e-07
      vertex 2.75 3.25 -1.90735e-07
      vertex 1.75001 25.85 -1.90735e-07
    endloop
  endfacet
  facet normal 0 0 1
    outer loop
      vertex 2.81699 26 -1.90735e-07
      vertex 1.85657 26.3857 -1.90735e-07
      vertex 2.78806 25.9413 -1.90735e-07
    endloop
  endfacet
  facet normal 0 0 1
    outer loop
      vertex 2.75427 3.18474 -1.90735e-07
      vertex 1.75001 3.15 -1.90735e-07
      vertex 1.76198 2.96726 -1.90735e-07
    endloop
  endfacet
  facet normal -0 0 1
    outer loop
      vertex 1.7977 26.2123 -1.90735e-07
      vertex 2.78806 25.9413 -1.90735e-07
      vertex 1.85657 26.3857 -1.90735e-07
    endloop
  endfacet
  facet normal 0 0 1
    outer loop
      vertex 3 2.81699 -1.90735e-07
      vertex 2.45 1.93757 -1.90735e-07
      vertex 2.61425 1.85657 -1.90735e-07
    endloop
  endfacet
  facet normal 0 0 1
    outer loop
      vertex 2.78806 25.9413 -1.90735e-07
      vertex 1.7977 26.2123 -1.90735e-07
      vertex 2.76704 25.8794 -1.90735e-07
    endloop
  endfacet
  facet normal 0 0 1
    outer loop
      vertex 2.94562 2.85332 -1.90735e-07
      vertex 2.29774 2.03931 -1.90735e-07
      vertex 2.45 1.93757 -1.90735e-07
    endloop
  endfacet
  facet normal -0 0 1
    outer loop
      vertex 1.76198 26.0327 -1.90735e-07
      vertex 2.76704 25.8794 -1.90735e-07
      vertex 1.7977 26.2123 -1.90735e-07
    endloop
  endfacet
  facet normal 0 0 1
    outer loop
      vertex 2.89645 2.89645 -1.90735e-07
      vertex 2.16006 2.16006 -1.90735e-07
      vertex 2.29774 2.03931 -1.90735e-07
    endloop
  endfacet
  facet normal 0 0 1
    outer loop
      vertex 2.76704 25.8794 -1.90735e-07
      vertex 1.76198 26.0327 -1.90735e-07
      vertex 2.75427 25.8153 -1.90735e-07
    endloop
  endfacet
  facet normal 0 0 1
    outer loop
      vertex 2.89645 2.89645 -1.90735e-07
      vertex 2.03931 2.29774 -1.90735e-07
      vertex 2.16006 2.16006 -1.90735e-07
    endloop
  endfacet
  facet normal -0 0 1
    outer loop
      vertex 1.75001 25.85 -1.90735e-07
      vertex 2.75427 25.8153 -1.90735e-07
      vertex 1.76198 26.0327 -1.90735e-07
    endloop
  endfacet
  facet normal 0 0 1
    outer loop
      vertex 2.85332 2.94562 -1.90735e-07
      vertex 1.93757 2.45 -1.90735e-07
      vertex 2.03931 2.29774 -1.90735e-07
    endloop
  endfacet
  facet normal 0 0 1
    outer loop
      vertex 2.75427 25.8153 -1.90735e-07
      vertex 1.75001 25.85 -1.90735e-07
      vertex 2.75 25.75 -1.90735e-07
    endloop
  endfacet
  facet normal 0 0 1
    outer loop
      vertex 2.81699 3 -1.90735e-07
      vertex 1.85657 2.61425 -1.90735e-07
      vertex 1.93757 2.45 -1.90735e-07
    endloop
  endfacet
  facet normal 0 0 1
    outer loop
      vertex 2.78806 3.05865 -1.90735e-07
      vertex 1.7977 2.78765 -1.90735e-07
      vertex 1.85657 2.61425 -1.90735e-07
    endloop
  endfacet
  facet normal 0 0 1
    outer loop
      vertex 2.76704 3.12059 -1.90735e-07
      vertex 1.76198 2.96726 -1.90735e-07
      vertex 1.7977 2.78765 -1.90735e-07
    endloop
  endfacet
  facet normal -0.65937 -0.751818 0
    outer loop
      vertex 2.16006 2.16006 -1.2
      vertex 2.29774 2.03931 -1.90735e-07
      vertex 2.16006 2.16006 -1.90735e-07
    endloop
  endfacet
  facet normal -0.65937 -0.751818 -0
    outer loop
      vertex 2.29774 2.03931 -1.90735e-07
      vertex 2.16006 2.16006 -1.2
      vertex 2.29774 2.03931 -1.2
    endloop
  endfacet
  facet normal 0 1 -0
    outer loop
      vertex 70.85 27.25 -1.2
      vertex 3.15 27.25 -1.90735e-07
      vertex 70.85 27.25 -1.90735e-07
    endloop
  endfacet
  facet normal 0 1 0
    outer loop
      vertex 3.15 27.25 -1.90735e-07
      vertex 70.85 27.25 -1.2
      vertex 3.15 27.25 -1.2
    endloop
  endfacet
  facet normal 0.659741 0.751493 -0
    outer loop
      vertex 71.8399 26.8399 -1.2
      vertex 71.7023 26.9607 -1.90735e-07
      vertex 71.8399 26.8399 -1.90735e-07
    endloop
  endfacet
  facet normal 0.659741 0.751493 0
    outer loop
      vertex 71.7023 26.9607 -1.90735e-07
      vertex 71.8399 26.8399 -1.2
      vertex 71.7023 26.9607 -1.2
    endloop
  endfacet
  facet normal 0.980811 0.194961 0
    outer loop
      vertex 72.238 26.0327 -1.90735e-07
      vertex 72.2023 26.2123 -1.2
      vertex 72.2023 26.2123 -1.90735e-07
    endloop
  endfacet
  facet normal 0.980811 0.194961 0
    outer loop
      vertex 72.2023 26.2123 -1.2
      vertex 72.238 26.0327 -1.90735e-07
      vertex 72.238 26.0327 -1.2
    endloop
  endfacet
  facet normal 1 -0 0
    outer loop
      vertex 72.25 3.15 -1.90735e-07
      vertex 72.25 25.85 -1.2
      vertex 72.25 25.85 -1.90735e-07
    endloop
  endfacet
  facet normal 1 0 0
    outer loop
      vertex 72.25 25.85 -1.2
      vertex 72.25 3.15 -1.90735e-07
      vertex 72.25 3.15 -1.2
    endloop
  endfacet
  facet normal -0.98079 0.195066 0
    outer loop
      vertex 1.76198 26.0327 -1.2
      vertex 1.7977 26.2123 -1.90735e-07
      vertex 1.7977 26.2123 -1.2
    endloop
  endfacet
  facet normal -0.98079 0.195066 0
    outer loop
      vertex 1.7977 26.2123 -1.90735e-07
      vertex 1.76198 26.0327 -1.2
      vertex 1.76198 26.0327 -1.90735e-07
    endloop
  endfacet
  facet normal -0.946916 0.321482 0
    outer loop
      vertex 1.7977 26.2123 -1.2
      vertex 1.85657 26.3857 -1.90735e-07
      vertex 1.85657 26.3857 -1.2
    endloop
  endfacet
  facet normal -0.946916 0.321482 0
    outer loop
      vertex 1.85657 26.3857 -1.90735e-07
      vertex 1.7977 26.2123 -1.2
      vertex 1.7977 26.2123 -1.90735e-07
    endloop
  endfacet
  facet normal -0.0653628 -0.997862 0
    outer loop
      vertex 2.96726 1.76198 -1.2
      vertex 3.15 1.75001 -1.90735e-07
      vertex 2.96726 1.76198 -1.90735e-07
    endloop
  endfacet
  facet normal -0.0653628 -0.997862 -0
    outer loop
      vertex 3.15 1.75001 -1.90735e-07
      vertex 2.96726 1.76198 -1.2
      vertex 3.15 1.75001 -1.2
    endloop
  endfacet
  facet normal -0.19495 0.980813 0
    outer loop
      vertex 2.96726 27.238 -1.2
      vertex 2.78765 27.2023 -1.90735e-07
      vertex 2.96726 27.238 -1.90735e-07
    endloop
  endfacet
  facet normal -0.19495 0.980813 0
    outer loop
      vertex 2.78765 27.2023 -1.90735e-07
      vertex 2.96726 27.238 -1.2
      vertex 2.78765 27.2023 -1.2
    endloop
  endfacet
  facet normal -0.0655259 0.997851 0
    outer loop
      vertex 3.15 27.25 -1.2
      vertex 2.96726 27.238 -1.90735e-07
      vertex 3.15 27.25 -1.90735e-07
    endloop
  endfacet
  facet normal -0.0655259 0.997851 0
    outer loop
      vertex 2.96726 27.238 -1.90735e-07
      vertex 3.15 27.25 -1.2
      vertex 2.96726 27.238 -1.2
    endloop
  endfacet
  facet normal 0.659587 -0.751628 0
    outer loop
      vertex 71.7023 2.03931 -1.2
      vertex 71.8399 2.16006 -1.90735e-07
      vertex 71.7023 2.03931 -1.90735e-07
    endloop
  endfacet
  facet normal 0.659587 -0.751628 0
    outer loop
      vertex 71.8399 2.16006 -1.90735e-07
      vertex 71.7023 2.03931 -1.2
      vertex 71.8399 2.16006 -1.2
    endloop
  endfacet
  facet normal 0.0655402 0.99785 -0
    outer loop
      vertex 71.0327 27.238 -1.2
      vertex 70.85 27.25 -1.90735e-07
      vertex 71.0327 27.238 -1.90735e-07
    endloop
  endfacet
  facet normal 0.0655402 0.99785 0
    outer loop
      vertex 70.85 27.25 -1.90735e-07
      vertex 71.0327 27.238 -1.2
      vertex 70.85 27.25 -1.2
    endloop
  endfacet
  facet normal 0.83163 0.55533 0
    outer loop
      vertex 72.0624 26.55 -1.90735e-07
      vertex 71.9607 26.7023 -1.2
      vertex 71.9607 26.7023 -1.90735e-07
    endloop
  endfacet
  facet normal 0.83163 0.55533 0
    outer loop
      vertex 71.9607 26.7023 -1.2
      vertex 72.0624 26.55 -1.90735e-07
      vertex 72.0624 26.55 -1.2
    endloop
  endfacet
  facet normal -0.997862 -0.0653628 0
    outer loop
      vertex 1.76198 2.96726 -1.2
      vertex 1.75001 3.15 -1.90735e-07
      vertex 1.75001 3.15 -1.2
    endloop
  endfacet
  facet normal -0.997862 -0.0653628 0
    outer loop
      vertex 1.75001 3.15 -1.90735e-07
      vertex 1.76198 2.96726 -1.2
      vertex 1.76198 2.96726 -1.90735e-07
    endloop
  endfacet
  facet normal 0.896924 0.442184 0
    outer loop
      vertex 72.1434 26.3857 -1.90735e-07
      vertex 72.0624 26.55 -1.2
      vertex 72.0624 26.55 -1.90735e-07
    endloop
  endfacet
  facet normal 0.896924 0.442184 0
    outer loop
      vertex 72.0624 26.55 -1.2
      vertex 72.1434 26.3857 -1.90735e-07
      vertex 72.1434 26.3857 -1.2
    endloop
  endfacet
  facet normal 0.321629 0.946866 -0
    outer loop
      vertex 71.3857 27.1434 -1.2
      vertex 71.2123 27.2023 -1.90735e-07
      vertex 71.3857 27.1434 -1.90735e-07
    endloop
  endfacet
  facet normal 0.321629 0.946866 0
    outer loop
      vertex 71.2123 27.2023 -1.90735e-07
      vertex 71.3857 27.1434 -1.2
      vertex 71.2123 27.2023 -1.2
    endloop
  endfacet
  facet normal 0.194961 0.980811 -0
    outer loop
      vertex 71.2123 27.2023 -1.2
      vertex 71.0327 27.238 -1.90735e-07
      vertex 71.2123 27.2023 -1.90735e-07
    endloop
  endfacet
  facet normal 0.194961 0.980811 0
    outer loop
      vertex 71.0327 27.238 -1.90735e-07
      vertex 71.2123 27.2023 -1.2
      vertex 71.0327 27.238 -1.2
    endloop
  endfacet
  facet normal 0.946866 -0.321629 0
    outer loop
      vertex 72.1434 2.61425 -1.90735e-07
      vertex 72.2023 2.78765 -1.2
      vertex 72.2023 2.78765 -1.90735e-07
    endloop
  endfacet
  facet normal 0.946866 -0.321629 0
    outer loop
      vertex 72.2023 2.78765 -1.2
      vertex 72.1434 2.61425 -1.90735e-07
      vertex 72.1434 2.61425 -1.2
    endloop
  endfacet
  facet normal -0.980792 -0.195055 0
    outer loop
      vertex 1.7977 2.78765 -1.2
      vertex 1.76198 2.96726 -1.90735e-07
      vertex 1.76198 2.96726 -1.2
    endloop
  endfacet
  facet normal -0.980792 -0.195055 0
    outer loop
      vertex 1.76198 2.96726 -1.90735e-07
      vertex 1.7977 2.78765 -1.2
      vertex 1.7977 2.78765 -1.90735e-07
    endloop
  endfacet
  facet normal 0.831563 -0.555431 0
    outer loop
      vertex 71.9607 2.29774 -1.90735e-07
      vertex 72.0624 2.45 -1.2
      vertex 72.0624 2.45 -1.90735e-07
    endloop
  endfacet
  facet normal 0.831563 -0.555431 0
    outer loop
      vertex 72.0624 2.45 -1.2
      vertex 71.9607 2.29774 -1.90735e-07
      vertex 71.9607 2.29774 -1.2
    endloop
  endfacet
  facet normal -0.946916 -0.321482 0
    outer loop
      vertex 1.85657 2.61425 -1.2
      vertex 1.7977 2.78765 -1.90735e-07
      vertex 1.7977 2.78765 -1.2
    endloop
  endfacet
  facet normal -0.946916 -0.321482 0
    outer loop
      vertex 1.7977 2.78765 -1.90735e-07
      vertex 1.85657 2.61425 -1.2
      vertex 1.85657 2.61425 -1.90735e-07
    endloop
  endfacet
  facet normal -0.997861 0.0653771 0
    outer loop
      vertex 1.75001 25.85 -1.2
      vertex 1.76198 26.0327 -1.90735e-07
      vertex 1.76198 26.0327 -1.2
    endloop
  endfacet
  facet normal -0.997861 0.0653771 0
    outer loop
      vertex 1.76198 26.0327 -1.90735e-07
      vertex 1.75001 25.85 -1.2
      vertex 1.75001 25.85 -1.90735e-07
    endloop
  endfacet
  facet normal -0.831529 0.555481 0
    outer loop
      vertex 1.93757 26.55 -1.2
      vertex 2.03931 26.7023 -1.90735e-07
      vertex 2.03931 26.7023 -1.2
    endloop
  endfacet
  facet normal -0.831529 0.555481 0
    outer loop
      vertex 2.03931 26.7023 -1.90735e-07
      vertex 1.93757 26.55 -1.2
      vertex 1.93757 26.55 -1.90735e-07
    endloop
  endfacet
  facet normal -0.659524 0.751683 0
    outer loop
      vertex 2.29774 26.9607 -1.2
      vertex 2.16006 26.8399 -1.90735e-07
      vertex 2.29774 26.9607 -1.90735e-07
    endloop
  endfacet
  facet normal -0.659524 0.751683 0
    outer loop
      vertex 2.16006 26.8399 -1.90735e-07
      vertex 2.29774 26.9607 -1.2
      vertex 2.16006 26.8399 -1.2
    endloop
  endfacet
  facet normal 0.555481 -0.831529 0
    outer loop
      vertex 71.55 1.93757 -1.2
      vertex 71.7023 2.03931 -1.90735e-07
      vertex 71.55 1.93757 -1.90735e-07
    endloop
  endfacet
  facet normal 0.555481 -0.831529 0
    outer loop
      vertex 71.7023 2.03931 -1.90735e-07
      vertex 71.55 1.93757 -1.2
      vertex 71.7023 2.03931 -1.2
    endloop
  endfacet
  facet normal 0.896871 -0.442292 0
    outer loop
      vertex 72.0624 2.45 -1.90735e-07
      vertex 72.1434 2.61425 -1.2
      vertex 72.1434 2.61425 -1.90735e-07
    endloop
  endfacet
  facet normal 0.896871 -0.442292 0
    outer loop
      vertex 72.1434 2.61425 -1.2
      vertex 72.0624 2.45 -1.90735e-07
      vertex 72.0624 2.45 -1.2
    endloop
  endfacet
  facet normal 0.99785 0.0655402 0
    outer loop
      vertex 72.25 25.85 -1.90735e-07
      vertex 72.238 26.0327 -1.2
      vertex 72.238 26.0327 -1.90735e-07
    endloop
  endfacet
  facet normal 0.99785 0.0655402 0
    outer loop
      vertex 72.238 26.0327 -1.2
      vertex 72.25 25.85 -1.90735e-07
      vertex 72.25 25.85 -1.2
    endloop
  endfacet
  facet normal -0.896871 -0.442292 0
    outer loop
      vertex 1.93757 2.45 -1.2
      vertex 1.85657 2.61425 -1.90735e-07
      vertex 1.85657 2.61425 -1.2
    endloop
  endfacet
  facet normal -0.896871 -0.442292 0
    outer loop
      vertex 1.85657 2.61425 -1.90735e-07
      vertex 1.93757 2.45 -1.2
      vertex 1.93757 2.45 -1.90735e-07
    endloop
  endfacet
  facet normal -0.751628 0.659587 0
    outer loop
      vertex 2.03931 26.7023 -1.2
      vertex 2.16006 26.8399 -1.90735e-07
      vertex 2.16006 26.8399 -1.2
    endloop
  endfacet
  facet normal -0.751628 0.659587 0
    outer loop
      vertex 2.16006 26.8399 -1.90735e-07
      vertex 2.03931 26.7023 -1.2
      vertex 2.03931 26.7023 -1.90735e-07
    endloop
  endfacet
  facet normal 0.442184 -0.896924 0
    outer loop
      vertex 71.3857 1.85657 -1.2
      vertex 71.55 1.93757 -1.90735e-07
      vertex 71.3857 1.85657 -1.90735e-07
    endloop
  endfacet
  facet normal 0.442184 -0.896924 0
    outer loop
      vertex 71.55 1.93757 -1.90735e-07
      vertex 71.3857 1.85657 -1.2
      vertex 71.55 1.93757 -1.2
    endloop
  endfacet
  facet normal -0.555582 -0.831462 0
    outer loop
      vertex 2.29774 2.03931 -1.2
      vertex 2.45 1.93757 -1.90735e-07
      vertex 2.29774 2.03931 -1.90735e-07
    endloop
  endfacet
  facet normal -0.555582 -0.831462 -0
    outer loop
      vertex 2.45 1.93757 -1.90735e-07
      vertex 2.29774 2.03931 -1.2
      vertex 2.45 1.93757 -1.2
    endloop
  endfacet
  facet normal -0.555431 0.831563 0
    outer loop
      vertex 2.45 27.0624 -1.2
      vertex 2.29774 26.9607 -1.90735e-07
      vertex 2.45 27.0624 -1.90735e-07
    endloop
  endfacet
  facet normal -0.555431 0.831563 0
    outer loop
      vertex 2.29774 26.9607 -1.90735e-07
      vertex 2.45 27.0624 -1.2
      vertex 2.29774 26.9607 -1.2
    endloop
  endfacet
  facet normal 0.946866 0.321629 0
    outer loop
      vertex 72.2023 26.2123 -1.90735e-07
      vertex 72.1434 26.3857 -1.2
      vertex 72.1434 26.3857 -1.90735e-07
    endloop
  endfacet
  facet normal 0.946866 0.321629 0
    outer loop
      vertex 72.1434 26.3857 -1.2
      vertex 72.2023 26.2123 -1.90735e-07
      vertex 72.2023 26.2123 -1.2
    endloop
  endfacet
  facet normal 0.55533 0.83163 -0
    outer loop
      vertex 71.7023 26.9607 -1.2
      vertex 71.55 27.0624 -1.90735e-07
      vertex 71.7023 26.9607 -1.90735e-07
    endloop
  endfacet
  facet normal 0.55533 0.83163 0
    outer loop
      vertex 71.55 27.0624 -1.90735e-07
      vertex 71.7023 26.9607 -1.2
      vertex 71.55 27.0624 -1.2
    endloop
  endfacet
  facet normal 0.442184 0.896924 -0
    outer loop
      vertex 71.55 27.0624 -1.2
      vertex 71.3857 27.1434 -1.90735e-07
      vertex 71.55 27.0624 -1.90735e-07
    endloop
  endfacet
  facet normal 0.442184 0.896924 0
    outer loop
      vertex 71.3857 27.1434 -1.90735e-07
      vertex 71.55 27.0624 -1.2
      vertex 71.3857 27.1434 -1.2
    endloop
  endfacet
  facet normal 0.751493 0.659741 0
    outer loop
      vertex 71.9607 26.7023 -1.90735e-07
      vertex 71.8399 26.8399 -1.2
      vertex 71.8399 26.8399 -1.90735e-07
    endloop
  endfacet
  facet normal 0.751493 0.659741 0
    outer loop
      vertex 71.8399 26.8399 -1.2
      vertex 71.9607 26.7023 -1.90735e-07
      vertex 71.9607 26.7023 -1.2
    endloop
  endfacet
  facet normal -0.831462 -0.555582 0
    outer loop
      vertex 2.03931 2.29774 -1.2
      vertex 1.93757 2.45 -1.90735e-07
      vertex 1.93757 2.45 -1.2
    endloop
  endfacet
  facet normal -0.831462 -0.555582 0
    outer loop
      vertex 1.93757 2.45 -1.90735e-07
      vertex 2.03931 2.29774 -1.2
      vertex 2.03931 2.29774 -1.90735e-07
    endloop
  endfacet
  facet normal 0.751683 -0.659524 0
    outer loop
      vertex 71.8399 2.16006 -1.90735e-07
      vertex 71.9607 2.29774 -1.2
      vertex 71.9607 2.29774 -1.90735e-07
    endloop
  endfacet
  facet normal 0.751683 -0.659524 0
    outer loop
      vertex 71.9607 2.29774 -1.2
      vertex 71.8399 2.16006 -1.90735e-07
      vertex 71.8399 2.16006 -1.2
    endloop
  endfacet
  facet normal 0.980813 -0.19495 0
    outer loop
      vertex 72.2023 2.78765 -1.90735e-07
      vertex 72.238 2.96726 -1.2
      vertex 72.238 2.96726 -1.90735e-07
    endloop
  endfacet
  facet normal 0.980813 -0.19495 0
    outer loop
      vertex 72.238 2.96726 -1.2
      vertex 72.2023 2.78765 -1.90735e-07
      vertex 72.2023 2.78765 -1.2
    endloop
  endfacet
  facet normal 0.997851 -0.0655259 0
    outer loop
      vertex 72.238 2.96726 -1.90735e-07
      vertex 72.25 3.15 -1.2
      vertex 72.25 3.15 -1.90735e-07
    endloop
  endfacet
  facet normal 0.997851 -0.0655259 0
    outer loop
      vertex 72.25 3.15 -1.2
      vertex 72.238 2.96726 -1.90735e-07
      vertex 72.238 2.96726 -1.2
    endloop
  endfacet
  facet normal -0.0652511 0.997869 0
    outer loop
      vertex 70.8153 2.75427 -1.2
      vertex 70.75 2.75 -1.90735e-07
      vertex 70.8153 2.75427 -1.90735e-07
    endloop
  endfacet
  facet normal -0.0652511 0.997869 0
    outer loop
      vertex 70.75 2.75 -1.90735e-07
      vertex 70.8153 2.75427 -1.2
      vertex 70.75 2.75 -1.2
    endloop
  endfacet
  facet normal 0.195234 0.980757 -0
    outer loop
      vertex 3.18474 2.75427 -1.2
      vertex 3.12059 2.76704 -1.90735e-07
      vertex 3.18474 2.75427 -1.90735e-07
    endloop
  endfacet
  facet normal 0.195234 0.980757 0
    outer loop
      vertex 3.12059 2.76704 -1.90735e-07
      vertex 3.18474 2.75427 -1.2
      vertex 3.12059 2.76704 -1.2
    endloop
  endfacet
  facet normal -0.55537 0.831603 0
    outer loop
      vertex 71.0544 2.85332 -1.2
      vertex 71 2.81699 -1.90735e-07
      vertex 71.0544 2.85332 -1.90735e-07
    endloop
  endfacet
  facet normal -0.55537 0.831603 0
    outer loop
      vertex 71 2.81699 -1.90735e-07
      vertex 71.0544 2.85332 -1.2
      vertex 71 2.81699 -1.2
    endloop
  endfacet
  facet normal -0.0657076 -0.997839 0
    outer loop
      vertex 70.75 26.25 -1.2
      vertex 70.8153 26.2457 -1.90735e-07
      vertex 70.75 26.25 -1.90735e-07
    endloop
  endfacet
  facet normal -0.0657076 -0.997839 -0
    outer loop
      vertex 70.8153 26.2457 -1.90735e-07
      vertex 70.75 26.25 -1.2
      vertex 70.8153 26.2457 -1.2
    endloop
  endfacet
  facet normal 0.065291 0.997866 -0
    outer loop
      vertex 3.25 2.75 -1.2
      vertex 3.18474 2.75427 -1.90735e-07
      vertex 3.25 2.75 -1.90735e-07
    endloop
  endfacet
  facet normal 0.065291 0.997866 0
    outer loop
      vertex 3.18474 2.75427 -1.90735e-07
      vertex 3.25 2.75 -1.2
      vertex 3.18474 2.75427 -1.2
    endloop
  endfacet
  facet normal 1 -0 0
    outer loop
      vertex 2.75 3.25 -1.90735e-07
      vertex 2.75 25.75 -1.2
      vertex 2.75 25.75 -1.90735e-07
    endloop
  endfacet
  facet normal 1 0 0
    outer loop
      vertex 2.75 25.75 -1.2
      vertex 2.75 3.25 -1.90735e-07
      vertex 2.75 3.25 -1.2
    endloop
  endfacet
  facet normal -0.897012 0.442006 0
    outer loop
      vertex 71.183 3 -1.2
      vertex 71.2119 3.05865 -1.90735e-07
      vertex 71.2119 3.05865 -1.2
    endloop
  endfacet
  facet normal -0.897012 0.442006 0
    outer loop
      vertex 71.2119 3.05865 -1.90735e-07
      vertex 71.183 3 -1.2
      vertex 71.183 3 -1.90735e-07
    endloop
  endfacet
  facet normal -0.946584 0.322456 0
    outer loop
      vertex 71.2119 3.05865 -1.2
      vertex 71.233 3.12059 -1.90735e-07
      vertex 71.233 3.12059 -1.2
    endloop
  endfacet
  facet normal -0.946584 0.322456 0
    outer loop
      vertex 71.233 3.12059 -1.90735e-07
      vertex 71.2119 3.05865 -1.2
      vertex 71.2119 3.05865 -1.90735e-07
    endloop
  endfacet
  facet normal 0 -1 0
    outer loop
      vertex 3.25 26.25 -1.2
      vertex 70.75 26.25 -1.90735e-07
      vertex 3.25 26.25 -1.90735e-07
    endloop
  endfacet
  facet normal 0 -1 -0
    outer loop
      vertex 70.75 26.25 -1.90735e-07
      vertex 3.25 26.25 -1.2
      vertex 70.75 26.25 -1.2
    endloop
  endfacet
  facet normal 0.89683 0.442375 0
    outer loop
      vertex 2.81699 3 -1.90735e-07
      vertex 2.78806 3.05865 -1.2
      vertex 2.78806 3.05865 -1.90735e-07
    endloop
  endfacet
  facet normal 0.89683 0.442375 0
    outer loop
      vertex 2.78806 3.05865 -1.2
      vertex 2.81699 3 -1.90735e-07
      vertex 2.81699 3 -1.2
    endloop
  endfacet
  facet normal 0.659424 0.751771 -0
    outer loop
      vertex 2.94562 2.85332 -1.2
      vertex 2.89645 2.89645 -1.90735e-07
      vertex 2.94562 2.85332 -1.90735e-07
    endloop
  endfacet
  facet normal 0.659424 0.751771 0
    outer loop
      vertex 2.89645 2.89645 -1.90735e-07
      vertex 2.94562 2.85332 -1.2
      vertex 2.89645 2.89645 -1.2
    endloop
  endfacet
  facet normal 0 1 -0
    outer loop
      vertex 70.75 2.75 -1.2
      vertex 3.25 2.75 -1.90735e-07
      vertex 70.75 2.75 -1.90735e-07
    endloop
  endfacet
  facet normal 0 1 0
    outer loop
      vertex 3.25 2.75 -1.90735e-07
      vertex 70.75 2.75 -1.2
      vertex 3.25 2.75 -1.2
    endloop
  endfacet
  facet normal 0.997866 0.065291 0
    outer loop
      vertex 2.75427 3.18474 -1.90735e-07
      vertex 2.75 3.25 -1.2
      vertex 2.75 3.25 -1.90735e-07
    endloop
  endfacet
  facet normal 0.997866 0.065291 0
    outer loop
      vertex 2.75 3.25 -1.2
      vertex 2.75427 3.18474 -1.90735e-07
      vertex 2.75427 3.18474 -1.2
    endloop
  endfacet
  facet normal -0.980961 0.194204 0
    outer loop
      vertex 71.233 3.12059 -1.2
      vertex 71.2457 3.18474 -1.90735e-07
      vertex 71.2457 3.18474 -1.2
    endloop
  endfacet
  facet normal -0.980961 0.194204 0
    outer loop
      vertex 71.2457 3.18474 -1.90735e-07
      vertex 71.233 3.12059 -1.2
      vertex 71.233 3.12059 -1.90735e-07
    endloop
  endfacet
  facet normal 0.751771 0.659424 0
    outer loop
      vertex 2.89645 2.89645 -1.90735e-07
      vertex 2.85332 2.94562 -1.2
      vertex 2.85332 2.94562 -1.90735e-07
    endloop
  endfacet
  facet normal 0.751771 0.659424 0
    outer loop
      vertex 2.85332 2.94562 -1.2
      vertex 2.89645 2.89645 -1.90735e-07
      vertex 2.89645 2.89645 -1.2
    endloop
  endfacet
  facet normal -1 0 0
    outer loop
      vertex 71.25 3.25 -1.2
      vertex 71.25 25.75 -1.90735e-07
      vertex 71.25 25.75 -1.2
    endloop
  endfacet
  facet normal -1 -0 0
    outer loop
      vertex 71.25 25.75 -1.90735e-07
      vertex 71.25 3.25 -1.2
      vertex 71.25 3.25 -1.90735e-07
    endloop
  endfacet
  facet normal 0.997869 -0.0652511 0
    outer loop
      vertex 2.75 25.75 -1.90735e-07
      vertex 2.75427 25.8153 -1.2
      vertex 2.75427 25.8153 -1.90735e-07
    endloop
  endfacet
  facet normal 0.997869 -0.0652511 0
    outer loop
      vertex 2.75427 25.8153 -1.2
      vertex 2.75 25.75 -1.90735e-07
      vertex 2.75 25.75 -1.2
    endloop
  endfacet
  facet normal 0.751305 -0.659955 0
    outer loop
      vertex 2.85332 26.0544 -1.90735e-07
      vertex 2.89645 26.1035 -1.2
      vertex 2.89645 26.1035 -1.90735e-07
    endloop
  endfacet
  facet normal 0.751305 -0.659955 0
    outer loop
      vertex 2.89645 26.1035 -1.2
      vertex 2.85332 26.0544 -1.90735e-07
      vertex 2.85332 26.0544 -1.2
    endloop
  endfacet
  facet normal 0.32136 0.946957 -0
    outer loop
      vertex 3.12059 2.76704 -1.2
      vertex 3.05865 2.78806 -1.90735e-07
      vertex 3.12059 2.76704 -1.90735e-07
    endloop
  endfacet
  facet normal 0.32136 0.946957 0
    outer loop
      vertex 3.05865 2.78806 -1.90735e-07
      vertex 3.12059 2.76704 -1.2
      vertex 3.05865 2.78806 -1.2
    endloop
  endfacet
  facet normal -0.831815 -0.555053 0
    outer loop
      vertex 71.183 26 -1.2
      vertex 71.1467 26.0544 -1.90735e-07
      vertex 71.1467 26.0544 -1.2
    endloop
  endfacet
  facet normal -0.831815 -0.555053 0
    outer loop
      vertex 71.1467 26.0544 -1.90735e-07
      vertex 71.183 26 -1.2
      vertex 71.183 26 -1.90735e-07
    endloop
  endfacet
  facet normal 0.0657477 -0.997836 0
    outer loop
      vertex 3.18474 26.2457 -1.2
      vertex 3.25 26.25 -1.90735e-07
      vertex 3.18474 26.2457 -1.90735e-07
    endloop
  endfacet
  facet normal 0.0657477 -0.997836 0
    outer loop
      vertex 3.25 26.25 -1.90735e-07
      vertex 3.18474 26.2457 -1.2
      vertex 3.25 26.25 -1.2
    endloop
  endfacet
  facet normal 0.980728 -0.195381 0
    outer loop
      vertex 2.75427 25.8153 -1.90735e-07
      vertex 2.76704 25.8794 -1.2
      vertex 2.76704 25.8794 -1.90735e-07
    endloop
  endfacet
  facet normal 0.980728 -0.195381 0
    outer loop
      vertex 2.76704 25.8794 -1.2
      vertex 2.75427 25.8153 -1.90735e-07
      vertex 2.75427 25.8153 -1.2
    endloop
  endfacet
  facet normal 0.555512 0.831509 -0
    outer loop
      vertex 3 2.81699 -1.2
      vertex 2.94562 2.85332 -1.90735e-07
      vertex 3 2.81699 -1.90735e-07
    endloop
  endfacet
  facet normal 0.555512 0.831509 0
    outer loop
      vertex 2.94562 2.85332 -1.90735e-07
      vertex 3 2.81699 -1.2
      vertex 2.94562 2.85332 -1.2
    endloop
  endfacet
  facet normal -0.897161 -0.441703 0
    outer loop
      vertex 71.2119 25.9413 -1.2
      vertex 71.183 26 -1.90735e-07
      vertex 71.183 26 -1.2
    endloop
  endfacet
  facet normal -0.897161 -0.441703 0
    outer loop
      vertex 71.183 26 -1.90735e-07
      vertex 71.2119 25.9413 -1.2
      vertex 71.2119 25.9413 -1.90735e-07
    endloop
  endfacet
  facet normal -0.19435 -0.980932 0
    outer loop
      vertex 70.8153 26.2457 -1.2
      vertex 70.8794 26.233 -1.90735e-07
      vertex 70.8153 26.2457 -1.90735e-07
    endloop
  endfacet
  facet normal -0.19435 -0.980932 -0
    outer loop
      vertex 70.8794 26.233 -1.90735e-07
      vertex 70.8153 26.2457 -1.2
      vertex 70.8794 26.233 -1.2
    endloop
  endfacet
  facet normal -0.441703 -0.897161 0
    outer loop
      vertex 70.9413 26.2119 -1.2
      vertex 71 26.183 -1.90735e-07
      vertex 70.9413 26.2119 -1.90735e-07
    endloop
  endfacet
  facet normal -0.441703 -0.897161 -0
    outer loop
      vertex 71 26.183 -1.90735e-07
      vertex 70.9413 26.2119 -1.2
      vertex 71 26.183 -1.2
    endloop
  endfacet
  facet normal -0.980932 -0.19435 0
    outer loop
      vertex 71.2457 25.8153 -1.2
      vertex 71.233 25.8794 -1.90735e-07
      vertex 71.233 25.8794 -1.2
    endloop
  endfacet
  facet normal -0.980932 -0.19435 0
    outer loop
      vertex 71.233 25.8794 -1.90735e-07
      vertex 71.2457 25.8153 -1.2
      vertex 71.2457 25.8153 -1.90735e-07
    endloop
  endfacet
  facet normal 0.831603 -0.55537 0
    outer loop
      vertex 2.81699 26 -1.90735e-07
      vertex 2.85332 26.0544 -1.2
      vertex 2.85332 26.0544 -1.90735e-07
    endloop
  endfacet
  facet normal 0.831603 -0.55537 0
    outer loop
      vertex 2.85332 26.0544 -1.2
      vertex 2.81699 26 -1.90735e-07
      vertex 2.81699 26 -1.2
    endloop
  endfacet
  facet normal -0.322643 -0.946521 0
    outer loop
      vertex 70.8794 26.233 -1.2
      vertex 70.9413 26.2119 -1.90735e-07
      vertex 70.8794 26.233 -1.90735e-07
    endloop
  endfacet
  facet normal -0.322643 -0.946521 -0
    outer loop
      vertex 70.9413 26.2119 -1.90735e-07
      vertex 70.8794 26.233 -1.2
      vertex 70.9413 26.2119 -1.2
    endloop
  endfacet
  facet normal -0.555053 -0.831815 0
    outer loop
      vertex 71 26.183 -1.2
      vertex 71.0544 26.1467 -1.90735e-07
      vertex 71 26.183 -1.90735e-07
    endloop
  endfacet
  facet normal -0.555053 -0.831815 -0
    outer loop
      vertex 71.0544 26.1467 -1.90735e-07
      vertex 71 26.183 -1.2
      vertex 71.0544 26.1467 -1.2
    endloop
  endfacet
  facet normal 0.946957 0.32136 0
    outer loop
      vertex 2.78806 3.05865 -1.90735e-07
      vertex 2.76704 3.12059 -1.2
      vertex 2.76704 3.12059 -1.90735e-07
    endloop
  endfacet
  facet normal 0.946957 0.32136 0
    outer loop
      vertex 2.76704 3.12059 -1.2
      vertex 2.78806 3.05865 -1.90735e-07
      vertex 2.78806 3.05865 -1.2
    endloop
  endfacet
  facet normal -0.750774 -0.660559 0
    outer loop
      vertex 71.1467 26.0544 -1.2
      vertex 71.1035 26.1035 -1.90735e-07
      vertex 71.1035 26.1035 -1.2
    endloop
  endfacet
  facet normal -0.750774 -0.660559 0
    outer loop
      vertex 71.1035 26.1035 -1.90735e-07
      vertex 71.1467 26.0544 -1.2
      vertex 71.1467 26.0544 -1.90735e-07
    endloop
  endfacet
  facet normal 0.442006 -0.897012 0
    outer loop
      vertex 3 26.183 -1.2
      vertex 3.05865 26.2119 -1.90735e-07
      vertex 3 26.183 -1.90735e-07
    endloop
  endfacet
  facet normal 0.442006 -0.897012 0
    outer loop
      vertex 3.05865 26.2119 -1.90735e-07
      vertex 3 26.183 -1.2
      vertex 3.05865 26.2119 -1.2
    endloop
  endfacet
  facet normal 0.831509 0.555512 0
    outer loop
      vertex 2.85332 2.94562 -1.90735e-07
      vertex 2.81699 3 -1.2
      vertex 2.81699 3 -1.90735e-07
    endloop
  endfacet
  facet normal 0.831509 0.555512 0
    outer loop
      vertex 2.81699 3 -1.2
      vertex 2.85332 2.94562 -1.90735e-07
      vertex 2.85332 2.94562 -1.2
    endloop
  endfacet
  facet normal 0.194204 -0.980961 0
    outer loop
      vertex 3.12059 26.233 -1.2
      vertex 3.18474 26.2457 -1.90735e-07
      vertex 3.12059 26.233 -1.90735e-07
    endloop
  endfacet
  facet normal 0.194204 -0.980961 0
    outer loop
      vertex 3.18474 26.2457 -1.90735e-07
      vertex 3.12059 26.233 -1.2
      vertex 3.18474 26.2457 -1.2
    endloop
  endfacet
  facet normal -0.997839 -0.0657076 0
    outer loop
      vertex 71.25 25.75 -1.2
      vertex 71.2457 25.8153 -1.90735e-07
      vertex 71.2457 25.8153 -1.2
    endloop
  endfacet
  facet normal -0.997839 -0.0657076 0
    outer loop
      vertex 71.2457 25.8153 -1.90735e-07
      vertex 71.25 25.75 -1.2
      vertex 71.25 25.75 -1.90735e-07
    endloop
  endfacet
  facet normal 0.946894 -0.321546 0
    outer loop
      vertex 2.76704 25.8794 -1.90735e-07
      vertex 2.78806 25.9413 -1.2
      vertex 2.78806 25.9413 -1.90735e-07
    endloop
  endfacet
  facet normal 0.946894 -0.321546 0
    outer loop
      vertex 2.78806 25.9413 -1.2
      vertex 2.76704 25.8794 -1.90735e-07
      vertex 2.76704 25.8794 -1.2
    endloop
  endfacet
  facet normal 0.322456 -0.946584 0
    outer loop
      vertex 3.05865 26.2119 -1.2
      vertex 3.12059 26.233 -1.90735e-07
      vertex 3.05865 26.2119 -1.90735e-07
    endloop
  endfacet
  facet normal 0.322456 -0.946584 0
    outer loop
      vertex 3.12059 26.233 -1.90735e-07
      vertex 3.05865 26.2119 -1.2
      vertex 3.12059 26.233 -1.2
    endloop
  endfacet
  facet normal 0.555194 -0.831721 0
    outer loop
      vertex 2.94562 26.1467 -1.2
      vertex 3 26.183 -1.90735e-07
      vertex 2.94562 26.1467 -1.90735e-07
    endloop
  endfacet
  facet normal 0.555194 -0.831721 0
    outer loop
      vertex 3 26.183 -1.90735e-07
      vertex 2.94562 26.1467 -1.2
      vertex 3 26.183 -1.2
    endloop
  endfacet
  facet normal -0.321546 0.946894 0
    outer loop
      vertex 70.9413 2.78806 -1.2
      vertex 70.8794 2.76704 -1.90735e-07
      vertex 70.9413 2.78806 -1.90735e-07
    endloop
  endfacet
  facet normal -0.321546 0.946894 0
    outer loop
      vertex 70.8794 2.76704 -1.90735e-07
      vertex 70.9413 2.78806 -1.2
      vertex 70.8794 2.76704 -1.2
    endloop
  endfacet
  facet normal 0.660028 -0.751241 0
    outer loop
      vertex 2.89645 26.1035 -1.2
      vertex 2.94562 26.1467 -1.90735e-07
      vertex 2.89645 26.1035 -1.90735e-07
    endloop
  endfacet
  facet normal 0.660028 -0.751241 0
    outer loop
      vertex 2.94562 26.1467 -1.90735e-07
      vertex 2.89645 26.1035 -1.2
      vertex 2.94562 26.1467 -1.2
    endloop
  endfacet
  facet normal -0.946521 -0.322643 0
    outer loop
      vertex 71.233 25.8794 -1.2
      vertex 71.2119 25.9413 -1.90735e-07
      vertex 71.2119 25.9413 -1.2
    endloop
  endfacet
  facet normal -0.946521 -0.322643 0
    outer loop
      vertex 71.2119 25.9413 -1.90735e-07
      vertex 71.233 25.8794 -1.2
      vertex 71.233 25.8794 -1.90735e-07
    endloop
  endfacet
  facet normal -0.751241 0.660028 0
    outer loop
      vertex 71.1035 2.89645 -1.2
      vertex 71.1467 2.94562 -1.90735e-07
      vertex 71.1467 2.94562 -1.2
    endloop
  endfacet
  facet normal -0.751241 0.660028 0
    outer loop
      vertex 71.1467 2.94562 -1.90735e-07
      vertex 71.1035 2.89645 -1.2
      vertex 71.1035 2.89645 -1.90735e-07
    endloop
  endfacet
  facet normal -0.659955 0.751305 0
    outer loop
      vertex 71.1035 2.89645 -1.2
      vertex 71.0544 2.85332 -1.90735e-07
      vertex 71.1035 2.89645 -1.90735e-07
    endloop
  endfacet
  facet normal -0.659955 0.751305 0
    outer loop
      vertex 71.0544 2.85332 -1.90735e-07
      vertex 71.1035 2.89645 -1.2
      vertex 71.0544 2.85332 -1.2
    endloop
  endfacet
  facet normal -0.997836 0.0657477 0
    outer loop
      vertex 71.2457 3.18474 -1.2
      vertex 71.25 3.25 -1.90735e-07
      vertex 71.25 3.25 -1.2
    endloop
  endfacet
  facet normal -0.997836 0.0657477 0
    outer loop
      vertex 71.25 3.25 -1.90735e-07
      vertex 71.2457 3.18474 -1.2
      vertex 71.2457 3.18474 -1.90735e-07
    endloop
  endfacet
  facet normal 0.442375 0.89683 -0
    outer loop
      vertex 3.05865 2.78806 -1.2
      vertex 3 2.81699 -1.90735e-07
      vertex 3.05865 2.78806 -1.90735e-07
    endloop
  endfacet
  facet normal 0.442375 0.89683 0
    outer loop
      vertex 3 2.81699 -1.90735e-07
      vertex 3.05865 2.78806 -1.2
      vertex 3 2.81699 -1.2
    endloop
  endfacet
  facet normal 0.89698 -0.442072 0
    outer loop
      vertex 2.78806 25.9413 -1.90735e-07
      vertex 2.81699 26 -1.2
      vertex 2.81699 26 -1.90735e-07
    endloop
  endfacet
  facet normal 0.89698 -0.442072 0
    outer loop
      vertex 2.81699 26 -1.2
      vertex 2.78806 25.9413 -1.90735e-07
      vertex 2.78806 25.9413 -1.2
    endloop
  endfacet
  facet normal 0.980757 0.195234 0
    outer loop
      vertex 2.76704 3.12059 -1.90735e-07
      vertex 2.75427 3.18474 -1.2
      vertex 2.75427 3.18474 -1.90735e-07
    endloop
  endfacet
  facet normal 0.980757 0.195234 0
    outer loop
      vertex 2.75427 3.18474 -1.2
      vertex 2.76704 3.12059 -1.90735e-07
      vertex 2.76704 3.12059 -1.2
    endloop
  endfacet
  facet normal -0.195381 0.980728 0
    outer loop
      vertex 70.8794 2.76704 -1.2
      vertex 70.8153 2.75427 -1.90735e-07
      vertex 70.8794 2.76704 -1.90735e-07
    endloop
  endfacet
  facet normal -0.195381 0.980728 0
    outer loop
      vertex 70.8153 2.75427 -1.90735e-07
      vertex 70.8794 2.76704 -1.2
      vertex 70.8153 2.75427 -1.2
    endloop
  endfacet
  facet normal -0.831721 0.555194 0
    outer loop
      vertex 71.1467 2.94562 -1.2
      vertex 71.183 3 -1.90735e-07
      vertex 71.183 3 -1.2
    endloop
  endfacet
  facet normal -0.831721 0.555194 0
    outer loop
      vertex 71.183 3 -1.90735e-07
      vertex 71.1467 2.94562 -1.2
      vertex 71.1467 2.94562 -1.90735e-07
    endloop
  endfacet
  facet normal -0.442072 0.89698 0
    outer loop
      vertex 71 2.81699 -1.2
      vertex 70.9413 2.78806 -1.90735e-07
      vertex 71 2.81699 -1.90735e-07
    endloop
  endfacet
  facet normal -0.442072 0.89698 0
    outer loop
      vertex 70.9413 2.78806 -1.90735e-07
      vertex 71 2.81699 -1.2
      vertex 70.9413 2.78806 -1.2
    endloop
  endfacet
  facet normal -0.660559 -0.750774 0
    outer loop
      vertex 71.0544 26.1467 -1.2
      vertex 71.1035 26.1035 -1.90735e-07
      vertex 71.0544 26.1467 -1.90735e-07
    endloop
  endfacet
  facet normal -0.660559 -0.750774 -0
    outer loop
      vertex 71.1035 26.1035 -1.90735e-07
      vertex 71.0544 26.1467 -1.2
      vertex 71.1035 26.1035 -1.2
    endloop
  endfacet
  facet normal 0.321446 -0.946928 0
    outer loop
      vertex 71.7765 0.102219 0
      vertex 72.1481 0.228363 2
      vertex 71.7765 0.102219 2
    endloop
  endfacet
  facet normal 0.321446 -0.946928 0
    outer loop
      vertex 72.1481 0.228363 2
      vertex 71.7765 0.102219 0
      vertex 72.1481 0.228363 0
    endloop
  endfacet
  facet normal 0 -1 0
    outer loop
      vertex 3 0 0
      vertex 71 0 2
      vertex 3 0 2
    endloop
  endfacet
  facet normal 0 -1 -0
    outer loop
      vertex 71 0 2
      vertex 3 0 0
      vertex 71 0 0
    endloop
  endfacet
  facet normal 0.195072 -0.980789 0
    outer loop
      vertex 71.3916 0.0256653 0
      vertex 71.7765 0.102219 2
      vertex 71.3916 0.0256653 2
    endloop
  endfacet
  facet normal 0.195072 -0.980789 0
    outer loop
      vertex 71.7765 0.102219 2
      vertex 71.3916 0.0256653 0
      vertex 71.7765 0.102219 0
    endloop
  endfacet
  facet normal -0.0654923 0.997853 0
    outer loop
      vertex 3 29 0
      vertex 2.60843 28.9743 2
      vertex 3 29 2
    endloop
  endfacet
  facet normal -0.0654923 0.997853 0
    outer loop
      vertex 2.60843 28.9743 2
      vertex 3 29 0
      vertex 2.60843 28.9743 0
    endloop
  endfacet
  facet normal -0.555547 0.831485 0
    outer loop
      vertex 1.5 28.5981 0
      vertex 1.17372 28.3801 2
      vertex 1.5 28.5981 2
    endloop
  endfacet
  facet normal -0.555547 0.831485 0
    outer loop
      vertex 1.17372 28.3801 2
      vertex 1.5 28.5981 0
      vertex 1.17372 28.3801 0
    endloop
  endfacet
  facet normal 0.0653993 -0.997859 0
    outer loop
      vertex 71 0 0
      vertex 71.3916 0.0256653 2
      vertex 71 0 2
    endloop
  endfacet
  facet normal 0.0653993 -0.997859 0
    outer loop
      vertex 71.3916 0.0256653 2
      vertex 71 0 0
      vertex 71.3916 0.0256653 0
    endloop
  endfacet
  facet normal -0.555577 -0.831465 0
    outer loop
      vertex 1.17372 0.619934 0
      vertex 1.5 0.401917 2
      vertex 1.17372 0.619934 2
    endloop
  endfacet
  facet normal -0.555577 -0.831465 -0
    outer loop
      vertex 1.5 0.401917 2
      vertex 1.17372 0.619934 0
      vertex 1.5 0.401917 0
    endloop
  endfacet
  facet normal -0.751843 -0.659342 0
    outer loop
      vertex 0.878677 0.878677 0
      vertex 0.619934 1.17372 2
      vertex 0.619934 1.17372 0
    endloop
  endfacet
  facet normal -0.751843 -0.659342 0
    outer loop
      vertex 0.619934 1.17372 2
      vertex 0.878677 0.878677 0
      vertex 0.878677 0.878677 2
    endloop
  endfacet
  facet normal -0.442281 -0.896876 0
    outer loop
      vertex 1.5 0.401917 0
      vertex 1.85194 0.228363 2
      vertex 1.5 0.401917 2
    endloop
  endfacet
  facet normal -0.442281 -0.896876 -0
    outer loop
      vertex 1.85194 0.228363 2
      vertex 1.5 0.401917 0
      vertex 1.85194 0.228363 0
    endloop
  endfacet
  facet normal -0.896856 0.442322 0
    outer loop
      vertex 0.228363 27.1481 0
      vertex 0.401917 27.5 2
      vertex 0.401917 27.5 0
    endloop
  endfacet
  facet normal -0.896856 0.442322 0
    outer loop
      vertex 0.401917 27.5 2
      vertex 0.228363 27.1481 0
      vertex 0.228363 27.1481 2
    endloop
  endfacet
  facet normal -1 0 0
    outer loop
      vertex 0 3 0
      vertex 0 26 2
      vertex 0 26 0
    endloop
  endfacet
  facet normal -1 -0 0
    outer loop
      vertex 0 26 2
      vertex 0 3 0
      vertex 0 3 2
    endloop
  endfacet
  facet normal 0.980814 -0.194945 0
    outer loop
      vertex 73.8978 2.22354 2
      vertex 73.9743 2.60843 0
      vertex 73.9743 2.60843 2
    endloop
  endfacet
  facet normal 0.980814 -0.194945 0
    outer loop
      vertex 73.9743 2.60843 0
      vertex 73.8978 2.22354 2
      vertex 73.8978 2.22354 0
    endloop
  endfacet
  facet normal -0.831465 -0.555577 0
    outer loop
      vertex 0.619934 1.17372 0
      vertex 0.401917 1.5 2
      vertex 0.401917 1.5 0
    endloop
  endfacet
  facet normal -0.831465 -0.555577 0
    outer loop
      vertex 0.401917 1.5 2
      vertex 0.619934 1.17372 0
      vertex 0.619934 1.17372 2
    endloop
  endfacet
  facet normal 0.659478 0.751724 -0
    outer loop
      vertex 73.1213 28.1213 0
      vertex 72.8263 28.3801 2
      vertex 73.1213 28.1213 2
    endloop
  endfacet
  facet normal 0.659478 0.751724 0
    outer loop
      vertex 72.8263 28.3801 2
      vertex 73.1213 28.1213 0
      vertex 72.8263 28.3801 0
    endloop
  endfacet
  facet normal -0.321446 -0.946928 0
    outer loop
      vertex 1.85194 0.228363 0
      vertex 2.22354 0.102219 2
      vertex 1.85194 0.228363 2
    endloop
  endfacet
  facet normal -0.321446 -0.946928 -0
    outer loop
      vertex 2.22354 0.102219 2
      vertex 1.85194 0.228363 0
      vertex 2.22354 0.102219 0
    endloop
  endfacet
  facet normal 0 1 -0
    outer loop
      vertex 71 29 0
      vertex 3 29 2
      vertex 71 29 2
    endloop
  endfacet
  facet normal 0 1 0
    outer loop
      vertex 3 29 2
      vertex 71 29 0
      vertex 3 29 0
    endloop
  endfacet
  facet normal -0.194945 0.980814 0
    outer loop
      vertex 2.60843 28.9743 0
      vertex 2.22354 28.8978 2
      vertex 2.60843 28.9743 2
    endloop
  endfacet
  facet normal -0.194945 0.980814 0
    outer loop
      vertex 2.22354 28.8978 2
      vertex 2.60843 28.9743 0
      vertex 2.22354 28.8978 0
    endloop
  endfacet
  facet normal -0.442171 0.896931 0
    outer loop
      vertex 1.85194 28.7716 0
      vertex 1.5 28.5981 2
      vertex 1.85194 28.7716 2
    endloop
  endfacet
  facet normal -0.442171 0.896931 0
    outer loop
      vertex 1.5 28.5981 2
      vertex 1.85194 28.7716 0
      vertex 1.5 28.5981 0
    endloop
  endfacet
  facet normal 0.997853 0.0654873 0
    outer loop
      vertex 74 26 2
      vertex 73.9743 26.3916 0
      vertex 73.9743 26.3916 2
    endloop
  endfacet
  facet normal 0.997853 0.0654873 0
    outer loop
      vertex 73.9743 26.3916 0
      vertex 74 26 2
      vertex 74 26 0
    endloop
  endfacet
  facet normal 1 -0 0
    outer loop
      vertex 74 3 2
      vertex 74 26 0
      vertex 74 26 2
    endloop
  endfacet
  facet normal 1 0 0
    outer loop
      vertex 74 26 0
      vertex 74 3 2
      vertex 74 3 0
    endloop
  endfacet
  facet normal -0.321574 0.946885 0
    outer loop
      vertex 2.22354 28.8978 0
      vertex 1.85194 28.7716 2
      vertex 2.22354 28.8978 2
    endloop
  endfacet
  facet normal -0.321574 0.946885 0
    outer loop
      vertex 1.85194 28.7716 2
      vertex 2.22354 28.8978 0
      vertex 1.85194 28.7716 0
    endloop
  endfacet
  facet normal 0.751724 0.659478 0
    outer loop
      vertex 73.3801 27.8263 2
      vertex 73.1213 28.1213 0
      vertex 73.1213 28.1213 2
    endloop
  endfacet
  facet normal 0.751724 0.659478 0
    outer loop
      vertex 73.1213 28.1213 0
      vertex 73.3801 27.8263 2
      vertex 73.3801 27.8263 0
    endloop
  endfacet
  facet normal -0.997859 -0.0654043 0
    outer loop
      vertex 0.0256653 2.60843 0
      vertex 0 3 2
      vertex 0 3 0
    endloop
  endfacet
  facet normal -0.997859 -0.0654043 0
    outer loop
      vertex 0 3 2
      vertex 0.0256653 2.60843 0
      vertex 0.0256653 2.60843 2
    endloop
  endfacet
  facet normal 0.19494 0.980815 -0
    outer loop
      vertex 71.7765 28.8978 0
      vertex 71.3916 28.9743 2
      vertex 71.7765 28.8978 2
    endloop
  endfacet
  facet normal 0.19494 0.980815 0
    outer loop
      vertex 71.3916 28.9743 2
      vertex 71.7765 28.8978 0
      vertex 71.3916 28.9743 0
    endloop
  endfacet
  facet normal -0.195076 -0.980788 0
    outer loop
      vertex 2.22354 0.102219 0
      vertex 2.60843 0.0256653 2
      vertex 2.22354 0.102219 2
    endloop
  endfacet
  facet normal -0.195076 -0.980788 -0
    outer loop
      vertex 2.60843 0.0256653 2
      vertex 2.22354 0.102219 0
      vertex 2.60843 0.0256653 0
    endloop
  endfacet
  facet normal -0.0654043 -0.997859 0
    outer loop
      vertex 2.60843 0.0256653 0
      vertex 3 0 2
      vertex 2.60843 0.0256653 2
    endloop
  endfacet
  facet normal -0.0654043 -0.997859 -0
    outer loop
      vertex 3 0 2
      vertex 2.60843 0.0256653 0
      vertex 3 0 0
    endloop
  endfacet
  facet normal 0.321574 0.946885 -0
    outer loop
      vertex 72.1481 28.7716 0
      vertex 71.7765 28.8978 2
      vertex 72.1481 28.7716 2
    endloop
  endfacet
  facet normal 0.321574 0.946885 0
    outer loop
      vertex 71.7765 28.8978 2
      vertex 72.1481 28.7716 0
      vertex 71.7765 28.8978 0
    endloop
  endfacet
  facet normal -0.751796 0.659396 0
    outer loop
      vertex 0.619934 27.8263 0
      vertex 0.878677 28.1213 2
      vertex 0.878677 28.1213 0
    endloop
  endfacet
  facet normal -0.751796 0.659396 0
    outer loop
      vertex 0.878677 28.1213 2
      vertex 0.619934 27.8263 0
      vertex 0.619934 27.8263 2
    endloop
  endfacet
  facet normal -0.831481 0.555553 0
    outer loop
      vertex 0.401917 27.5 0
      vertex 0.619934 27.8263 2
      vertex 0.619934 27.8263 0
    endloop
  endfacet
  facet normal -0.831481 0.555553 0
    outer loop
      vertex 0.619934 27.8263 2
      vertex 0.401917 27.5 0
      vertex 0.401917 27.5 2
    endloop
  endfacet
  facet normal -0.659342 -0.751843 0
    outer loop
      vertex 0.878677 0.878677 0
      vertex 1.17372 0.619934 2
      vertex 0.878677 0.878677 2
    endloop
  endfacet
  facet normal -0.659342 -0.751843 -0
    outer loop
      vertex 1.17372 0.619934 2
      vertex 0.878677 0.878677 0
      vertex 1.17372 0.619934 0
    endloop
  endfacet
  facet normal -0.946928 0.321446 0
    outer loop
      vertex 0.102219 26.7765 0
      vertex 0.228363 27.1481 2
      vertex 0.228363 27.1481 0
    endloop
  endfacet
  facet normal -0.946928 0.321446 0
    outer loop
      vertex 0.228363 27.1481 2
      vertex 0.102219 26.7765 0
      vertex 0.102219 26.7765 2
    endloop
  endfacet
  facet normal 0.0654873 0.997853 -0
    outer loop
      vertex 71.3916 28.9743 0
      vertex 71 29 2
      vertex 71.3916 28.9743 2
    endloop
  endfacet
  facet normal 0.0654873 0.997853 0
    outer loop
      vertex 71 29 2
      vertex 71.3916 28.9743 0
      vertex 71 29 0
    endloop
  endfacet
  facet normal -0.659424 0.751771 0
    outer loop
      vertex 1.17372 28.3801 0
      vertex 0.878677 28.1213 2
      vertex 1.17372 28.3801 2
    endloop
  endfacet
  facet normal -0.659424 0.751771 0
    outer loop
      vertex 0.878677 28.1213 2
      vertex 1.17372 28.3801 0
      vertex 0.878677 28.1213 0
    endloop
  endfacet
  facet normal 0.751771 -0.659424 0
    outer loop
      vertex 73.1213 0.878677 2
      vertex 73.3801 1.17372 0
      vertex 73.3801 1.17372 2
    endloop
  endfacet
  facet normal 0.751771 -0.659424 0
    outer loop
      vertex 73.3801 1.17372 0
      vertex 73.1213 0.878677 2
      vertex 73.1213 0.878677 0
    endloop
  endfacet
  facet normal 0.659396 -0.751796 0
    outer loop
      vertex 72.8263 0.619934 0
      vertex 73.1213 0.878677 2
      vertex 72.8263 0.619934 2
    endloop
  endfacet
  facet normal 0.659396 -0.751796 0
    outer loop
      vertex 73.1213 0.878677 2
      vertex 72.8263 0.619934 0
      vertex 73.1213 0.878677 0
    endloop
  endfacet
  facet normal -0.980789 0.195072 0
    outer loop
      vertex 0.0256653 26.3916 0
      vertex 0.102219 26.7765 2
      vertex 0.102219 26.7765 0
    endloop
  endfacet
  facet normal -0.980789 0.195072 0
    outer loop
      vertex 0.102219 26.7765 2
      vertex 0.0256653 26.3916 0
      vertex 0.0256653 26.3916 2
    endloop
  endfacet
  facet normal -0.997859 0.0653993 0
    outer loop
      vertex 0 26 0
      vertex 0.0256653 26.3916 2
      vertex 0.0256653 26.3916 0
    endloop
  endfacet
  facet normal -0.997859 0.0653993 0
    outer loop
      vertex 0.0256653 26.3916 2
      vertex 0 26 0
      vertex 0 26 2
    endloop
  endfacet
  facet normal -0.896876 -0.442281 0
    outer loop
      vertex 0.401917 1.5 0
      vertex 0.228363 1.85194 2
      vertex 0.228363 1.85194 0
    endloop
  endfacet
  facet normal -0.896876 -0.442281 0
    outer loop
      vertex 0.228363 1.85194 2
      vertex 0.401917 1.5 0
      vertex 0.401917 1.5 2
    endloop
  endfacet
  facet normal 0.946885 0.321574 0
    outer loop
      vertex 73.8978 26.7765 2
      vertex 73.7716 27.1481 0
      vertex 73.7716 27.1481 2
    endloop
  endfacet
  facet normal 0.946885 0.321574 0
    outer loop
      vertex 73.7716 27.1481 0
      vertex 73.8978 26.7765 2
      vertex 73.8978 26.7765 0
    endloop
  endfacet
  facet normal 0.896931 -0.442171 0
    outer loop
      vertex 73.5981 1.5 2
      vertex 73.7716 1.85194 0
      vertex 73.7716 1.85194 2
    endloop
  endfacet
  facet normal 0.896931 -0.442171 0
    outer loop
      vertex 73.7716 1.85194 0
      vertex 73.5981 1.5 2
      vertex 73.5981 1.5 0
    endloop
  endfacet
  facet normal 0.831501 0.555523 0
    outer loop
      vertex 73.5981 27.5 2
      vertex 73.3801 27.8263 0
      vertex 73.3801 27.8263 2
    endloop
  endfacet
  facet normal 0.831501 0.555523 0
    outer loop
      vertex 73.3801 27.8263 0
      vertex 73.5981 27.5 2
      vertex 73.5981 27.5 0
    endloop
  endfacet
  facet normal 0 0 -1
    outer loop
      vertex 71 0 0
      vertex 74 3 0
      vertex 73.9743 2.60843 0
    endloop
  endfacet
  facet normal -0 0 -1
    outer loop
      vertex 74 3 0
      vertex 71 0 0
      vertex 74 26 0
    endloop
  endfacet
  facet normal 0 0 -1
    outer loop
      vertex 71 0 0
      vertex 73.9743 2.60843 0
      vertex 73.8978 2.22354 0
    endloop
  endfacet
  facet normal 0 0 -1
    outer loop
      vertex 71 29 0
      vertex 74 26 0
      vertex 71 0 0
    endloop
  endfacet
  facet normal 0 0 -1
    outer loop
      vertex 71 0 0
      vertex 73.8978 2.22354 0
      vertex 73.7716 1.85194 0
    endloop
  endfacet
  facet normal 0 0 -1
    outer loop
      vertex 74 26 0
      vertex 71 29 0
      vertex 73.9743 26.3916 0
    endloop
  endfacet
  facet normal 0 0 -1
    outer loop
      vertex 71 0 0
      vertex 73.7716 1.85194 0
      vertex 73.5981 1.5 0
    endloop
  endfacet
  facet normal 0 0 -1
    outer loop
      vertex 73.9743 26.3916 0
      vertex 71 29 0
      vertex 73.8978 26.7765 0
    endloop
  endfacet
  facet normal 0 0 -1
    outer loop
      vertex 71 0 0
      vertex 73.5981 1.5 0
      vertex 73.3801 1.17372 0
    endloop
  endfacet
  facet normal 0 0 -1
    outer loop
      vertex 73.8978 26.7765 0
      vertex 71 29 0
      vertex 73.7716 27.1481 0
    endloop
  endfacet
  facet normal 0 0 -1
    outer loop
      vertex 71 0 0
      vertex 73.3801 1.17372 0
      vertex 73.1213 0.878677 0
    endloop
  endfacet
  facet normal 0 0 -1
    outer loop
      vertex 73.7716 27.1481 0
      vertex 71 29 0
      vertex 73.5981 27.5 0
    endloop
  endfacet
  facet normal 0 0 -1
    outer loop
      vertex 71 0 0
      vertex 73.1213 0.878677 0
      vertex 72.8263 0.619934 0
    endloop
  endfacet
  facet normal 0 0 -1
    outer loop
      vertex 73.5981 27.5 0
      vertex 71 29 0
      vertex 73.3801 27.8263 0
    endloop
  endfacet
  facet normal 0 0 -1
    outer loop
      vertex 71 0 0
      vertex 72.8263 0.619934 0
      vertex 72.5 0.401917 0
    endloop
  endfacet
  facet normal 0 0 -1
    outer loop
      vertex 73.3801 27.8263 0
      vertex 71 29 0
      vertex 73.1213 28.1213 0
    endloop
  endfacet
  facet normal 0 0 -1
    outer loop
      vertex 71 0 0
      vertex 72.5 0.401917 0
      vertex 72.1481 0.228363 0
    endloop
  endfacet
  facet normal 0 0 -1
    outer loop
      vertex 73.1213 28.1213 0
      vertex 71 29 0
      vertex 72.8263 28.3801 0
    endloop
  endfacet
  facet normal 0 0 -1
    outer loop
      vertex 71 0 0
      vertex 72.1481 0.228363 0
      vertex 71.7765 0.102219 0
    endloop
  endfacet
  facet normal 0 0 -1
    outer loop
      vertex 72.8263 28.3801 0
      vertex 71 29 0
      vertex 72.5 28.5981 0
    endloop
  endfacet
  facet normal 0 0 -1
    outer loop
      vertex 71 0 0
      vertex 71.7765 0.102219 0
      vertex 71.3916 0.0256653 0
    endloop
  endfacet
  facet normal 0 0 -1
    outer loop
      vertex 72.5 28.5981 0
      vertex 71 29 0
      vertex 72.1481 28.7716 0
    endloop
  endfacet
  facet normal 0 0 -1
    outer loop
      vertex 72.1481 28.7716 0
      vertex 71 29 0
      vertex 71.7765 28.8978 0
    endloop
  endfacet
  facet normal 0 0 -1
    outer loop
      vertex 71.7765 28.8978 0
      vertex 71 29 0
      vertex 71.3916 28.9743 0
    endloop
  endfacet
  facet normal 0 0 -1
    outer loop
      vertex 3 0 0
      vertex 71 29 0
      vertex 71 0 0
    endloop
  endfacet
  facet normal 0 0 -1
    outer loop
      vertex 3 0 0
      vertex 3 29 0
      vertex 71 29 0
    endloop
  endfacet
  facet normal 0 0 -1
    outer loop
      vertex 0 3 0
      vertex 3 0 0
      vertex 2.60843 0.0256653 0
    endloop
  endfacet
  facet normal 0 0 -1
    outer loop
      vertex 3 0 0
      vertex 0 3 0
      vertex 3 29 0
    endloop
  endfacet
  facet normal 0 0 -1
    outer loop
      vertex 0 3 0
      vertex 2.60843 0.0256653 0
      vertex 2.22354 0.102219 0
    endloop
  endfacet
  facet normal 0 0 -1
    outer loop
      vertex 0 26 0
      vertex 3 29 0
      vertex 0 3 0
    endloop
  endfacet
  facet normal 0 0 -1
    outer loop
      vertex 0 3 0
      vertex 2.22354 0.102219 0
      vertex 1.85194 0.228363 0
    endloop
  endfacet
  facet normal 0 0 -1
    outer loop
      vertex 3 29 0
      vertex 0 26 0
      vertex 2.60843 28.9743 0
    endloop
  endfacet
  facet normal 0 0 -1
    outer loop
      vertex 0 3 0
      vertex 1.85194 0.228363 0
      vertex 1.5 0.401917 0
    endloop
  endfacet
  facet normal 0 0 -1
    outer loop
      vertex 2.60843 28.9743 0
      vertex 0 26 0
      vertex 2.22354 28.8978 0
    endloop
  endfacet
  facet normal 0 0 -1
    outer loop
      vertex 0 3 0
      vertex 1.5 0.401917 0
      vertex 1.17372 0.619934 0
    endloop
  endfacet
  facet normal 0 0 -1
    outer loop
      vertex 2.22354 28.8978 0
      vertex 0 26 0
      vertex 1.85194 28.7716 0
    endloop
  endfacet
  facet normal 0 0 -1
    outer loop
      vertex 0 3 0
      vertex 1.17372 0.619934 0
      vertex 0.878677 0.878677 0
    endloop
  endfacet
  facet normal 0 0 -1
    outer loop
      vertex 1.85194 28.7716 0
      vertex 0 26 0
      vertex 1.5 28.5981 0
    endloop
  endfacet
  facet normal 0 0 -1
    outer loop
      vertex 0 3 0
      vertex 0.878677 0.878677 0
      vertex 0.619934 1.17372 0
    endloop
  endfacet
  facet normal 0 0 -1
    outer loop
      vertex 1.5 28.5981 0
      vertex 0 26 0
      vertex 1.17372 28.3801 0
    endloop
  endfacet
  facet normal 0 0 -1
    outer loop
      vertex 0 3 0
      vertex 0.619934 1.17372 0
      vertex 0.401917 1.5 0
    endloop
  endfacet
  facet normal 0 0 -1
    outer loop
      vertex 1.17372 28.3801 0
      vertex 0 26 0
      vertex 0.878677 28.1213 0
    endloop
  endfacet
  facet normal 0 0 -1
    outer loop
      vertex 0 3 0
      vertex 0.401917 1.5 0
      vertex 0.228363 1.85194 0
    endloop
  endfacet
  facet normal 0 0 -1
    outer loop
      vertex 0.878677 28.1213 0
      vertex 0 26 0
      vertex 0.619934 27.8263 0
    endloop
  endfacet
  facet normal 0 0 -1
    outer loop
      vertex 0 3 0
      vertex 0.228363 1.85194 0
      vertex 0.102219 2.22354 0
    endloop
  endfacet
  facet normal 0 0 -1
    outer loop
      vertex 0.619934 27.8263 0
      vertex 0 26 0
      vertex 0.401917 27.5 0
    endloop
  endfacet
  facet normal 0 0 -1
    outer loop
      vertex 0 3 0
      vertex 0.102219 2.22354 0
      vertex 0.0256653 2.60843 0
    endloop
  endfacet
  facet normal 0 0 -1
    outer loop
      vertex 0.401917 27.5 0
      vertex 0 26 0
      vertex 0.228363 27.1481 0
    endloop
  endfacet
  facet normal 0 0 -1
    outer loop
      vertex 0.228363 27.1481 0
      vertex 0 26 0
      vertex 0.102219 26.7765 0
    endloop
  endfacet
  facet normal 0 0 -1
    outer loop
      vertex 0.102219 26.7765 0
      vertex 0 26 0
      vertex 0.0256653 26.3916 0
    endloop
  endfacet
  facet normal 0 0 1
    outer loop
      vertex 71 29 2
      vertex 74 26 2
      vertex 73.9743 26.3916 2
    endloop
  endfacet
  facet normal 0 0 1
    outer loop
      vertex 74 26 2
      vertex 71 29 2
      vertex 74 3 2
    endloop
  endfacet
  facet normal 0 0 1
    outer loop
      vertex 71 29 2
      vertex 73.9743 26.3916 2
      vertex 73.8978 26.7765 2
    endloop
  endfacet
  facet normal 0 0 1
    outer loop
      vertex 71 0 2
      vertex 74 3 2
      vertex 71 29 2
    endloop
  endfacet
  facet normal 0 0 1
    outer loop
      vertex 71 29 2
      vertex 73.8978 26.7765 2
      vertex 73.7716 27.1481 2
    endloop
  endfacet
  facet normal 0 0 1
    outer loop
      vertex 74 3 2
      vertex 71 0 2
      vertex 73.9743 2.60843 2
    endloop
  endfacet
  facet normal 0 0 1
    outer loop
      vertex 71 29 2
      vertex 73.7716 27.1481 2
      vertex 73.5981 27.5 2
    endloop
  endfacet
  facet normal 0 0 1
    outer loop
      vertex 73.9743 2.60843 2
      vertex 71 0 2
      vertex 73.8978 2.22354 2
    endloop
  endfacet
  facet normal 0 0 1
    outer loop
      vertex 71 29 2
      vertex 73.5981 27.5 2
      vertex 73.3801 27.8263 2
    endloop
  endfacet
  facet normal 0 0 1
    outer loop
      vertex 73.8978 2.22354 2
      vertex 71 0 2
      vertex 73.7716 1.85194 2
    endloop
  endfacet
  facet normal 0 0 1
    outer loop
      vertex 71 29 2
      vertex 73.3801 27.8263 2
      vertex 73.1213 28.1213 2
    endloop
  endfacet
  facet normal 0 0 1
    outer loop
      vertex 73.7716 1.85194 2
      vertex 71 0 2
      vertex 73.5981 1.5 2
    endloop
  endfacet
  facet normal 0 0 1
    outer loop
      vertex 71 29 2
      vertex 73.1213 28.1213 2
      vertex 72.8263 28.3801 2
    endloop
  endfacet
  facet normal 0 0 1
    outer loop
      vertex 73.5981 1.5 2
      vertex 71 0 2
      vertex 73.3801 1.17372 2
    endloop
  endfacet
  facet normal 0 0 1
    outer loop
      vertex 71 29 2
      vertex 72.8263 28.3801 2
      vertex 72.5 28.5981 2
    endloop
  endfacet
  facet normal 0 0 1
    outer loop
      vertex 73.3801 1.17372 2
      vertex 71 0 2
      vertex 73.1213 0.878677 2
    endloop
  endfacet
  facet normal 0 0 1
    outer loop
      vertex 71 29 2
      vertex 72.5 28.5981 2
      vertex 72.1481 28.7716 2
    endloop
  endfacet
  facet normal 0 0 1
    outer loop
      vertex 73.1213 0.878677 2
      vertex 71 0 2
      vertex 72.8263 0.619934 2
    endloop
  endfacet
  facet normal 0 0 1
    outer loop
      vertex 71 29 2
      vertex 72.1481 28.7716 2
      vertex 71.7765 28.8978 2
    endloop
  endfacet
  facet normal 0 0 1
    outer loop
      vertex 72.8263 0.619934 2
      vertex 71 0 2
      vertex 72.5 0.401917 2
    endloop
  endfacet
  facet normal 0 0 1
    outer loop
      vertex 71 29 2
      vertex 71.7765 28.8978 2
      vertex 71.3916 28.9743 2
    endloop
  endfacet
  facet normal 0 0 1
    outer loop
      vertex 72.5 0.401917 2
      vertex 71 0 2
      vertex 72.1481 0.228363 2
    endloop
  endfacet
  facet normal 0 0 1
    outer loop
      vertex 72.1481 0.228363 2
      vertex 71 0 2
      vertex 71.7765 0.102219 2
    endloop
  endfacet
  facet normal 0 0 1
    outer loop
      vertex 71.7765 0.102219 2
      vertex 71 0 2
      vertex 71.3916 0.0256653 2
    endloop
  endfacet
  facet normal -0 0 1
    outer loop
      vertex 3 29 2
      vertex 71 0 2
      vertex 71 29 2
    endloop
  endfacet
  facet normal 0 0 1
    outer loop
      vertex 3 29 2
      vertex 3 0 2
      vertex 71 0 2
    endloop
  endfacet
  facet normal 0 0 1
    outer loop
      vertex 0 26 2
      vertex 3 29 2
      vertex 2.60843 28.9743 2
    endloop
  endfacet
  facet normal 0 0 1
    outer loop
      vertex 3 29 2
      vertex 0 26 2
      vertex 3 0 2
    endloop
  endfacet
  facet normal 0 0 1
    outer loop
      vertex 0 26 2
      vertex 2.60843 28.9743 2
      vertex 2.22354 28.8978 2
    endloop
  endfacet
  facet normal -0 0 1
    outer loop
      vertex 0 3 2
      vertex 3 0 2
      vertex 0 26 2
    endloop
  endfacet
  facet normal 0 0 1
    outer loop
      vertex 0 26 2
      vertex 2.22354 28.8978 2
      vertex 1.85194 28.7716 2
    endloop
  endfacet
  facet normal 0 0 1
    outer loop
      vertex 3 0 2
      vertex 0 3 2
      vertex 2.60843 0.0256653 2
    endloop
  endfacet
  facet normal 0 0 1
    outer loop
      vertex 0 26 2
      vertex 1.85194 28.7716 2
      vertex 1.5 28.5981 2
    endloop
  endfacet
  facet normal 0 0 1
    outer loop
      vertex 2.60843 0.0256653 2
      vertex 0 3 2
      vertex 2.22354 0.102219 2
    endloop
  endfacet
  facet normal 0 0 1
    outer loop
      vertex 0 26 2
      vertex 1.5 28.5981 2
      vertex 1.17372 28.3801 2
    endloop
  endfacet
  facet normal 0 0 1
    outer loop
      vertex 2.22354 0.102219 2
      vertex 0 3 2
      vertex 1.85194 0.228363 2
    endloop
  endfacet
  facet normal 0 0 1
    outer loop
      vertex 0 26 2
      vertex 1.17372 28.3801 2
      vertex 0.878677 28.1213 2
    endloop
  endfacet
  facet normal 0 0 1
    outer loop
      vertex 1.85194 0.228363 2
      vertex 0 3 2
      vertex 1.5 0.401917 2
    endloop
  endfacet
  facet normal 0 0 1
    outer loop
      vertex 0 26 2
      vertex 0.878677 28.1213 2
      vertex 0.619934 27.8263 2
    endloop
  endfacet
  facet normal 0 0 1
    outer loop
      vertex 1.5 0.401917 2
      vertex 0 3 2
      vertex 1.17372 0.619934 2
    endloop
  endfacet
  facet normal 0 0 1
    outer loop
      vertex 0 26 2
      vertex 0.619934 27.8263 2
      vertex 0.401917 27.5 2
    endloop
  endfacet
  facet normal 0 0 1
    outer loop
      vertex 1.17372 0.619934 2
      vertex 0 3 2
      vertex 0.878677 0.878677 2
    endloop
  endfacet
  facet normal 0 0 1
    outer loop
      vertex 0 26 2
      vertex 0.401917 27.5 2
      vertex 0.228363 27.1481 2
    endloop
  endfacet
  facet normal 0 0 1
    outer loop
      vertex 0.878677 0.878677 2
      vertex 0 3 2
      vertex 0.619934 1.17372 2
    endloop
  endfacet
  facet normal 0 0 1
    outer loop
      vertex 0 26 2
      vertex 0.228363 27.1481 2
      vertex 0.102219 26.7765 2
    endloop
  endfacet
  facet normal 0 0 1
    outer loop
      vertex 0.619934 1.17372 2
      vertex 0 3 2
      vertex 0.401917 1.5 2
    endloop
  endfacet
  facet normal 0 0 1
    outer loop
      vertex 0 26 2
      vertex 0.102219 26.7765 2
      vertex 0.0256653 26.3916 2
    endloop
  endfacet
  facet normal 0 0 1
    outer loop
      vertex 0.401917 1.5 2
      vertex 0 3 2
      vertex 0.228363 1.85194 2
    endloop
  endfacet
  facet normal 0 0 1
    outer loop
      vertex 0.228363 1.85194 2
      vertex 0 3 2
      vertex 0.102219 2.22354 2
    endloop
  endfacet
  facet normal 0 0 1
    outer loop
      vertex 0.102219 2.22354 2
      vertex 0 3 2
      vertex 0.0256653 2.60843 2
    endloop
  endfacet
  facet normal 0.896911 0.442211 0
    outer loop
      vertex 73.7716 27.1481 2
      vertex 73.5981 27.5 0
      vertex 73.5981 27.5 2
    endloop
  endfacet
  facet normal 0.896911 0.442211 0
    outer loop
      vertex 73.5981 27.5 0
      vertex 73.7716 27.1481 2
      vertex 73.7716 27.1481 0
    endloop
  endfacet
  facet normal 0.946885 -0.321574 0
    outer loop
      vertex 73.7716 1.85194 2
      vertex 73.8978 2.22354 0
      vertex 73.8978 2.22354 2
    endloop
  endfacet
  facet normal 0.946885 -0.321574 0
    outer loop
      vertex 73.8978 2.22354 0
      vertex 73.7716 1.85194 2
      vertex 73.7716 1.85194 0
    endloop
  endfacet
  facet normal 0.980815 0.19494 0
    outer loop
      vertex 73.9743 26.3916 2
      vertex 73.8978 26.7765 0
      vertex 73.8978 26.7765 2
    endloop
  endfacet
  facet normal 0.980815 0.19494 0
    outer loop
      vertex 73.8978 26.7765 0
      vertex 73.9743 26.3916 2
      vertex 73.9743 26.3916 0
    endloop
  endfacet
  facet normal -0.946928 -0.321446 0
    outer loop
      vertex 0.228363 1.85194 0
      vertex 0.102219 2.22354 2
      vertex 0.102219 2.22354 0
    endloop
  endfacet
  facet normal -0.946928 -0.321446 0
    outer loop
      vertex 0.102219 2.22354 2
      vertex 0.228363 1.85194 0
      vertex 0.228363 1.85194 2
    endloop
  endfacet
  facet normal 0.555523 0.831501 -0
    outer loop
      vertex 72.8263 28.3801 0
      vertex 72.5 28.5981 2
      vertex 72.8263 28.3801 2
    endloop
  endfacet
  facet normal 0.555523 0.831501 0
    outer loop
      vertex 72.5 28.5981 2
      vertex 72.8263 28.3801 0
      vertex 72.5 28.5981 0
    endloop
  endfacet
  facet normal 0.442211 0.896911 -0
    outer loop
      vertex 72.5 28.5981 0
      vertex 72.1481 28.7716 2
      vertex 72.5 28.5981 2
    endloop
  endfacet
  facet normal 0.442211 0.896911 0
    outer loop
      vertex 72.1481 28.7716 2
      vertex 72.5 28.5981 0
      vertex 72.1481 28.7716 0
    endloop
  endfacet
  facet normal 0.831485 -0.555547 0
    outer loop
      vertex 73.3801 1.17372 2
      vertex 73.5981 1.5 0
      vertex 73.5981 1.5 2
    endloop
  endfacet
  facet normal 0.831485 -0.555547 0
    outer loop
      vertex 73.5981 1.5 0
      vertex 73.3801 1.17372 2
      vertex 73.3801 1.17372 0
    endloop
  endfacet
  facet normal -0.980788 -0.195076 0
    outer loop
      vertex 0.102219 2.22354 0
      vertex 0.0256653 2.60843 2
      vertex 0.0256653 2.60843 0
    endloop
  endfacet
  facet normal -0.980788 -0.195076 0
    outer loop
      vertex 0.0256653 2.60843 2
      vertex 0.102219 2.22354 0
      vertex 0.102219 2.22354 2
    endloop
  endfacet
  facet normal 0.997853 -0.0654923 0
    outer loop
      vertex 73.9743 2.60843 2
      vertex 74 3 0
      vertex 74 3 2
    endloop
  endfacet
  facet normal 0.997853 -0.0654923 0
    outer loop
      vertex 74 3 0
      vertex 73.9743 2.60843 2
      vertex 73.9743 2.60843 0
    endloop
  endfacet
  facet normal 0.442322 -0.896856 0
    outer loop
      vertex 72.1481 0.228363 0
      vertex 72.5 0.401917 2
      vertex 72.1481 0.228363 2
    endloop
  endfacet
  facet normal 0.442322 -0.896856 0
    outer loop
      vertex 72.5 0.401917 2
      vertex 72.1481 0.228363 0
      vertex 72.5 0.401917 0
    endloop
  endfacet
  facet normal 0.555553 -0.831481 0
    outer loop
      vertex 72.5 0.401917 0
      vertex 72.8263 0.619934 2
      vertex 72.5 0.401917 2
    endloop
  endfacet
  facet normal 0.555553 -0.831481 0
    outer loop
      vertex 72.8263 0.619934 2
      vertex 72.5 0.401917 0
      vertex 72.8263 0.619934 0
    endloop
  endfacet
endsolid OpenSCAD_Model
