solid OpenSCAD_Model
  facet normal 0 -1 0
    outer loop
      vertex 3 0 0
      vertex 66.2699 0 11.9
      vertex 3 0 11.9
    endloop
  endfacet
  facet normal 0 -1 -0
    outer loop
      vertex 66.2699 0 11.9
      vertex 3 0 0
      vertex 66.2699 0 0
    endloop
  endfacet
  facet normal -0.0654923 0.997853 0
    outer loop
      vertex 3 29 0
      vertex 2.60843 28.9743 11.9
      vertex 3 29 11.9
    endloop
  endfacet
  facet normal -0.0654923 0.997853 0
    outer loop
      vertex 2.60843 28.9743 11.9
      vertex 3 29 0
      vertex 2.60843 28.9743 0
    endloop
  endfacet
  facet normal -0.555547 0.831485 0
    outer loop
      vertex 1.5 28.5981 0
      vertex 1.17372 28.3801 11.9
      vertex 1.5 28.5981 11.9
    endloop
  endfacet
  facet normal -0.555547 0.831485 0
    outer loop
      vertex 1.17372 28.3801 11.9
      vertex 1.5 28.5981 0
      vertex 1.17372 28.3801 0
    endloop
  endfacet
  facet normal -0.555577 -0.831465 0
    outer loop
      vertex 1.17372 0.619934 0
      vertex 1.5 0.401917 11.9
      vertex 1.17372 0.619934 11.9
    endloop
  endfacet
  facet normal -0.555577 -0.831465 -0
    outer loop
      vertex 1.5 0.401917 11.9
      vertex 1.17372 0.619934 0
      vertex 1.5 0.401917 0
    endloop
  endfacet
  facet normal -0.751843 -0.659342 0
    outer loop
      vertex 0.878677 0.878677 0
      vertex 0.619934 1.17372 11.9
      vertex 0.619934 1.17372 0
    endloop
  endfacet
  facet normal -0.751843 -0.659342 0
    outer loop
      vertex 0.619934 1.17372 11.9
      vertex 0.878677 0.878677 0
      vertex 0.878677 0.878677 11.9
    endloop
  endfacet
  facet normal -0.442281 -0.896876 0
    outer loop
      vertex 1.5 0.401917 0
      vertex 1.85194 0.228363 11.9
      vertex 1.5 0.401917 11.9
    endloop
  endfacet
  facet normal -0.442281 -0.896876 -0
    outer loop
      vertex 1.85194 0.228363 11.9
      vertex 1.5 0.401917 0
      vertex 1.85194 0.228363 0
    endloop
  endfacet
  facet normal -0.896856 0.442322 0
    outer loop
      vertex 0.228363 27.1481 0
      vertex 0.401917 27.5 11.9
      vertex 0.401917 27.5 0
    endloop
  endfacet
  facet normal -0.896856 0.442322 0
    outer loop
      vertex 0.401917 27.5 11.9
      vertex 0.228363 27.1481 0
      vertex 0.228363 27.1481 11.9
    endloop
  endfacet
  facet normal -1 0 0
    outer loop
      vertex 0 26 0
      vertex 0 23.1 6.15
      vertex 0 26 11.9
    endloop
  endfacet
  facet normal -1 0 0
    outer loop
      vertex 0 26 0
      vertex 0 23.0949 6.07168
      vertex 0 23.1 6.15
    endloop
  endfacet
  facet normal -1 0 0
    outer loop
      vertex 0 26 0
      vertex 0 23.0796 5.99471
      vertex 0 23.0949 6.07168
    endloop
  endfacet
  facet normal -1 0 0
    outer loop
      vertex 0 26 0
      vertex 0 23.0543 5.92039
      vertex 0 23.0796 5.99471
    endloop
  endfacet
  facet normal -1 0 0
    outer loop
      vertex 0 26 0
      vertex 0 23.0196 5.85
      vertex 0 23.0543 5.92039
    endloop
  endfacet
  facet normal -1 0 0
    outer loop
      vertex 0 26 0
      vertex 0 22.976 5.78474
      vertex 0 23.0196 5.85
    endloop
  endfacet
  facet normal -1 0 0
    outer loop
      vertex 0 26 0
      vertex 0 22.9243 5.72574
      vertex 0 22.976 5.78474
    endloop
  endfacet
  facet normal -1 0 0
    outer loop
      vertex 0 26 0
      vertex 0 22.8653 5.67399
      vertex 0 22.9243 5.72574
    endloop
  endfacet
  facet normal -1 0 0
    outer loop
      vertex 0 26 0
      vertex 0 22.8 5.63038
      vertex 0 22.8653 5.67399
    endloop
  endfacet
  facet normal -1 0 0
    outer loop
      vertex 0 26 0
      vertex 0 22.7296 5.59567
      vertex 0 22.8 5.63038
    endloop
  endfacet
  facet normal -1 0 0
    outer loop
      vertex 0 26 0
      vertex 0 22.6553 5.57044
      vertex 0 22.7296 5.59567
    endloop
  endfacet
  facet normal -1 0 0
    outer loop
      vertex 0 26 0
      vertex 0 22.5783 5.55513
      vertex 0 22.6553 5.57044
    endloop
  endfacet
  facet normal -1 0 0
    outer loop
      vertex 0 26 0
      vertex 0 22.5 5.55
      vertex 0 22.5783 5.55513
    endloop
  endfacet
  facet normal -1 0 0
    outer loop
      vertex 0 19.2631 3.4
      vertex 0 22.5 5.55
      vertex 0 26 0
    endloop
  endfacet
  facet normal -1 0 -0
    outer loop
      vertex 0 19.5813 4.04524
      vertex 0 22.5 5.55
      vertex 0 19.2631 3.4
    endloop
  endfacet
  facet normal -1 -0 0
    outer loop
      vertex 0 22.5 5.55
      vertex 0 19.5813 4.04524
      vertex 0 22.4217 5.55513
    endloop
  endfacet
  facet normal -1 -0 0
    outer loop
      vertex 0 22.4217 5.55513
      vertex 0 19.5813 4.04524
      vertex 0 22.3447 5.57044
    endloop
  endfacet
  facet normal -1 -0 0
    outer loop
      vertex 0 22.3447 5.57044
      vertex 0 19.5813 4.04524
      vertex 0 22.2704 5.59567
    endloop
  endfacet
  facet normal -1 0 -0
    outer loop
      vertex 0 19.8126 4.72649
      vertex 0 22.2704 5.59567
      vertex 0 19.5813 4.04524
    endloop
  endfacet
  facet normal -1 -0 0
    outer loop
      vertex 0 22.2704 5.59567
      vertex 0 19.8126 4.72649
      vertex 0 22.2 5.63038
    endloop
  endfacet
  facet normal -1 0 0
    outer loop
      vertex 0 21.9051 6.07168
      vertex 0 20 6.15
      vertex 0 21.9 6.15
    endloop
  endfacet
  facet normal -1 0 0
    outer loop
      vertex 0 21.9204 5.99471
      vertex 0 20 6.15
      vertex 0 21.9051 6.07168
    endloop
  endfacet
  facet normal -1 0 0
    outer loop
      vertex 0 19.9529 5.43211
      vertex 0 21.9204 5.99471
      vertex 0 21.9457 5.92039
    endloop
  endfacet
  facet normal -1 0 0
    outer loop
      vertex 0 19.9529 5.43211
      vertex 0 21.9457 5.92039
      vertex 0 21.9804 5.85
    endloop
  endfacet
  facet normal -1 0 0
    outer loop
      vertex 0 19.9529 5.43211
      vertex 0 21.9804 5.85
      vertex 0 22.024 5.78474
    endloop
  endfacet
  facet normal -1 -0 0
    outer loop
      vertex 0 22.1347 5.67399
      vertex 0 19.8126 4.72649
      vertex 0 22.0757 5.72574
    endloop
  endfacet
  facet normal -1 -0 0
    outer loop
      vertex 0 21.9204 5.99471
      vertex 0 19.9529 5.43211
      vertex 0 20 6.15
    endloop
  endfacet
  facet normal -1 -0 0
    outer loop
      vertex 0 22.0757 5.72574
      vertex 0 19.9529 5.43211
      vertex 0 22.024 5.78474
    endloop
  endfacet
  facet normal -1 0 -0
    outer loop
      vertex 0 19.9529 5.43211
      vertex 0 22.0757 5.72574
      vertex 0 19.8126 4.72649
    endloop
  endfacet
  facet normal -1 -0 0
    outer loop
      vertex 0 22.2 5.63038
      vertex 0 19.8126 4.72649
      vertex 0 22.1347 5.67399
    endloop
  endfacet
  facet normal -1 0 0
    outer loop
      vertex 0 26 0
      vertex 0 18.8634 2.80181
      vertex 0 19.2631 3.4
    endloop
  endfacet
  facet normal -1 0 0
    outer loop
      vertex 0 26 0
      vertex 0 18.3891 2.26091
      vertex 0 18.8634 2.80181
    endloop
  endfacet
  facet normal -1 0 0
    outer loop
      vertex 0 26 0
      vertex 0 17.8482 1.78656
      vertex 0 18.3891 2.26091
    endloop
  endfacet
  facet normal -1 0 0
    outer loop
      vertex 0 26 0
      vertex 0 17.25 1.38686
      vertex 0 17.8482 1.78656
    endloop
  endfacet
  facet normal -1 0 0
    outer loop
      vertex 0 26 0
      vertex 0 16.6048 1.06866
      vertex 0 17.25 1.38686
    endloop
  endfacet
  facet normal -1 0 0
    outer loop
      vertex 0 26 0
      vertex 0 15.9235 0.837407
      vertex 0 16.6048 1.06866
    endloop
  endfacet
  facet normal -1 0 0
    outer loop
      vertex 0 26 0
      vertex 0 15.2179 0.697053
      vertex 0 15.9235 0.837407
    endloop
  endfacet
  facet normal -1 0 0
    outer loop
      vertex 0 26 0
      vertex 0 14.5 0.65
      vertex 0 15.2179 0.697053
    endloop
  endfacet
  facet normal -1 -0 0
    outer loop
      vertex 0 9.04705 5.43211
      vertex 0 3 0
      vertex 0 9 6.15
    endloop
  endfacet
  facet normal -1 -0 0
    outer loop
      vertex 0 9.18741 4.72649
      vertex 0 3 0
      vertex 0 9.04705 5.43211
    endloop
  endfacet
  facet normal -1 -0 0
    outer loop
      vertex 0 9.41866 4.04524
      vertex 0 3 0
      vertex 0 9.18741 4.72649
    endloop
  endfacet
  facet normal -1 -0 0
    outer loop
      vertex 0 9.73686 3.4
      vertex 0 3 0
      vertex 0 9.41866 4.04524
    endloop
  endfacet
  facet normal -1 -0 0
    outer loop
      vertex 0 10.1366 2.80181
      vertex 0 3 0
      vertex 0 9.73686 3.4
    endloop
  endfacet
  facet normal -1 -0 0
    outer loop
      vertex 0 10.6109 2.26091
      vertex 0 3 0
      vertex 0 10.1366 2.80181
    endloop
  endfacet
  facet normal -1 -0 0
    outer loop
      vertex 0 11.1518 1.78656
      vertex 0 3 0
      vertex 0 10.6109 2.26091
    endloop
  endfacet
  facet normal -1 -0 0
    outer loop
      vertex 0 11.75 1.38686
      vertex 0 3 0
      vertex 0 11.1518 1.78656
    endloop
  endfacet
  facet normal -1 -0 0
    outer loop
      vertex 0 12.3952 1.06866
      vertex 0 3 0
      vertex 0 11.75 1.38686
    endloop
  endfacet
  facet normal -1 -0 0
    outer loop
      vertex 0 13.0765 0.837407
      vertex 0 3 0
      vertex 0 12.3952 1.06866
    endloop
  endfacet
  facet normal -1 -0 0
    outer loop
      vertex 0 13.7821 0.697053
      vertex 0 3 0
      vertex 0 13.0765 0.837407
    endloop
  endfacet
  facet normal -1 -0 0
    outer loop
      vertex 0 14.5 0.65
      vertex 0 3 0
      vertex 0 13.7821 0.697053
    endloop
  endfacet
  facet normal -1 0 0
    outer loop
      vertex 0 3 0
      vertex 0 14.5 0.65
      vertex 0 26 0
    endloop
  endfacet
  facet normal -1 0 0
    outer loop
      vertex 0 23.0949 6.22832
      vertex 0 26 11.9
      vertex 0 23.1 6.15
    endloop
  endfacet
  facet normal -1 0 0
    outer loop
      vertex 0 23.0796 6.30529
      vertex 0 26 11.9
      vertex 0 23.0949 6.22832
    endloop
  endfacet
  facet normal -1 0 0
    outer loop
      vertex 0 23.0543 6.37961
      vertex 0 26 11.9
      vertex 0 23.0796 6.30529
    endloop
  endfacet
  facet normal -1 0 0
    outer loop
      vertex 0 23.0196 6.45
      vertex 0 26 11.9
      vertex 0 23.0543 6.37961
    endloop
  endfacet
  facet normal -1 0 0
    outer loop
      vertex 0 22.976 6.51526
      vertex 0 26 11.9
      vertex 0 23.0196 6.45
    endloop
  endfacet
  facet normal -1 0 0
    outer loop
      vertex 0 22.9243 6.57426
      vertex 0 26 11.9
      vertex 0 22.976 6.51526
    endloop
  endfacet
  facet normal -1 0 0
    outer loop
      vertex 0 22.8653 6.62601
      vertex 0 26 11.9
      vertex 0 22.9243 6.57426
    endloop
  endfacet
  facet normal -1 0 0
    outer loop
      vertex 0 22.8 6.66961
      vertex 0 26 11.9
      vertex 0 22.8653 6.62601
    endloop
  endfacet
  facet normal -1 0 0
    outer loop
      vertex 0 22.7296 6.70433
      vertex 0 26 11.9
      vertex 0 22.8 6.66961
    endloop
  endfacet
  facet normal -1 0 0
    outer loop
      vertex 0 22.6553 6.72956
      vertex 0 26 11.9
      vertex 0 22.7296 6.70433
    endloop
  endfacet
  facet normal -1 0 0
    outer loop
      vertex 0 22.5783 6.74487
      vertex 0 26 11.9
      vertex 0 22.6553 6.72956
    endloop
  endfacet
  facet normal -1 0 0
    outer loop
      vertex 0 22.5 6.75
      vertex 0 26 11.9
      vertex 0 22.5783 6.74487
    endloop
  endfacet
  facet normal -1 0 0
    outer loop
      vertex 0 19.5813 8.25476
      vertex 0 22.5 6.75
      vertex 0 22.4217 6.74487
    endloop
  endfacet
  facet normal -1 0 0
    outer loop
      vertex 0 19.5813 8.25476
      vertex 0 22.4217 6.74487
      vertex 0 22.3447 6.72956
    endloop
  endfacet
  facet normal -1 0 0
    outer loop
      vertex 0 19.5813 8.25476
      vertex 0 22.3447 6.72956
      vertex 0 22.2704 6.70433
    endloop
  endfacet
  facet normal -1 0 0
    outer loop
      vertex 0 19.8126 7.5735
      vertex 0 22.2704 6.70433
      vertex 0 22.2 6.66961
    endloop
  endfacet
  facet normal -1 0 0
    outer loop
      vertex 0 19.8126 7.5735
      vertex 0 22.2 6.66961
      vertex 0 22.1347 6.62601
    endloop
  endfacet
  facet normal -1 0 0
    outer loop
      vertex 0 19.8126 7.5735
      vertex 0 22.1347 6.62601
      vertex 0 22.0757 6.57426
    endloop
  endfacet
  facet normal -1 0 0
    outer loop
      vertex 0 19.9529 6.86789
      vertex 0 22.0757 6.57426
      vertex 0 22.024 6.51526
    endloop
  endfacet
  facet normal -1 0 0
    outer loop
      vertex 0 20 6.15
      vertex 0 21.9051 6.22832
      vertex 0 21.9 6.15
    endloop
  endfacet
  facet normal -1 0 0
    outer loop
      vertex 0 20 6.15
      vertex 0 21.9204 6.30529
      vertex 0 21.9051 6.22832
    endloop
  endfacet
  facet normal -1 0 0
    outer loop
      vertex 0 19.9529 6.86789
      vertex 0 21.9204 6.30529
      vertex 0 20 6.15
    endloop
  endfacet
  facet normal -1 0 0
    outer loop
      vertex 0 21.9204 6.30529
      vertex 0 19.9529 6.86789
      vertex 0 21.9457 6.37961
    endloop
  endfacet
  facet normal -1 0 0
    outer loop
      vertex 0 21.9457 6.37961
      vertex 0 19.9529 6.86789
      vertex 0 21.9804 6.45
    endloop
  endfacet
  facet normal -1 0 0
    outer loop
      vertex 0 21.9804 6.45
      vertex 0 19.9529 6.86789
      vertex 0 22.024 6.51526
    endloop
  endfacet
  facet normal -1 0 0
    outer loop
      vertex 0 22.0757 6.57426
      vertex 0 19.9529 6.86789
      vertex 0 19.8126 7.5735
    endloop
  endfacet
  facet normal -1 0 0
    outer loop
      vertex 0 22.2704 6.70433
      vertex 0 19.8126 7.5735
      vertex 0 19.5813 8.25476
    endloop
  endfacet
  facet normal -1 0 0
    outer loop
      vertex 0 22.5 6.75
      vertex 0 19.5813 8.25476
      vertex 0 19.2631 8.9
    endloop
  endfacet
  facet normal -1 0 0
    outer loop
      vertex 0 22.5 6.75
      vertex 0 19.2631 8.9
      vertex 0 26 11.9
    endloop
  endfacet
  facet normal -1 0 0
    outer loop
      vertex 0 18.8634 9.49819
      vertex 0 26 11.9
      vertex 0 19.2631 8.9
    endloop
  endfacet
  facet normal -1 0 0
    outer loop
      vertex 0 18.3891 10.0391
      vertex 0 26 11.9
      vertex 0 18.8634 9.49819
    endloop
  endfacet
  facet normal -1 0 0
    outer loop
      vertex 0 17.8482 10.5134
      vertex 0 26 11.9
      vertex 0 18.3891 10.0391
    endloop
  endfacet
  facet normal -1 0 0
    outer loop
      vertex 0 17.25 10.9131
      vertex 0 26 11.9
      vertex 0 17.8482 10.5134
    endloop
  endfacet
  facet normal -1 0 0
    outer loop
      vertex 0 16.6048 11.2313
      vertex 0 26 11.9
      vertex 0 17.25 10.9131
    endloop
  endfacet
  facet normal -1 0 0
    outer loop
      vertex 0 15.9235 11.4626
      vertex 0 26 11.9
      vertex 0 16.6048 11.2313
    endloop
  endfacet
  facet normal -1 0 0
    outer loop
      vertex 0 15.2179 11.6029
      vertex 0 26 11.9
      vertex 0 15.9235 11.4626
    endloop
  endfacet
  facet normal -1 0 0
    outer loop
      vertex 0 14.5 11.65
      vertex 0 26 11.9
      vertex 0 15.2179 11.6029
    endloop
  endfacet
  facet normal -1 0 0
    outer loop
      vertex 0 3 11.9
      vertex 0 9 6.15
      vertex 0 3 0
    endloop
  endfacet
  facet normal -1 0 0
    outer loop
      vertex 0 9 6.15
      vertex 0 3 11.9
      vertex 0 9.04705 6.86789
    endloop
  endfacet
  facet normal -1 0 0
    outer loop
      vertex 0 9.04705 6.86789
      vertex 0 3 11.9
      vertex 0 9.18741 7.5735
    endloop
  endfacet
  facet normal -1 0 0
    outer loop
      vertex 0 9.18741 7.5735
      vertex 0 3 11.9
      vertex 0 9.41866 8.25476
    endloop
  endfacet
  facet normal -1 0 0
    outer loop
      vertex 0 9.41866 8.25476
      vertex 0 3 11.9
      vertex 0 9.73686 8.9
    endloop
  endfacet
  facet normal -1 0 0
    outer loop
      vertex 0 14.5 11.65
      vertex 0 3 11.9
      vertex 0 26 11.9
    endloop
  endfacet
  facet normal -1 0 0
    outer loop
      vertex 0 13.7821 11.6029
      vertex 0 3 11.9
      vertex 0 14.5 11.65
    endloop
  endfacet
  facet normal -1 0 0
    outer loop
      vertex 0 13.0765 11.4626
      vertex 0 3 11.9
      vertex 0 13.7821 11.6029
    endloop
  endfacet
  facet normal -1 0 0
    outer loop
      vertex 0 12.3952 11.2313
      vertex 0 3 11.9
      vertex 0 13.0765 11.4626
    endloop
  endfacet
  facet normal -1 0 0
    outer loop
      vertex 0 11.75 10.9131
      vertex 0 3 11.9
      vertex 0 12.3952 11.2313
    endloop
  endfacet
  facet normal -1 0 0
    outer loop
      vertex 0 11.1518 10.5134
      vertex 0 3 11.9
      vertex 0 11.75 10.9131
    endloop
  endfacet
  facet normal -1 0 0
    outer loop
      vertex 0 10.6109 10.0391
      vertex 0 3 11.9
      vertex 0 11.1518 10.5134
    endloop
  endfacet
  facet normal -1 0 0
    outer loop
      vertex 0 10.1366 9.49819
      vertex 0 3 11.9
      vertex 0 10.6109 10.0391
    endloop
  endfacet
  facet normal -1 0 0
    outer loop
      vertex 0 9.73686 8.9
      vertex 0 3 11.9
      vertex 0 10.1366 9.49819
    endloop
  endfacet
  facet normal 0.980814 -0.194945 0
    outer loop
      vertex 73.8978 2.22354 11.9
      vertex 73.9743 2.60843 0
      vertex 73.9743 2.60843 11.9
    endloop
  endfacet
  facet normal 0.980814 -0.194945 0
    outer loop
      vertex 73.9743 2.60843 0
      vertex 73.8978 2.22354 11.9
      vertex 73.8978 2.22354 0
    endloop
  endfacet
  facet normal -0.831465 -0.555577 0
    outer loop
      vertex 0.619934 1.17372 0
      vertex 0.401917 1.5 11.9
      vertex 0.401917 1.5 0
    endloop
  endfacet
  facet normal -0.831465 -0.555577 0
    outer loop
      vertex 0.401917 1.5 11.9
      vertex 0.619934 1.17372 0
      vertex 0.619934 1.17372 11.9
    endloop
  endfacet
  facet normal 0.659478 0.751724 -0
    outer loop
      vertex 73.1213 28.1213 0
      vertex 72.8263 28.3801 11.9
      vertex 73.1213 28.1213 11.9
    endloop
  endfacet
  facet normal 0.659478 0.751724 0
    outer loop
      vertex 72.8263 28.3801 11.9
      vertex 73.1213 28.1213 0
      vertex 72.8263 28.3801 0
    endloop
  endfacet
  facet normal -0.321446 -0.946928 0
    outer loop
      vertex 1.85194 0.228363 0
      vertex 2.22354 0.102219 11.9
      vertex 1.85194 0.228363 11.9
    endloop
  endfacet
  facet normal -0.321446 -0.946928 -0
    outer loop
      vertex 2.22354 0.102219 11.9
      vertex 1.85194 0.228363 0
      vertex 2.22354 0.102219 0
    endloop
  endfacet
  facet normal 0 1 0
    outer loop
      vertex 9.4 29 11.3
      vertex 7.49789 29 9.54358
      vertex 7.4 29 9.55
    endloop
  endfacet
  facet normal 0 1 0
    outer loop
      vertex 9.4 29 11.3
      vertex 7.59411 29 9.52444
      vertex 7.49789 29 9.54358
    endloop
  endfacet
  facet normal 0 1 0
    outer loop
      vertex 9.4 29 11.3
      vertex 7.68701 29 9.49291
      vertex 7.59411 29 9.52444
    endloop
  endfacet
  facet normal 0 1 0
    outer loop
      vertex 9.4 29 11.3
      vertex 7.775 29 9.44952
      vertex 7.68701 29 9.49291
    endloop
  endfacet
  facet normal 0 1 0
    outer loop
      vertex 9.4 29 11.3
      vertex 7.85657 29 9.39501
      vertex 7.775 29 9.44952
    endloop
  endfacet
  facet normal 0 1 0
    outer loop
      vertex 9.4 29 11.3
      vertex 7.93033 29 9.33033
      vertex 7.85657 29 9.39501
    endloop
  endfacet
  facet normal 0 1 0
    outer loop
      vertex 9.4 29 11.3
      vertex 7.99501 29 9.25657
      vertex 7.93033 29 9.33033
    endloop
  endfacet
  facet normal 0 1 0
    outer loop
      vertex 9.4 29 11.3
      vertex 8.04952 29 9.175
      vertex 7.99501 29 9.25657
    endloop
  endfacet
  facet normal 0 1 0
    outer loop
      vertex 9.4 29 11.3
      vertex 8.09291 29 9.08701
      vertex 8.04952 29 9.175
    endloop
  endfacet
  facet normal 0 1 0
    outer loop
      vertex 9.4 29 11.3
      vertex 8.12444 29 8.99411
      vertex 8.09291 29 9.08701
    endloop
  endfacet
  facet normal 0 1 0
    outer loop
      vertex 9.4 29 11.3
      vertex 8.14358 29 8.89789
      vertex 8.12444 29 8.99411
    endloop
  endfacet
  facet normal 0 1 0
    outer loop
      vertex 9.4 29 11.3
      vertex 8.15 29 8.8
      vertex 8.14358 29 8.89789
    endloop
  endfacet
  facet normal 0 1 0
    outer loop
      vertex 9.4 29 11.3
      vertex 8.14358 29 8.7021
      vertex 8.15 29 8.8
    endloop
  endfacet
  facet normal 0 1 -0
    outer loop
      vertex 9.4 29 4.3
      vertex 8.14358 29 8.7021
      vertex 9.4 29 11.3
    endloop
  endfacet
  facet normal 0 1 0
    outer loop
      vertex 8.14358 29 8.7021
      vertex 9.4 29 4.3
      vertex 8.12444 29 8.60589
    endloop
  endfacet
  facet normal 0 1 0
    outer loop
      vertex 7.49789 29 8.05642
      vertex 9.4 29 4.3
      vertex 7.4 29 8.05
    endloop
  endfacet
  facet normal 0 1 0
    outer loop
      vertex 7.59411 29 8.07555
      vertex 9.4 29 4.3
      vertex 7.49789 29 8.05642
    endloop
  endfacet
  facet normal 0 1 0
    outer loop
      vertex 7.68701 29 8.10709
      vertex 9.4 29 4.3
      vertex 7.59411 29 8.07555
    endloop
  endfacet
  facet normal 0 1 0
    outer loop
      vertex 7.775 29 8.15048
      vertex 9.4 29 4.3
      vertex 7.68701 29 8.10709
    endloop
  endfacet
  facet normal 0 1 0
    outer loop
      vertex 7.85657 29 8.20498
      vertex 9.4 29 4.3
      vertex 7.775 29 8.15048
    endloop
  endfacet
  facet normal 0 1 0
    outer loop
      vertex 7.93033 29 8.26967
      vertex 9.4 29 4.3
      vertex 7.85657 29 8.20498
    endloop
  endfacet
  facet normal 0 1 0
    outer loop
      vertex 7.99501 29 8.34343
      vertex 9.4 29 4.3
      vertex 7.93033 29 8.26967
    endloop
  endfacet
  facet normal 0 1 0
    outer loop
      vertex 8.04952 29 8.425
      vertex 9.4 29 4.3
      vertex 7.99501 29 8.34343
    endloop
  endfacet
  facet normal 0 1 0
    outer loop
      vertex 8.09291 29 8.51299
      vertex 9.4 29 4.3
      vertex 8.04952 29 8.425
    endloop
  endfacet
  facet normal 0 1 0
    outer loop
      vertex 8.12444 29 8.60589
      vertex 9.4 29 4.3
      vertex 8.09291 29 8.51299
    endloop
  endfacet
  facet normal 0 1 0
    outer loop
      vertex 71 29 11.9
      vertex 22.4 29 11.3
      vertex 3 29 11.9
    endloop
  endfacet
  facet normal 0 1 0
    outer loop
      vertex 71 29 11.9
      vertex 22.4 29 4.3
      vertex 22.4 29 11.3
    endloop
  endfacet
  facet normal 0 1 0
    outer loop
      vertex 3 29 0
      vertex 22.4 29 4.3
      vertex 71 29 0
    endloop
  endfacet
  facet normal 0 1 -0
    outer loop
      vertex 71 29 0
      vertex 22.4 29 4.3
      vertex 71 29 11.9
    endloop
  endfacet
  facet normal 0 1 -0
    outer loop
      vertex 9.4 29 11.3
      vertex 3 29 11.9
      vertex 22.4 29 11.3
    endloop
  endfacet
  facet normal 0 1 0
    outer loop
      vertex 7.3021 29 9.54358
      vertex 9.4 29 11.3
      vertex 7.4 29 9.55
    endloop
  endfacet
  facet normal 0 1 0
    outer loop
      vertex 7.20588 29 9.52444
      vertex 9.4 29 11.3
      vertex 7.3021 29 9.54358
    endloop
  endfacet
  facet normal 0 1 0
    outer loop
      vertex 9.4 29 11.3
      vertex 7.20588 29 9.52444
      vertex 3 29 11.9
    endloop
  endfacet
  facet normal 0 1 -0
    outer loop
      vertex 7.11299 29 9.49291
      vertex 3 29 11.9
      vertex 7.20588 29 9.52444
    endloop
  endfacet
  facet normal 0 1 -0
    outer loop
      vertex 7.025 29 9.44952
      vertex 3 29 11.9
      vertex 7.11299 29 9.49291
    endloop
  endfacet
  facet normal 0 1 -0
    outer loop
      vertex 6.94343 29 9.39501
      vertex 3 29 11.9
      vertex 7.025 29 9.44952
    endloop
  endfacet
  facet normal 0 1 -0
    outer loop
      vertex 6.86967 29 9.33033
      vertex 3 29 11.9
      vertex 6.94343 29 9.39501
    endloop
  endfacet
  facet normal 0 1 -0
    outer loop
      vertex 6.80498 29 9.25657
      vertex 3 29 11.9
      vertex 6.86967 29 9.33033
    endloop
  endfacet
  facet normal 0 1 -0
    outer loop
      vertex 6.75048 29 9.175
      vertex 3 29 11.9
      vertex 6.80498 29 9.25657
    endloop
  endfacet
  facet normal 0 1 -0
    outer loop
      vertex 6.70709 29 9.08701
      vertex 3 29 11.9
      vertex 6.75048 29 9.175
    endloop
  endfacet
  facet normal 0 1 -0
    outer loop
      vertex 6.67556 29 8.99411
      vertex 3 29 11.9
      vertex 6.70709 29 9.08701
    endloop
  endfacet
  facet normal 0 1 -0
    outer loop
      vertex 6.65642 29 8.89789
      vertex 3 29 11.9
      vertex 6.67556 29 8.99411
    endloop
  endfacet
  facet normal 0 1 -0
    outer loop
      vertex 6.65 29 8.8
      vertex 3 29 11.9
      vertex 6.65642 29 8.89789
    endloop
  endfacet
  facet normal 0 1 0
    outer loop
      vertex 6.65642 29 8.7021
      vertex 3 29 11.9
      vertex 6.65 29 8.8
    endloop
  endfacet
  facet normal 0 1 0
    outer loop
      vertex 6.67556 29 8.60589
      vertex 3 29 11.9
      vertex 6.65642 29 8.7021
    endloop
  endfacet
  facet normal 0 1 0
    outer loop
      vertex 6.70709 29 8.51299
      vertex 3 29 11.9
      vertex 6.67556 29 8.60589
    endloop
  endfacet
  facet normal 0 1 0
    outer loop
      vertex 3 29 0
      vertex 6.70709 29 8.51299
      vertex 6.75048 29 8.425
    endloop
  endfacet
  facet normal 0 1 0
    outer loop
      vertex 3 29 0
      vertex 6.75048 29 8.425
      vertex 6.80498 29 8.34343
    endloop
  endfacet
  facet normal 0 1 0
    outer loop
      vertex 3 29 0
      vertex 6.80498 29 8.34343
      vertex 6.86967 29 8.26967
    endloop
  endfacet
  facet normal 0 1 0
    outer loop
      vertex 9.4 29 4.3
      vertex 7.3021 29 8.05642
      vertex 7.4 29 8.05
    endloop
  endfacet
  facet normal 0 1 0
    outer loop
      vertex 9.4 29 4.3
      vertex 7.20588 29 8.07555
      vertex 7.3021 29 8.05642
    endloop
  endfacet
  facet normal 0 1 0
    outer loop
      vertex 9.4 29 4.3
      vertex 7.11299 29 8.10709
      vertex 7.20588 29 8.07555
    endloop
  endfacet
  facet normal 0 1 0
    outer loop
      vertex 9.4 29 4.3
      vertex 7.025 29 8.15048
      vertex 7.11299 29 8.10709
    endloop
  endfacet
  facet normal 0 1 0
    outer loop
      vertex 3 29 0
      vertex 7.025 29 8.15048
      vertex 9.4 29 4.3
    endloop
  endfacet
  facet normal 0 1 0
    outer loop
      vertex 7.025 29 8.15048
      vertex 3 29 0
      vertex 6.94343 29 8.20498
    endloop
  endfacet
  facet normal 0 1 0
    outer loop
      vertex 6.94343 29 8.20498
      vertex 3 29 0
      vertex 6.86967 29 8.26967
    endloop
  endfacet
  facet normal 0 1 0
    outer loop
      vertex 6.70709 29 8.51299
      vertex 3 29 0
      vertex 3 29 11.9
    endloop
  endfacet
  facet normal 0 1 0
    outer loop
      vertex 22.4 29 4.3
      vertex 3 29 0
      vertex 9.4 29 4.3
    endloop
  endfacet
  facet normal -0.194945 0.980814 0
    outer loop
      vertex 2.60843 28.9743 0
      vertex 2.22354 28.8978 11.9
      vertex 2.60843 28.9743 11.9
    endloop
  endfacet
  facet normal -0.194945 0.980814 0
    outer loop
      vertex 2.22354 28.8978 11.9
      vertex 2.60843 28.9743 0
      vertex 2.22354 28.8978 0
    endloop
  endfacet
  facet normal -0.442171 0.896931 0
    outer loop
      vertex 1.85194 28.7716 0
      vertex 1.5 28.5981 11.9
      vertex 1.85194 28.7716 11.9
    endloop
  endfacet
  facet normal -0.442171 0.896931 0
    outer loop
      vertex 1.5 28.5981 11.9
      vertex 1.85194 28.7716 0
      vertex 1.5 28.5981 0
    endloop
  endfacet
  facet normal 0.997853 0.0654873 0
    outer loop
      vertex 74 26 11.9
      vertex 73.9743 26.3916 0
      vertex 73.9743 26.3916 11.9
    endloop
  endfacet
  facet normal 0.997853 0.0654873 0
    outer loop
      vertex 73.9743 26.3916 0
      vertex 74 26 11.9
      vertex 74 26 0
    endloop
  endfacet
  facet normal 1 0 0
    outer loop
      vertex 74 26 11.9
      vertex 74 24 5
      vertex 74 26 0
    endloop
  endfacet
  facet normal 1 0 0
    outer loop
      vertex 74 26 11.9
      vertex 74 19 5
      vertex 74 24 5
    endloop
  endfacet
  facet normal 1 0 0
    outer loop
      vertex 74 12.6812 4.71284
      vertex 74 19 5
      vertex 74 12.7 5
    endloop
  endfacet
  facet normal 1 -0 0
    outer loop
      vertex 74 11.8393 6.74538
      vertex 74 19 5
      vertex 74 26 11.9
    endloop
  endfacet
  facet normal 1 0 0
    outer loop
      vertex 74 19 5
      vertex 74 12.6812 5.28716
      vertex 74 12.7 5
    endloop
  endfacet
  facet normal 1 0 0
    outer loop
      vertex 74 19 5
      vertex 74 12.625 5.5694
      vertex 74 12.6812 5.28716
    endloop
  endfacet
  facet normal 1 0 0
    outer loop
      vertex 74 19 5
      vertex 74 12.5325 5.8419
      vertex 74 12.625 5.5694
    endloop
  endfacet
  facet normal 1 0 0
    outer loop
      vertex 74 19 5
      vertex 74 12.4053 6.1
      vertex 74 12.5325 5.8419
    endloop
  endfacet
  facet normal 1 0 0
    outer loop
      vertex 74 19 5
      vertex 74 12.2454 6.33927
      vertex 74 12.4053 6.1
    endloop
  endfacet
  facet normal 1 0 0
    outer loop
      vertex 74 19 5
      vertex 74 12.0556 6.55563
      vertex 74 12.2454 6.33927
    endloop
  endfacet
  facet normal 1 0 0
    outer loop
      vertex 74 19 5
      vertex 74 11.8393 6.74538
      vertex 74 12.0556 6.55563
    endloop
  endfacet
  facet normal 1 0 0
    outer loop
      vertex 74 26 11.9
      vertex 74 11.6 6.90526
      vertex 74 11.8393 6.74538
    endloop
  endfacet
  facet normal 1 0 0
    outer loop
      vertex 74 26 11.9
      vertex 74 11.3419 7.03253
      vertex 74 11.6 6.90526
    endloop
  endfacet
  facet normal 1 0 0
    outer loop
      vertex 74 26 11.9
      vertex 74 11.0694 7.12504
      vertex 74 11.3419 7.03253
    endloop
  endfacet
  facet normal 1 -0 0
    outer loop
      vertex 74 3 11.9
      vertex 74 11.0694 7.12504
      vertex 74 26 11.9
    endloop
  endfacet
  facet normal 1 0 0
    outer loop
      vertex 74 11.0694 7.12504
      vertex 74 3 11.9
      vertex 74 10.7872 7.18118
    endloop
  endfacet
  facet normal 1 0 0
    outer loop
      vertex 74 10.7872 7.18118
      vertex 74 3 11.9
      vertex 74 10.5 7.2
    endloop
  endfacet
  facet normal 1 0 0
    outer loop
      vertex 74 10.5 7.2
      vertex 74 3 11.9
      vertex 74 10.2128 7.18118
    endloop
  endfacet
  facet normal 1 0 0
    outer loop
      vertex 74 3 0
      vertex 74 8.31882 5.28716
      vertex 74 3 11.9
    endloop
  endfacet
  facet normal 1 0 0
    outer loop
      vertex 74 8.37496 5.5694
      vertex 74 3 11.9
      vertex 74 8.31882 5.28716
    endloop
  endfacet
  facet normal 1 0 0
    outer loop
      vertex 74 8.46746 5.8419
      vertex 74 3 11.9
      vertex 74 8.37496 5.5694
    endloop
  endfacet
  facet normal 1 0 0
    outer loop
      vertex 74 8.59474 6.1
      vertex 74 3 11.9
      vertex 74 8.46746 5.8419
    endloop
  endfacet
  facet normal 1 0 0
    outer loop
      vertex 74 8.75462 6.33927
      vertex 74 3 11.9
      vertex 74 8.59474 6.1
    endloop
  endfacet
  facet normal 1 0 0
    outer loop
      vertex 74 8.94436 6.55563
      vertex 74 3 11.9
      vertex 74 8.75462 6.33927
    endloop
  endfacet
  facet normal 1 0 0
    outer loop
      vertex 74 9.16072 6.74538
      vertex 74 3 11.9
      vertex 74 8.94436 6.55563
    endloop
  endfacet
  facet normal 1 0 0
    outer loop
      vertex 74 9.4 6.90526
      vertex 74 3 11.9
      vertex 74 9.16072 6.74538
    endloop
  endfacet
  facet normal 1 0 0
    outer loop
      vertex 74 9.6581 7.03253
      vertex 74 3 11.9
      vertex 74 9.4 6.90526
    endloop
  endfacet
  facet normal 1 0 0
    outer loop
      vertex 74 9.9306 7.12504
      vertex 74 3 11.9
      vertex 74 9.6581 7.03253
    endloop
  endfacet
  facet normal 1 0 0
    outer loop
      vertex 74 10.2128 7.18118
      vertex 74 3 11.9
      vertex 74 9.9306 7.12504
    endloop
  endfacet
  facet normal 1 -0 0
    outer loop
      vertex 74 24 3
      vertex 74 26 0
      vertex 74 24 5
    endloop
  endfacet
  facet normal 1 -0 0
    outer loop
      vertex 74 19 3
      vertex 74 26 0
      vertex 74 24 3
    endloop
  endfacet
  facet normal 1 0 0
    outer loop
      vertex 74 19 5
      vertex 74 12.6812 4.71284
      vertex 74 19 3
    endloop
  endfacet
  facet normal 1 -0 0
    outer loop
      vertex 74 12.625 4.4306
      vertex 74 19 3
      vertex 74 12.6812 4.71284
    endloop
  endfacet
  facet normal 1 -0 0
    outer loop
      vertex 74 12.5325 4.1581
      vertex 74 19 3
      vertex 74 12.625 4.4306
    endloop
  endfacet
  facet normal 1 -0 0
    outer loop
      vertex 74 12.4053 3.9
      vertex 74 19 3
      vertex 74 12.5325 4.1581
    endloop
  endfacet
  facet normal 1 -0 0
    outer loop
      vertex 74 12.2454 3.66072
      vertex 74 19 3
      vertex 74 12.4053 3.9
    endloop
  endfacet
  facet normal 1 -0 0
    outer loop
      vertex 74 12.0556 3.44436
      vertex 74 19 3
      vertex 74 12.2454 3.66072
    endloop
  endfacet
  facet normal 1 -0 0
    outer loop
      vertex 74 11.8393 3.25462
      vertex 74 19 3
      vertex 74 12.0556 3.44436
    endloop
  endfacet
  facet normal 1 -0 0
    outer loop
      vertex 74 11.6 3.09474
      vertex 74 19 3
      vertex 74 11.8393 3.25462
    endloop
  endfacet
  facet normal 1 0 0
    outer loop
      vertex 74 11.3419 2.96746
      vertex 74 19 3
      vertex 74 11.6 3.09474
    endloop
  endfacet
  facet normal 1 0 0
    outer loop
      vertex 74 11.0694 2.87496
      vertex 74 19 3
      vertex 74 11.3419 2.96746
    endloop
  endfacet
  facet normal 1 0 0
    outer loop
      vertex 74 19 3
      vertex 74 11.0694 2.87496
      vertex 74 26 0
    endloop
  endfacet
  facet normal 1 -0 0
    outer loop
      vertex 74 10.7872 2.81882
      vertex 74 26 0
      vertex 74 11.0694 2.87496
    endloop
  endfacet
  facet normal 1 0 0
    outer loop
      vertex 74 3 0
      vertex 74 10.7872 2.81882
      vertex 74 10.5 2.8
    endloop
  endfacet
  facet normal 1 0 0
    outer loop
      vertex 74 3 0
      vertex 74 10.5 2.8
      vertex 74 10.2128 2.81882
    endloop
  endfacet
  facet normal 1 0 0
    outer loop
      vertex 74 8.31882 5.28716
      vertex 74 3 0
      vertex 74 8.3 5
    endloop
  endfacet
  facet normal 1 0 0
    outer loop
      vertex 74 8.3 5
      vertex 74 3 0
      vertex 74 8.31882 4.71284
    endloop
  endfacet
  facet normal 1 0 0
    outer loop
      vertex 74 8.31882 4.71284
      vertex 74 3 0
      vertex 74 8.37496 4.4306
    endloop
  endfacet
  facet normal 1 0 0
    outer loop
      vertex 74 8.37496 4.4306
      vertex 74 3 0
      vertex 74 8.46746 4.1581
    endloop
  endfacet
  facet normal 1 0 0
    outer loop
      vertex 74 8.46746 4.1581
      vertex 74 3 0
      vertex 74 8.59474 3.9
    endloop
  endfacet
  facet normal 1 0 0
    outer loop
      vertex 74 10.7872 2.81882
      vertex 74 3 0
      vertex 74 26 0
    endloop
  endfacet
  facet normal 1 0 0
    outer loop
      vertex 74 9.9306 2.87496
      vertex 74 3 0
      vertex 74 10.2128 2.81882
    endloop
  endfacet
  facet normal 1 0 0
    outer loop
      vertex 74 9.6581 2.96746
      vertex 74 3 0
      vertex 74 9.9306 2.87496
    endloop
  endfacet
  facet normal 1 0 0
    outer loop
      vertex 74 9.4 3.09474
      vertex 74 3 0
      vertex 74 9.6581 2.96746
    endloop
  endfacet
  facet normal 1 0 0
    outer loop
      vertex 74 9.16072 3.25462
      vertex 74 3 0
      vertex 74 9.4 3.09474
    endloop
  endfacet
  facet normal 1 0 0
    outer loop
      vertex 74 8.94436 3.44436
      vertex 74 3 0
      vertex 74 9.16072 3.25462
    endloop
  endfacet
  facet normal 1 0 0
    outer loop
      vertex 74 8.75462 3.66072
      vertex 74 3 0
      vertex 74 8.94436 3.44436
    endloop
  endfacet
  facet normal 1 0 0
    outer loop
      vertex 74 8.59474 3.9
      vertex 74 3 0
      vertex 74 8.75462 3.66072
    endloop
  endfacet
  facet normal -0.321574 0.946885 0
    outer loop
      vertex 2.22354 28.8978 0
      vertex 1.85194 28.7716 11.9
      vertex 2.22354 28.8978 11.9
    endloop
  endfacet
  facet normal -0.321574 0.946885 0
    outer loop
      vertex 1.85194 28.7716 11.9
      vertex 2.22354 28.8978 0
      vertex 1.85194 28.7716 0
    endloop
  endfacet
  facet normal 0.751724 0.659478 0
    outer loop
      vertex 73.3801 27.8263 11.9
      vertex 73.1213 28.1213 0
      vertex 73.1213 28.1213 11.9
    endloop
  endfacet
  facet normal 0.751724 0.659478 0
    outer loop
      vertex 73.1213 28.1213 0
      vertex 73.3801 27.8263 11.9
      vertex 73.3801 27.8263 0
    endloop
  endfacet
  facet normal -0.997859 -0.0654043 0
    outer loop
      vertex 0.0256653 2.60843 0
      vertex 0 3 11.9
      vertex 0 3 0
    endloop
  endfacet
  facet normal -0.997859 -0.0654043 0
    outer loop
      vertex 0 3 11.9
      vertex 0.0256653 2.60843 0
      vertex 0.0256653 2.60843 11.9
    endloop
  endfacet
  facet normal 0.19494 0.980815 -0
    outer loop
      vertex 71.7765 28.8978 0
      vertex 71.3916 28.9743 11.9
      vertex 71.7765 28.8978 11.9
    endloop
  endfacet
  facet normal 0.19494 0.980815 0
    outer loop
      vertex 71.3916 28.9743 11.9
      vertex 71.7765 28.8978 0
      vertex 71.3916 28.9743 0
    endloop
  endfacet
  facet normal -0.195076 -0.980788 0
    outer loop
      vertex 2.22354 0.102219 0
      vertex 2.60843 0.0256653 11.9
      vertex 2.22354 0.102219 11.9
    endloop
  endfacet
  facet normal -0.195076 -0.980788 -0
    outer loop
      vertex 2.60843 0.0256653 11.9
      vertex 2.22354 0.102219 0
      vertex 2.60843 0.0256653 0
    endloop
  endfacet
  facet normal -0.0654043 -0.997859 0
    outer loop
      vertex 2.60843 0.0256653 0
      vertex 3 0 11.9
      vertex 2.60843 0.0256653 11.9
    endloop
  endfacet
  facet normal -0.0654043 -0.997859 -0
    outer loop
      vertex 3 0 11.9
      vertex 2.60843 0.0256653 0
      vertex 3 0 0
    endloop
  endfacet
  facet normal 0.321574 0.946885 -0
    outer loop
      vertex 72.1481 28.7716 0
      vertex 71.7765 28.8978 11.9
      vertex 72.1481 28.7716 11.9
    endloop
  endfacet
  facet normal 0.321574 0.946885 0
    outer loop
      vertex 71.7765 28.8978 11.9
      vertex 72.1481 28.7716 0
      vertex 71.7765 28.8978 0
    endloop
  endfacet
  facet normal -0.751796 0.659396 0
    outer loop
      vertex 0.619934 27.8263 0
      vertex 0.878677 28.1213 11.9
      vertex 0.878677 28.1213 0
    endloop
  endfacet
  facet normal -0.751796 0.659396 0
    outer loop
      vertex 0.878677 28.1213 11.9
      vertex 0.619934 27.8263 0
      vertex 0.619934 27.8263 11.9
    endloop
  endfacet
  facet normal -0.831481 0.555553 0
    outer loop
      vertex 0.401917 27.5 0
      vertex 0.619934 27.8263 11.9
      vertex 0.619934 27.8263 0
    endloop
  endfacet
  facet normal -0.831481 0.555553 0
    outer loop
      vertex 0.619934 27.8263 11.9
      vertex 0.401917 27.5 0
      vertex 0.401917 27.5 11.9
    endloop
  endfacet
  facet normal -0.659342 -0.751843 0
    outer loop
      vertex 0.878677 0.878677 0
      vertex 1.17372 0.619934 11.9
      vertex 0.878677 0.878677 11.9
    endloop
  endfacet
  facet normal -0.659342 -0.751843 -0
    outer loop
      vertex 1.17372 0.619934 11.9
      vertex 0.878677 0.878677 0
      vertex 1.17372 0.619934 0
    endloop
  endfacet
  facet normal -0.946928 0.321446 0
    outer loop
      vertex 0.102219 26.7765 0
      vertex 0.228363 27.1481 11.9
      vertex 0.228363 27.1481 0
    endloop
  endfacet
  facet normal -0.946928 0.321446 0
    outer loop
      vertex 0.228363 27.1481 11.9
      vertex 0.102219 26.7765 0
      vertex 0.102219 26.7765 11.9
    endloop
  endfacet
  facet normal 0.0654873 0.997853 -0
    outer loop
      vertex 71.3916 28.9743 0
      vertex 71 29 11.9
      vertex 71.3916 28.9743 11.9
    endloop
  endfacet
  facet normal 0.0654873 0.997853 0
    outer loop
      vertex 71 29 11.9
      vertex 71.3916 28.9743 0
      vertex 71 29 0
    endloop
  endfacet
  facet normal -0.659424 0.751771 0
    outer loop
      vertex 1.17372 28.3801 0
      vertex 0.878677 28.1213 11.9
      vertex 1.17372 28.3801 11.9
    endloop
  endfacet
  facet normal -0.659424 0.751771 0
    outer loop
      vertex 0.878677 28.1213 11.9
      vertex 1.17372 28.3801 0
      vertex 0.878677 28.1213 0
    endloop
  endfacet
  facet normal 0.751771 -0.659424 0
    outer loop
      vertex 73.1213 0.878677 11.9
      vertex 73.3801 1.17372 0
      vertex 73.3801 1.17372 11.9
    endloop
  endfacet
  facet normal 0.751771 -0.659424 0
    outer loop
      vertex 73.3801 1.17372 0
      vertex 73.1213 0.878677 11.9
      vertex 73.1213 0.878677 0
    endloop
  endfacet
  facet normal 0.659415 -0.751779 0
    outer loop
      vertex 73.0395 0.806927 0
      vertex 73.1213 0.878677 11.9
      vertex 73.0395 0.806927 11.9
    endloop
  endfacet
  facet normal 0.659415 -0.751779 0
    outer loop
      vertex 73.1213 0.878677 11.9
      vertex 73.0395 0.806927 0
      vertex 73.1213 0.878677 0
    endloop
  endfacet
  facet normal -0.980789 0.195072 0
    outer loop
      vertex 0.0256653 26.3916 0
      vertex 0.102219 26.7765 11.9
      vertex 0.102219 26.7765 0
    endloop
  endfacet
  facet normal -0.980789 0.195072 0
    outer loop
      vertex 0.102219 26.7765 11.9
      vertex 0.0256653 26.3916 0
      vertex 0.0256653 26.3916 11.9
    endloop
  endfacet
  facet normal -0.997859 0.0653993 0
    outer loop
      vertex 0 26 0
      vertex 0.0256653 26.3916 11.9
      vertex 0.0256653 26.3916 0
    endloop
  endfacet
  facet normal -0.997859 0.0653993 0
    outer loop
      vertex 0.0256653 26.3916 11.9
      vertex 0 26 0
      vertex 0 26 11.9
    endloop
  endfacet
  facet normal -0.896876 -0.442281 0
    outer loop
      vertex 0.401917 1.5 0
      vertex 0.228363 1.85194 11.9
      vertex 0.228363 1.85194 0
    endloop
  endfacet
  facet normal -0.896876 -0.442281 0
    outer loop
      vertex 0.228363 1.85194 11.9
      vertex 0.401917 1.5 0
      vertex 0.401917 1.5 11.9
    endloop
  endfacet
  facet normal 0.946885 0.321574 0
    outer loop
      vertex 73.8978 26.7765 11.9
      vertex 73.7716 27.1481 0
      vertex 73.7716 27.1481 11.9
    endloop
  endfacet
  facet normal 0.946885 0.321574 0
    outer loop
      vertex 73.7716 27.1481 0
      vertex 73.8978 26.7765 11.9
      vertex 73.8978 26.7765 0
    endloop
  endfacet
  facet normal 0.896931 -0.442171 0
    outer loop
      vertex 73.5981 1.5 11.9
      vertex 73.7716 1.85194 0
      vertex 73.7716 1.85194 11.9
    endloop
  endfacet
  facet normal 0.896931 -0.442171 0
    outer loop
      vertex 73.7716 1.85194 0
      vertex 73.5981 1.5 11.9
      vertex 73.5981 1.5 0
    endloop
  endfacet
  facet normal 0.831501 0.555523 0
    outer loop
      vertex 73.5981 27.5 11.9
      vertex 73.3801 27.8263 0
      vertex 73.3801 27.8263 11.9
    endloop
  endfacet
  facet normal 0.831501 0.555523 0
    outer loop
      vertex 73.3801 27.8263 0
      vertex 73.5981 27.5 11.9
      vertex 73.5981 27.5 0
    endloop
  endfacet
  facet normal -0 0 -1
    outer loop
      vertex 68.0681 -3.01764 0
      vertex 65.6533 -3.66469 0
      vertex 68.0171 -2.76105 0
    endloop
  endfacet
  facet normal 0 0 -1
    outer loop
      vertex 65.5385 -3.08737 0
      vertex 68.0171 -2.76105 0
      vertex 65.6533 -3.66469 0
    endloop
  endfacet
  facet normal 0 -0 -1
    outer loop
      vertex 66.1029 -0.25 0
      vertex 68 -2.5 0
      vertex 65.8425 -0.777925 0
    endloop
  endfacet
  facet normal 0 0 -1
    outer loop
      vertex 68 -2.5 0
      vertex 66.1029 -0.25 0
      vertex 66.2699 0 0
    endloop
  endfacet
  facet normal -0 0 -1
    outer loop
      vertex 68.0171 -2.76105 0
      vertex 65.5385 -3.08737 0
      vertex 68 -2.5 0
    endloop
  endfacet
  facet normal 0 0 -1
    outer loop
      vertex 68 -2.5 0
      vertex 65.6533 -1.33531 0
      vertex 65.8425 -0.777925 0
    endloop
  endfacet
  facet normal 0 0 -1
    outer loop
      vertex 65.5 -2.5 0
      vertex 68 -2.5 0
      vertex 65.5385 -3.08737 0
    endloop
  endfacet
  facet normal 0 0 -1
    outer loop
      vertex 68 -2.5 0
      vertex 65.5385 -1.91263 0
      vertex 65.6533 -1.33531 0
    endloop
  endfacet
  facet normal 0 0 -1
    outer loop
      vertex 68 -2.5 0
      vertex 65.5 -2.5 0
      vertex 65.5385 -1.91263 0
    endloop
  endfacet
  facet normal 0 0 -1
    outer loop
      vertex 72 -2.5 0
      vertex 74.5 -2.5 0
      vertex 74.4615 -3.08737 0
    endloop
  endfacet
  facet normal 0 0 -1
    outer loop
      vertex 71.9829 -2.76105 0
      vertex 74.4615 -3.08737 0
      vertex 74.3467 -3.66469 0
    endloop
  endfacet
  facet normal 0 0 -1
    outer loop
      vertex 74.5 -2.5 0
      vertex 72 -2.5 0
      vertex 74.4615 -1.91263 0
    endloop
  endfacet
  facet normal 0 0 -1
    outer loop
      vertex 71.9319 -3.01764 0
      vertex 74.3467 -3.66469 0
      vertex 74.1575 -4.22207 0
    endloop
  endfacet
  facet normal 0 0 -1
    outer loop
      vertex 71.9829 -2.23895 0
      vertex 74.4615 -1.91263 0
      vertex 72 -2.5 0
    endloop
  endfacet
  facet normal 0 0 -1
    outer loop
      vertex 71.8478 -3.26537 0
      vertex 74.1575 -4.22207 0
      vertex 73.8971 -4.75 0
    endloop
  endfacet
  facet normal -0 0 -1
    outer loop
      vertex 74.4615 -1.91263 0
      vertex 71.9829 -2.23895 0
      vertex 74.3467 -1.33531 0
    endloop
  endfacet
  facet normal 0 0 -1
    outer loop
      vertex 71.732 -3.5 0
      vertex 73.8971 -4.75 0
      vertex 73.5701 -5.23943 0
    endloop
  endfacet
  facet normal 0 0 -1
    outer loop
      vertex 71.9319 -1.98236 0
      vertex 74.3467 -1.33531 0
      vertex 71.9829 -2.23895 0
    endloop
  endfacet
  facet normal 0 0 -1
    outer loop
      vertex 71.5867 -3.71752 0
      vertex 73.5701 -5.23943 0
      vertex 73.182 -5.68198 0
    endloop
  endfacet
  facet normal -0 0 -1
    outer loop
      vertex 74.3467 -1.33531 0
      vertex 71.9319 -1.98236 0
      vertex 74.1575 -0.777925 0
    endloop
  endfacet
  facet normal 0 0 -1
    outer loop
      vertex 71.8478 -1.73463 0
      vertex 74.1575 -0.777925 0
      vertex 71.9319 -1.98236 0
    endloop
  endfacet
  facet normal 0 0 -1
    outer loop
      vertex 71.4142 -3.91421 0
      vertex 73.182 -5.68198 0
      vertex 72.7394 -6.07009 0
    endloop
  endfacet
  facet normal -0 0 -1
    outer loop
      vertex 74.1575 -0.777925 0
      vertex 71.8478 -1.73463 0
      vertex 73.8971 -0.25 0
    endloop
  endfacet
  facet normal -0 0 -1
    outer loop
      vertex 73.8971 -0.25 0
      vertex 71.732 -1.5 0
      vertex 73.5701 0.239426 0
    endloop
  endfacet
  facet normal 0 0 -1
    outer loop
      vertex 71.2175 -4.08671 0
      vertex 72.7394 -6.07009 0
      vertex 72.25 -6.39711 0
    endloop
  endfacet
  facet normal 0 0 -1
    outer loop
      vertex 71.732 -1.5 0
      vertex 73.8971 -0.25 0
      vertex 71.8478 -1.73463 0
    endloop
  endfacet
  facet normal 0 0 -1
    outer loop
      vertex 71.5867 -1.28248 0
      vertex 73.5701 0.239426 0
      vertex 71.732 -1.5 0
    endloop
  endfacet
  facet normal 0 0 -1
    outer loop
      vertex 74.4615 -3.08737 0
      vertex 71.9829 -2.76105 0
      vertex 72 -2.5 0
    endloop
  endfacet
  facet normal 0 0 -1
    outer loop
      vertex 74.3467 -3.66469 0
      vertex 71.9319 -3.01764 0
      vertex 71.9829 -2.76105 0
    endloop
  endfacet
  facet normal 0 0 -1
    outer loop
      vertex 74.1575 -4.22207 0
      vertex 71.8478 -3.26537 0
      vertex 71.9319 -3.01764 0
    endloop
  endfacet
  facet normal 0 0 -1
    outer loop
      vertex 73.8971 -4.75 0
      vertex 71.732 -3.5 0
      vertex 71.8478 -3.26537 0
    endloop
  endfacet
  facet normal 0 0 -1
    outer loop
      vertex 71 -4.23205 0
      vertex 72.25 -6.39711 0
      vertex 71.7221 -6.65746 0
    endloop
  endfacet
  facet normal 0 0 -1
    outer loop
      vertex 73.5701 -5.23943 0
      vertex 71.5867 -3.71752 0
      vertex 71.732 -3.5 0
    endloop
  endfacet
  facet normal 0 0 -1
    outer loop
      vertex 73.182 -5.68198 0
      vertex 71.4142 -3.91421 0
      vertex 71.5867 -3.71752 0
    endloop
  endfacet
  facet normal 0 0 -1
    outer loop
      vertex 72.7394 -6.07009 0
      vertex 71.2175 -4.08671 0
      vertex 71.4142 -3.91421 0
    endloop
  endfacet
  facet normal 0 0 -1
    outer loop
      vertex 70.7654 -4.34776 0
      vertex 71.7221 -6.65746 0
      vertex 71.1647 -6.84667 0
    endloop
  endfacet
  facet normal 0 0 -1
    outer loop
      vertex 72.25 -6.39711 0
      vertex 71 -4.23205 0
      vertex 71.2175 -4.08671 0
    endloop
  endfacet
  facet normal 0 0 -1
    outer loop
      vertex 71.7221 -6.65746 0
      vertex 70.7654 -4.34776 0
      vertex 71 -4.23205 0
    endloop
  endfacet
  facet normal 0 0 -1
    outer loop
      vertex 70.5176 -4.43185 0
      vertex 71.1647 -6.84667 0
      vertex 70.5874 -6.9615 0
    endloop
  endfacet
  facet normal 0 0 -1
    outer loop
      vertex 71.1647 -6.84667 0
      vertex 70.5176 -4.43185 0
      vertex 70.7654 -4.34776 0
    endloop
  endfacet
  facet normal 0 0 -1
    outer loop
      vertex 70.5874 -6.9615 0
      vertex 70.2611 -4.48289 0
      vertex 70.5176 -4.43185 0
    endloop
  endfacet
  facet normal 0 0 -1
    outer loop
      vertex 70 -7 0
      vertex 70.2611 -4.48289 0
      vertex 70.5874 -6.9615 0
    endloop
  endfacet
  facet normal 0 0 -1
    outer loop
      vertex 70 -7 0
      vertex 70 -4.5 0
      vertex 70.2611 -4.48289 0
    endloop
  endfacet
  facet normal 0 0 -1
    outer loop
      vertex 70 -7 0
      vertex 69.7389 -4.48289 0
      vertex 70 -4.5 0
    endloop
  endfacet
  facet normal 0 0 -1
    outer loop
      vertex 69.4126 -6.9615 0
      vertex 69.7389 -4.48289 0
      vertex 70 -7 0
    endloop
  endfacet
  facet normal -0 0 -1
    outer loop
      vertex 69.7389 -4.48289 0
      vertex 69.4126 -6.9615 0
      vertex 69.4824 -4.43185 0
    endloop
  endfacet
  facet normal 0 0 -1
    outer loop
      vertex 68.8353 -6.84667 0
      vertex 69.4824 -4.43185 0
      vertex 69.4126 -6.9615 0
    endloop
  endfacet
  facet normal -0 0 -1
    outer loop
      vertex 69.4824 -4.43185 0
      vertex 68.8353 -6.84667 0
      vertex 69.2346 -4.34776 0
    endloop
  endfacet
  facet normal 0 0 -1
    outer loop
      vertex 68.2779 -6.65746 0
      vertex 69.2346 -4.34776 0
      vertex 68.8353 -6.84667 0
    endloop
  endfacet
  facet normal -0 0 -1
    outer loop
      vertex 69.2346 -4.34776 0
      vertex 68.2779 -6.65746 0
      vertex 69 -4.23205 0
    endloop
  endfacet
  facet normal 0 0 -1
    outer loop
      vertex 67.75 -6.39711 0
      vertex 69 -4.23205 0
      vertex 68.2779 -6.65746 0
    endloop
  endfacet
  facet normal -0 0 -1
    outer loop
      vertex 69 -4.23205 0
      vertex 67.75 -6.39711 0
      vertex 68.7825 -4.08671 0
    endloop
  endfacet
  facet normal 0 0 -1
    outer loop
      vertex 67.2606 -6.07009 0
      vertex 68.7825 -4.08671 0
      vertex 67.75 -6.39711 0
    endloop
  endfacet
  facet normal -0 0 -1
    outer loop
      vertex 68.7825 -4.08671 0
      vertex 67.2606 -6.07009 0
      vertex 68.5858 -3.91421 0
    endloop
  endfacet
  facet normal 0 0 -1
    outer loop
      vertex 66.818 -5.68198 0
      vertex 68.5858 -3.91421 0
      vertex 67.2606 -6.07009 0
    endloop
  endfacet
  facet normal -0 0 -1
    outer loop
      vertex 68.5858 -3.91421 0
      vertex 66.818 -5.68198 0
      vertex 68.4133 -3.71752 0
    endloop
  endfacet
  facet normal 0 0 -1
    outer loop
      vertex 66.4299 -5.23943 0
      vertex 68.4133 -3.71752 0
      vertex 66.818 -5.68198 0
    endloop
  endfacet
  facet normal 0 0 -1
    outer loop
      vertex 66.1029 -4.75 0
      vertex 68.268 -3.5 0
      vertex 66.4299 -5.23943 0
    endloop
  endfacet
  facet normal -0 0 -1
    outer loop
      vertex 68.4133 -3.71752 0
      vertex 66.4299 -5.23943 0
      vertex 68.268 -3.5 0
    endloop
  endfacet
  facet normal 0 0 -1
    outer loop
      vertex 73.0395 0.806927 0
      vertex 74 3 0
      vertex 73.9743 2.60843 0
    endloop
  endfacet
  facet normal 0 0 -1
    outer loop
      vertex 72.8263 28.3801 0
      vertex 74 3 0
      vertex 73.0395 0.806927 0
    endloop
  endfacet
  facet normal 0 0 -1
    outer loop
      vertex 73.0395 0.806927 0
      vertex 73.9743 2.60843 0
      vertex 73.8978 2.22354 0
    endloop
  endfacet
  facet normal 0 0 -1
    outer loop
      vertex 74 3 0
      vertex 72.8263 28.3801 0
      vertex 74 26 0
    endloop
  endfacet
  facet normal 0 0 -1
    outer loop
      vertex 73.0395 0.806927 0
      vertex 73.8978 2.22354 0
      vertex 73.7716 1.85194 0
    endloop
  endfacet
  facet normal 0 0 -1
    outer loop
      vertex 74 26 0
      vertex 72.8263 28.3801 0
      vertex 73.9743 26.3916 0
    endloop
  endfacet
  facet normal 0 0 -1
    outer loop
      vertex 73.0395 0.806927 0
      vertex 73.7716 1.85194 0
      vertex 73.5981 1.5 0
    endloop
  endfacet
  facet normal 0 0 -1
    outer loop
      vertex 73.9743 26.3916 0
      vertex 72.8263 28.3801 0
      vertex 73.8978 26.7765 0
    endloop
  endfacet
  facet normal 0 0 -1
    outer loop
      vertex 73.0395 0.806927 0
      vertex 73.5981 1.5 0
      vertex 73.3801 1.17372 0
    endloop
  endfacet
  facet normal 0 0 -1
    outer loop
      vertex 73.8978 26.7765 0
      vertex 72.8263 28.3801 0
      vertex 73.7716 27.1481 0
    endloop
  endfacet
  facet normal 0 0 -1
    outer loop
      vertex 73.0395 0.806927 0
      vertex 73.3801 1.17372 0
      vertex 73.1213 0.878677 0
    endloop
  endfacet
  facet normal 0 0 -1
    outer loop
      vertex 73.7716 27.1481 0
      vertex 72.8263 28.3801 0
      vertex 73.5981 27.5 0
    endloop
  endfacet
  facet normal 0 0 -1
    outer loop
      vertex 73.5981 27.5 0
      vertex 72.8263 28.3801 0
      vertex 73.3801 27.8263 0
    endloop
  endfacet
  facet normal 0 0 -1
    outer loop
      vertex 73.3801 27.8263 0
      vertex 72.8263 28.3801 0
      vertex 73.1213 28.1213 0
    endloop
  endfacet
  facet normal -0 0 -1
    outer loop
      vertex 73.5701 0.239426 0
      vertex 71.5867 -1.28248 0
      vertex 73.182 0.68198 0
    endloop
  endfacet
  facet normal 0 0 -1
    outer loop
      vertex 71.4142 -1.08579 0
      vertex 73.182 0.68198 0
      vertex 71.5867 -1.28248 0
    endloop
  endfacet
  facet normal -0 0 -1
    outer loop
      vertex 73.182 0.68198 0
      vertex 71.4142 -1.08579 0
      vertex 73.0395 0.806927 0
    endloop
  endfacet
  facet normal 0 0 -1
    outer loop
      vertex 71.2175 -0.913293 0
      vertex 73.0395 0.806927 0
      vertex 71.4142 -1.08579 0
    endloop
  endfacet
  facet normal 0 0 -1
    outer loop
      vertex 71 -0.767949 0
      vertex 73.0395 0.806927 0
      vertex 71.2175 -0.913293 0
    endloop
  endfacet
  facet normal 0 0 -1
    outer loop
      vertex 70.7654 -0.652241 0
      vertex 73.0395 0.806927 0
      vertex 71 -0.767949 0
    endloop
  endfacet
  facet normal 0 0 -1
    outer loop
      vertex 70.5176 -0.568148 0
      vertex 73.0395 0.806927 0
      vertex 70.7654 -0.652241 0
    endloop
  endfacet
  facet normal 0 0 -1
    outer loop
      vertex 70.2611 -0.51711 0
      vertex 73.0395 0.806927 0
      vertex 70.5176 -0.568148 0
    endloop
  endfacet
  facet normal 0 0 -1
    outer loop
      vertex 70 -0.5 0
      vertex 73.0395 0.806927 0
      vertex 70.2611 -0.51711 0
    endloop
  endfacet
  facet normal 0 0 -1
    outer loop
      vertex 69.7389 -0.51711 0
      vertex 73.0395 0.806927 0
      vertex 70 -0.5 0
    endloop
  endfacet
  facet normal -0 0 -1
    outer loop
      vertex 73.0395 0.806927 0
      vertex 66.2699 0 0
      vertex 72.8263 28.3801 0
    endloop
  endfacet
  facet normal 0 -0 -1
    outer loop
      vertex 71 29 0
      vertex 72.8263 28.3801 0
      vertex 66.2699 0 0
    endloop
  endfacet
  facet normal 0 0 -1
    outer loop
      vertex 72.8263 28.3801 0
      vertex 71 29 0
      vertex 72.5 28.5981 0
    endloop
  endfacet
  facet normal 0 0 -1
    outer loop
      vertex 72.5 28.5981 0
      vertex 71 29 0
      vertex 72.1481 28.7716 0
    endloop
  endfacet
  facet normal 0 0 -1
    outer loop
      vertex 71.7765 28.8978 0
      vertex 71 29 0
      vertex 71.3916 28.9743 0
    endloop
  endfacet
  facet normal 0 0 -1
    outer loop
      vertex 73.0395 0.806927 0
      vertex 69.7389 -0.51711 0
      vertex 66.2699 0 0
    endloop
  endfacet
  facet normal 0 0 -1
    outer loop
      vertex 66.2699 0 0
      vertex 69.7389 -0.51711 0
      vertex 69.4824 -0.568148 0
    endloop
  endfacet
  facet normal 0 0 -1
    outer loop
      vertex 66.2699 0 0
      vertex 69.4824 -0.568148 0
      vertex 69.2346 -0.652241 0
    endloop
  endfacet
  facet normal 0 0 -1
    outer loop
      vertex 66.2699 0 0
      vertex 69.2346 -0.652241 0
      vertex 69 -0.767949 0
    endloop
  endfacet
  facet normal 0 0 -1
    outer loop
      vertex 66.2699 0 0
      vertex 69 -0.767949 0
      vertex 68.7825 -0.913293 0
    endloop
  endfacet
  facet normal 0 0 -1
    outer loop
      vertex 66.2699 0 0
      vertex 68.7825 -0.913293 0
      vertex 68.5858 -1.08579 0
    endloop
  endfacet
  facet normal 0 0 -1
    outer loop
      vertex 66.2699 0 0
      vertex 68.5858 -1.08579 0
      vertex 68.4133 -1.28248 0
    endloop
  endfacet
  facet normal 0 0 -1
    outer loop
      vertex 66.2699 0 0
      vertex 68.4133 -1.28248 0
      vertex 68.268 -1.5 0
    endloop
  endfacet
  facet normal 0 0 -1
    outer loop
      vertex 66.2699 0 0
      vertex 68.268 -1.5 0
      vertex 68.1522 -1.73463 0
    endloop
  endfacet
  facet normal 0 0 -1
    outer loop
      vertex 66.2699 0 0
      vertex 68.1522 -1.73463 0
      vertex 68.0681 -1.98236 0
    endloop
  endfacet
  facet normal 0 0 -1
    outer loop
      vertex 66.2699 0 0
      vertex 68.0681 -1.98236 0
      vertex 68.0171 -2.23895 0
    endloop
  endfacet
  facet normal -0 0 -1
    outer loop
      vertex 68.268 -3.5 0
      vertex 66.1029 -4.75 0
      vertex 68.1522 -3.26537 0
    endloop
  endfacet
  facet normal 0 0 -1
    outer loop
      vertex 65.8425 -4.22207 0
      vertex 68.1522 -3.26537 0
      vertex 66.1029 -4.75 0
    endloop
  endfacet
  facet normal -0 0 -1
    outer loop
      vertex 68.1522 -3.26537 0
      vertex 65.8425 -4.22207 0
      vertex 68.0681 -3.01764 0
    endloop
  endfacet
  facet normal 0 0 -1
    outer loop
      vertex 65.6533 -3.66469 0
      vertex 68.0681 -3.01764 0
      vertex 65.8425 -4.22207 0
    endloop
  endfacet
  facet normal 0 0 -1
    outer loop
      vertex 68 -2.5 0
      vertex 66.2699 0 0
      vertex 68.0171 -2.23895 0
    endloop
  endfacet
  facet normal 0 0 -1
    outer loop
      vertex 72.1481 28.7716 0
      vertex 71 29 0
      vertex 71.7765 28.8978 0
    endloop
  endfacet
  facet normal 0 0 -1
    outer loop
      vertex 3 29 0
      vertex 66.2699 0 0
      vertex 3 0 0
    endloop
  endfacet
  facet normal 0 0 -1
    outer loop
      vertex 66.2699 0 0
      vertex 3 29 0
      vertex 71 29 0
    endloop
  endfacet
  facet normal 0 0 -1
    outer loop
      vertex 0 3 0
      vertex 3 0 0
      vertex 2.60843 0.0256653 0
    endloop
  endfacet
  facet normal 0 0 -1
    outer loop
      vertex 3 0 0
      vertex 0 3 0
      vertex 3 29 0
    endloop
  endfacet
  facet normal 0 0 -1
    outer loop
      vertex 0 3 0
      vertex 2.60843 0.0256653 0
      vertex 2.22354 0.102219 0
    endloop
  endfacet
  facet normal 0 0 -1
    outer loop
      vertex 0 26 0
      vertex 3 29 0
      vertex 0 3 0
    endloop
  endfacet
  facet normal 0 0 -1
    outer loop
      vertex 0 3 0
      vertex 2.22354 0.102219 0
      vertex 1.85194 0.228363 0
    endloop
  endfacet
  facet normal 0 0 -1
    outer loop
      vertex 3 29 0
      vertex 0 26 0
      vertex 2.60843 28.9743 0
    endloop
  endfacet
  facet normal 0 0 -1
    outer loop
      vertex 0 3 0
      vertex 1.85194 0.228363 0
      vertex 1.5 0.401917 0
    endloop
  endfacet
  facet normal 0 0 -1
    outer loop
      vertex 2.60843 28.9743 0
      vertex 0 26 0
      vertex 2.22354 28.8978 0
    endloop
  endfacet
  facet normal 0 0 -1
    outer loop
      vertex 0 3 0
      vertex 1.5 0.401917 0
      vertex 1.17372 0.619934 0
    endloop
  endfacet
  facet normal 0 0 -1
    outer loop
      vertex 2.22354 28.8978 0
      vertex 0 26 0
      vertex 1.85194 28.7716 0
    endloop
  endfacet
  facet normal 0 0 -1
    outer loop
      vertex 0 3 0
      vertex 1.17372 0.619934 0
      vertex 0.878677 0.878677 0
    endloop
  endfacet
  facet normal 0 0 -1
    outer loop
      vertex 1.85194 28.7716 0
      vertex 0 26 0
      vertex 1.5 28.5981 0
    endloop
  endfacet
  facet normal 0 0 -1
    outer loop
      vertex 0 3 0
      vertex 0.878677 0.878677 0
      vertex 0.619934 1.17372 0
    endloop
  endfacet
  facet normal 0 0 -1
    outer loop
      vertex 1.5 28.5981 0
      vertex 0 26 0
      vertex 1.17372 28.3801 0
    endloop
  endfacet
  facet normal 0 0 -1
    outer loop
      vertex 0 3 0
      vertex 0.619934 1.17372 0
      vertex 0.401917 1.5 0
    endloop
  endfacet
  facet normal 0 0 -1
    outer loop
      vertex 1.17372 28.3801 0
      vertex 0 26 0
      vertex 0.878677 28.1213 0
    endloop
  endfacet
  facet normal 0 0 -1
    outer loop
      vertex 0 3 0
      vertex 0.401917 1.5 0
      vertex 0.228363 1.85194 0
    endloop
  endfacet
  facet normal 0 0 -1
    outer loop
      vertex 0.878677 28.1213 0
      vertex 0 26 0
      vertex 0.619934 27.8263 0
    endloop
  endfacet
  facet normal 0 0 -1
    outer loop
      vertex 0 3 0
      vertex 0.228363 1.85194 0
      vertex 0.102219 2.22354 0
    endloop
  endfacet
  facet normal 0 0 -1
    outer loop
      vertex 0.619934 27.8263 0
      vertex 0 26 0
      vertex 0.401917 27.5 0
    endloop
  endfacet
  facet normal 0 0 -1
    outer loop
      vertex 0 3 0
      vertex 0.102219 2.22354 0
      vertex 0.0256653 2.60843 0
    endloop
  endfacet
  facet normal 0 0 -1
    outer loop
      vertex 0.401917 27.5 0
      vertex 0 26 0
      vertex 0.228363 27.1481 0
    endloop
  endfacet
  facet normal 0 0 -1
    outer loop
      vertex 0.228363 27.1481 0
      vertex 0 26 0
      vertex 0.102219 26.7765 0
    endloop
  endfacet
  facet normal 0 0 -1
    outer loop
      vertex 0.102219 26.7765 0
      vertex 0 26 0
      vertex 0.0256653 26.3916 0
    endloop
  endfacet
  facet normal 0 0 1
    outer loop
      vertex 72.4 26 11.9
      vertex 74 26 11.9
      vertex 73.9743 26.3916 11.9
    endloop
  endfacet
  facet normal 0 0 1
    outer loop
      vertex 74 26 11.9
      vertex 72.4 26 11.9
      vertex 74 3 11.9
    endloop
  endfacet
  facet normal 0 0 1
    outer loop
      vertex 72.388 26.1827 11.9
      vertex 73.9743 26.3916 11.9
      vertex 73.8978 26.7765 11.9
    endloop
  endfacet
  facet normal 0 0 1
    outer loop
      vertex 72.4 3 11.9
      vertex 74 3 11.9
      vertex 72.4 26 11.9
    endloop
  endfacet
  facet normal 0 0 1
    outer loop
      vertex 72.3523 26.3624 11.9
      vertex 73.8978 26.7765 11.9
      vertex 73.7716 27.1481 11.9
    endloop
  endfacet
  facet normal 0 0 1
    outer loop
      vertex 74 3 11.9
      vertex 72.4 3 11.9
      vertex 73.9743 2.60843 11.9
    endloop
  endfacet
  facet normal 0 0 1
    outer loop
      vertex 72.2934 26.5358 11.9
      vertex 73.7716 27.1481 11.9
      vertex 73.5981 27.5 11.9
    endloop
  endfacet
  facet normal -0 0 1
    outer loop
      vertex 72.388 2.81726 11.9
      vertex 73.9743 2.60843 11.9
      vertex 72.4 3 11.9
    endloop
  endfacet
  facet normal 0 0 1
    outer loop
      vertex 72.2124 26.7 11.9
      vertex 73.5981 27.5 11.9
      vertex 73.3801 27.8263 11.9
    endloop
  endfacet
  facet normal 0 0 1
    outer loop
      vertex 73.9743 2.60843 11.9
      vertex 72.388 2.81726 11.9
      vertex 73.8978 2.22354 11.9
    endloop
  endfacet
  facet normal 0 0 1
    outer loop
      vertex 72.1107 26.8523 11.9
      vertex 73.3801 27.8263 11.9
      vertex 73.1213 28.1213 11.9
    endloop
  endfacet
  facet normal -0 0 1
    outer loop
      vertex 72.3523 2.63765 11.9
      vertex 73.8978 2.22354 11.9
      vertex 72.388 2.81726 11.9
    endloop
  endfacet
  facet normal -0 0 1
    outer loop
      vertex 72.2934 2.46425 11.9
      vertex 73.7716 1.85194 11.9
      vertex 72.3523 2.63765 11.9
    endloop
  endfacet
  facet normal 0 0 1
    outer loop
      vertex 71.9899 26.9899 11.9
      vertex 73.1213 28.1213 11.9
      vertex 72.8263 28.3801 11.9
    endloop
  endfacet
  facet normal 0 0 1
    outer loop
      vertex 72 -2.5 11.9
      vertex 74.5 -2.5 11.9
      vertex 74.4615 -1.91263 11.9
    endloop
  endfacet
  facet normal 0 0 1
    outer loop
      vertex 71.9829 -2.23895 11.9
      vertex 74.4615 -1.91263 11.9
      vertex 74.3467 -1.33531 11.9
    endloop
  endfacet
  facet normal 0 0 1
    outer loop
      vertex 74.5 -2.5 11.9
      vertex 72 -2.5 11.9
      vertex 74.4615 -3.08737 11.9
    endloop
  endfacet
  facet normal 0 0 1
    outer loop
      vertex 71.9319 -1.98236 11.9
      vertex 74.3467 -1.33531 11.9
      vertex 74.1575 -0.777925 11.9
    endloop
  endfacet
  facet normal -0 0 1
    outer loop
      vertex 71.9829 -2.76105 11.9
      vertex 74.4615 -3.08737 11.9
      vertex 72 -2.5 11.9
    endloop
  endfacet
  facet normal 0 0 1
    outer loop
      vertex 71.8478 -1.73463 11.9
      vertex 74.1575 -0.777925 11.9
      vertex 73.8971 -0.25 11.9
    endloop
  endfacet
  facet normal 0 0 1
    outer loop
      vertex 74.4615 -3.08737 11.9
      vertex 71.9829 -2.76105 11.9
      vertex 74.3467 -3.66469 11.9
    endloop
  endfacet
  facet normal 0 0 1
    outer loop
      vertex 71.732 -1.5 11.9
      vertex 73.8971 -0.25 11.9
      vertex 73.5701 0.239426 11.9
    endloop
  endfacet
  facet normal -0 0 1
    outer loop
      vertex 71.9319 -3.01764 11.9
      vertex 74.3467 -3.66469 11.9
      vertex 71.9829 -2.76105 11.9
    endloop
  endfacet
  facet normal 0 0 1
    outer loop
      vertex 71.5867 -1.28248 11.9
      vertex 73.5701 0.239426 11.9
      vertex 73.182 0.68198 11.9
    endloop
  endfacet
  facet normal 0 0 1
    outer loop
      vertex 74.3467 -3.66469 11.9
      vertex 71.9319 -3.01764 11.9
      vertex 74.1575 -4.22207 11.9
    endloop
  endfacet
  facet normal 0 0 1
    outer loop
      vertex 71.4142 -1.08579 11.9
      vertex 73.182 0.68198 11.9
      vertex 73.0395 0.806927 11.9
    endloop
  endfacet
  facet normal -0 0 1
    outer loop
      vertex 71.8478 -3.26537 11.9
      vertex 74.1575 -4.22207 11.9
      vertex 71.9319 -3.01764 11.9
    endloop
  endfacet
  facet normal 0 0 1
    outer loop
      vertex 73.8978 2.22354 11.9
      vertex 72.3523 2.63765 11.9
      vertex 73.7716 1.85194 11.9
    endloop
  endfacet
  facet normal 0 0 1
    outer loop
      vertex 71.8523 27.1107 11.9
      vertex 72.8263 28.3801 11.9
      vertex 72.5 28.5981 11.9
    endloop
  endfacet
  facet normal 0 0 1
    outer loop
      vertex 73.7716 1.85194 11.9
      vertex 72.2934 2.46425 11.9
      vertex 73.5981 1.5 11.9
    endloop
  endfacet
  facet normal -0 0 1
    outer loop
      vertex 72.2124 2.3 11.9
      vertex 73.5981 1.5 11.9
      vertex 72.2934 2.46425 11.9
    endloop
  endfacet
  facet normal 0 0 1
    outer loop
      vertex 73.5981 1.5 11.9
      vertex 72.2124 2.3 11.9
      vertex 73.3801 1.17372 11.9
    endloop
  endfacet
  facet normal -0 0 1
    outer loop
      vertex 72.1107 2.14774 11.9
      vertex 73.3801 1.17372 11.9
      vertex 72.2124 2.3 11.9
    endloop
  endfacet
  facet normal 0 0 1
    outer loop
      vertex 73.3801 1.17372 11.9
      vertex 72.1107 2.14774 11.9
      vertex 73.1213 0.878677 11.9
    endloop
  endfacet
  facet normal 0 0 1
    outer loop
      vertex 74.4615 -1.91263 11.9
      vertex 71.9829 -2.23895 11.9
      vertex 72 -2.5 11.9
    endloop
  endfacet
  facet normal -0 0 1
    outer loop
      vertex 71.9899 2.01006 11.9
      vertex 73.1213 0.878677 11.9
      vertex 72.1107 2.14774 11.9
    endloop
  endfacet
  facet normal 0 0 1
    outer loop
      vertex 73.1213 0.878677 11.9
      vertex 71.9899 2.01006 11.9
      vertex 73.0395 0.806927 11.9
    endloop
  endfacet
  facet normal -0 0 1
    outer loop
      vertex 71.732 -3.5 11.9
      vertex 73.8971 -4.75 11.9
      vertex 71.8478 -3.26537 11.9
    endloop
  endfacet
  facet normal 0 0 1
    outer loop
      vertex 73.8971 -4.75 11.9
      vertex 71.732 -3.5 11.9
      vertex 73.5701 -5.23943 11.9
    endloop
  endfacet
  facet normal -0 0 1
    outer loop
      vertex 71.5867 -3.71752 11.9
      vertex 73.5701 -5.23943 11.9
      vertex 71.732 -3.5 11.9
    endloop
  endfacet
  facet normal 0 0 1
    outer loop
      vertex 73.5701 -5.23943 11.9
      vertex 71.5867 -3.71752 11.9
      vertex 73.182 -5.68198 11.9
    endloop
  endfacet
  facet normal -0 0 1
    outer loop
      vertex 71.4142 -3.91421 11.9
      vertex 73.182 -5.68198 11.9
      vertex 71.5867 -3.71752 11.9
    endloop
  endfacet
  facet normal 0 0 1
    outer loop
      vertex 73.182 -5.68198 11.9
      vertex 71.4142 -3.91421 11.9
      vertex 72.7394 -6.07009 11.9
    endloop
  endfacet
  facet normal -0 0 1
    outer loop
      vertex 71.2175 -4.08671 11.9
      vertex 72.7394 -6.07009 11.9
      vertex 71.4142 -3.91421 11.9
    endloop
  endfacet
  facet normal 0 0 1
    outer loop
      vertex 72.7394 -6.07009 11.9
      vertex 71.2175 -4.08671 11.9
      vertex 72.25 -6.39711 11.9
    endloop
  endfacet
  facet normal -0 0 1
    outer loop
      vertex 71 -4.23205 11.9
      vertex 72.25 -6.39711 11.9
      vertex 71.2175 -4.08671 11.9
    endloop
  endfacet
  facet normal 0 0 1
    outer loop
      vertex 72.25 -6.39711 11.9
      vertex 71 -4.23205 11.9
      vertex 71.7221 -6.65746 11.9
    endloop
  endfacet
  facet normal -0 0 1
    outer loop
      vertex 70.7654 -4.34776 11.9
      vertex 71.7221 -6.65746 11.9
      vertex 71 -4.23205 11.9
    endloop
  endfacet
  facet normal 0 0 1
    outer loop
      vertex 71.7221 -6.65746 11.9
      vertex 70.7654 -4.34776 11.9
      vertex 71.1647 -6.84667 11.9
    endloop
  endfacet
  facet normal -0 0 1
    outer loop
      vertex 70.5176 -4.43185 11.9
      vertex 71.1647 -6.84667 11.9
      vertex 70.7654 -4.34776 11.9
    endloop
  endfacet
  facet normal 0 0 1
    outer loop
      vertex 71.1647 -6.84667 11.9
      vertex 70.5176 -4.43185 11.9
      vertex 70.5874 -6.9615 11.9
    endloop
  endfacet
  facet normal -0 0 1
    outer loop
      vertex 70.2611 -4.48289 11.9
      vertex 70.5874 -6.9615 11.9
      vertex 70.5176 -4.43185 11.9
    endloop
  endfacet
  facet normal -0 0 1
    outer loop
      vertex 70 -4.5 11.9
      vertex 70.5874 -6.9615 11.9
      vertex 70.2611 -4.48289 11.9
    endloop
  endfacet
  facet normal 0 0 1
    outer loop
      vertex 70 -4.5 11.9
      vertex 70 -7 11.9
      vertex 70.5874 -6.9615 11.9
    endloop
  endfacet
  facet normal 0 0 1
    outer loop
      vertex 69.7389 -4.48289 11.9
      vertex 70 -7 11.9
      vertex 70 -4.5 11.9
    endloop
  endfacet
  facet normal 0 0 1
    outer loop
      vertex 69.4126 -6.9615 11.9
      vertex 69.7389 -4.48289 11.9
      vertex 69.4824 -4.43185 11.9
    endloop
  endfacet
  facet normal 0 0 1
    outer loop
      vertex 69.7389 -4.48289 11.9
      vertex 69.4126 -6.9615 11.9
      vertex 70 -7 11.9
    endloop
  endfacet
  facet normal 0 0 1
    outer loop
      vertex 68.8353 -6.84667 11.9
      vertex 69.4824 -4.43185 11.9
      vertex 69.2346 -4.34776 11.9
    endloop
  endfacet
  facet normal 0 0 1
    outer loop
      vertex 68.2779 -6.65746 11.9
      vertex 69.2346 -4.34776 11.9
      vertex 69 -4.23205 11.9
    endloop
  endfacet
  facet normal 0 0 1
    outer loop
      vertex 69.4824 -4.43185 11.9
      vertex 68.8353 -6.84667 11.9
      vertex 69.4126 -6.9615 11.9
    endloop
  endfacet
  facet normal 0 0 1
    outer loop
      vertex 67.75 -6.39711 11.9
      vertex 69 -4.23205 11.9
      vertex 68.7825 -4.08671 11.9
    endloop
  endfacet
  facet normal 0 0 1
    outer loop
      vertex 67.2606 -6.07009 11.9
      vertex 68.7825 -4.08671 11.9
      vertex 68.5858 -3.91421 11.9
    endloop
  endfacet
  facet normal 0 0 1
    outer loop
      vertex 66.818 -5.68198 11.9
      vertex 68.5858 -3.91421 11.9
      vertex 68.4133 -3.71752 11.9
    endloop
  endfacet
  facet normal 0 0 1
    outer loop
      vertex 69.2346 -4.34776 11.9
      vertex 68.2779 -6.65746 11.9
      vertex 68.8353 -6.84667 11.9
    endloop
  endfacet
  facet normal 0 0 1
    outer loop
      vertex 66.4299 -5.23943 11.9
      vertex 68.4133 -3.71752 11.9
      vertex 68.268 -3.5 11.9
    endloop
  endfacet
  facet normal 0 0 1
    outer loop
      vertex 66.1029 -4.75 11.9
      vertex 68.268 -3.5 11.9
      vertex 68.1522 -3.26537 11.9
    endloop
  endfacet
  facet normal 0 0 1
    outer loop
      vertex 65.8425 -4.22207 11.9
      vertex 68.1522 -3.26537 11.9
      vertex 68.0681 -3.01764 11.9
    endloop
  endfacet
  facet normal 0 0 1
    outer loop
      vertex 65.6533 -3.66469 11.9
      vertex 68.0681 -3.01764 11.9
      vertex 68.0171 -2.76105 11.9
    endloop
  endfacet
  facet normal 0 0 1
    outer loop
      vertex 69 -4.23205 11.9
      vertex 67.75 -6.39711 11.9
      vertex 68.2779 -6.65746 11.9
    endloop
  endfacet
  facet normal 0 0 1
    outer loop
      vertex 65.5385 -3.08737 11.9
      vertex 68.0171 -2.76105 11.9
      vertex 68 -2.5 11.9
    endloop
  endfacet
  facet normal -0 0 1
    outer loop
      vertex 71.8523 1.88931 11.9
      vertex 73.0395 0.806927 11.9
      vertex 71.9899 2.01006 11.9
    endloop
  endfacet
  facet normal 0 0 1
    outer loop
      vertex 74.1575 -4.22207 11.9
      vertex 71.8478 -3.26537 11.9
      vertex 73.8971 -4.75 11.9
    endloop
  endfacet
  facet normal 0 0 1
    outer loop
      vertex 74.3467 -1.33531 11.9
      vertex 71.9319 -1.98236 11.9
      vertex 71.9829 -2.23895 11.9
    endloop
  endfacet
  facet normal -0 0 1
    outer loop
      vertex 71.7 1.78757 11.9
      vertex 73.0395 0.806927 11.9
      vertex 71.8523 1.88931 11.9
    endloop
  endfacet
  facet normal 0 0 1
    outer loop
      vertex 74.1575 -0.777925 11.9
      vertex 71.8478 -1.73463 11.9
      vertex 71.9319 -1.98236 11.9
    endloop
  endfacet
  facet normal 0 0 1
    outer loop
      vertex 73.8971 -0.25 11.9
      vertex 71.732 -1.5 11.9
      vertex 71.8478 -1.73463 11.9
    endloop
  endfacet
  facet normal -0 0 1
    outer loop
      vertex 71.5527 1.71494 11.9
      vertex 73.0395 0.806927 11.9
      vertex 71.7 1.78757 11.9
    endloop
  endfacet
  facet normal 0 0 1
    outer loop
      vertex 73.5701 0.239426 11.9
      vertex 71.5867 -1.28248 11.9
      vertex 71.732 -1.5 11.9
    endloop
  endfacet
  facet normal 0 0 1
    outer loop
      vertex 71 -0.767949 11.9
      vertex 73.0395 0.806927 11.9
      vertex 71.5527 1.71494 11.9
    endloop
  endfacet
  facet normal 0 0 1
    outer loop
      vertex 73.182 0.68198 11.9
      vertex 71.4142 -1.08579 11.9
      vertex 71.5867 -1.28248 11.9
    endloop
  endfacet
  facet normal 0 0 1
    outer loop
      vertex 73.0395 0.806927 11.9
      vertex 71.2175 -0.913293 11.9
      vertex 71.4142 -1.08579 11.9
    endloop
  endfacet
  facet normal 0 0 1
    outer loop
      vertex 70.5176 -0.568148 11.9
      vertex 71.5527 1.71494 11.9
      vertex 71.1647 1.84667 11.9
    endloop
  endfacet
  facet normal 0 0 1
    outer loop
      vertex 73.0395 0.806927 11.9
      vertex 71 -0.767949 11.9
      vertex 71.2175 -0.913293 11.9
    endloop
  endfacet
  facet normal 0 0 1
    outer loop
      vertex 71.5527 1.71494 11.9
      vertex 70.7654 -0.652241 11.9
      vertex 71 -0.767949 11.9
    endloop
  endfacet
  facet normal 0 0 1
    outer loop
      vertex 70.5176 -0.568148 11.9
      vertex 71.1647 1.84667 11.9
      vertex 70.5874 1.9615 11.9
    endloop
  endfacet
  facet normal 0 0 1
    outer loop
      vertex 71.5527 1.71494 11.9
      vertex 70.5176 -0.568148 11.9
      vertex 70.7654 -0.652241 11.9
    endloop
  endfacet
  facet normal 0 0 1
    outer loop
      vertex 70.5874 1.9615 11.9
      vertex 70.2611 -0.51711 11.9
      vertex 70.5176 -0.568148 11.9
    endloop
  endfacet
  facet normal 0 0 1
    outer loop
      vertex 70 2 11.9
      vertex 70.2611 -0.51711 11.9
      vertex 70.5874 1.9615 11.9
    endloop
  endfacet
  facet normal 0 0 1
    outer loop
      vertex 70 2 11.9
      vertex 70 -0.5 11.9
      vertex 70.2611 -0.51711 11.9
    endloop
  endfacet
  facet normal 0 0 1
    outer loop
      vertex 70 2 11.9
      vertex 69.7389 -0.51711 11.9
      vertex 70 -0.5 11.9
    endloop
  endfacet
  facet normal -0 0 1
    outer loop
      vertex 69.4126 1.9615 11.9
      vertex 69.7389 -0.51711 11.9
      vertex 70 2 11.9
    endloop
  endfacet
  facet normal 0 0 1
    outer loop
      vertex 69.7389 -0.51711 11.9
      vertex 69.4126 1.9615 11.9
      vertex 69.4824 -0.568148 11.9
    endloop
  endfacet
  facet normal -0 0 1
    outer loop
      vertex 68.8353 1.84667 11.9
      vertex 69.4824 -0.568148 11.9
      vertex 69.4126 1.9615 11.9
    endloop
  endfacet
  facet normal 0 0 1
    outer loop
      vertex 69.4824 -0.568148 11.9
      vertex 68.8353 1.84667 11.9
      vertex 69.2346 -0.652241 11.9
    endloop
  endfacet
  facet normal -0 0 1
    outer loop
      vertex 68.2779 1.65746 11.9
      vertex 69.2346 -0.652241 11.9
      vertex 68.8353 1.84667 11.9
    endloop
  endfacet
  facet normal -0 0 1
    outer loop
      vertex 68.1614 1.60001 11.9
      vertex 69.2346 -0.652241 11.9
      vertex 68.2779 1.65746 11.9
    endloop
  endfacet
  facet normal 0 0 1
    outer loop
      vertex 69.2346 -0.652241 11.9
      vertex 68.1614 1.60001 11.9
      vertex 69 -0.767949 11.9
    endloop
  endfacet
  facet normal 0 0 1
    outer loop
      vertex 69 -0.767949 11.9
      vertex 68.1614 1.60001 11.9
      vertex 68.7825 -0.913293 11.9
    endloop
  endfacet
  facet normal -0 0 1
    outer loop
      vertex 66.2699 0 11.9
      vertex 68.7825 -0.913293 11.9
      vertex 68.1614 1.60001 11.9
    endloop
  endfacet
  facet normal 0 0 1
    outer loop
      vertex 68.7825 -0.913293 11.9
      vertex 66.2699 0 11.9
      vertex 68.5858 -1.08579 11.9
    endloop
  endfacet
  facet normal 0 0 1
    outer loop
      vertex 68.5858 -1.08579 11.9
      vertex 66.2699 0 11.9
      vertex 68.4133 -1.28248 11.9
    endloop
  endfacet
  facet normal 0 0 1
    outer loop
      vertex 68.4133 -1.28248 11.9
      vertex 66.2699 0 11.9
      vertex 68.268 -1.5 11.9
    endloop
  endfacet
  facet normal -0 0 1
    outer loop
      vertex 66.1029 -0.25 11.9
      vertex 68.268 -1.5 11.9
      vertex 66.2699 0 11.9
    endloop
  endfacet
  facet normal 0 0 1
    outer loop
      vertex 68.268 -1.5 11.9
      vertex 66.1029 -0.25 11.9
      vertex 68.1522 -1.73463 11.9
    endloop
  endfacet
  facet normal -0 0 1
    outer loop
      vertex 65.8425 -0.777925 11.9
      vertex 68.1522 -1.73463 11.9
      vertex 66.1029 -0.25 11.9
    endloop
  endfacet
  facet normal 0 0 1
    outer loop
      vertex 68.1522 -1.73463 11.9
      vertex 65.8425 -0.777925 11.9
      vertex 68.0681 -1.98236 11.9
    endloop
  endfacet
  facet normal 0 0 1
    outer loop
      vertex 68.7825 -4.08671 11.9
      vertex 67.2606 -6.07009 11.9
      vertex 67.75 -6.39711 11.9
    endloop
  endfacet
  facet normal 0 0 1
    outer loop
      vertex 68.5858 -3.91421 11.9
      vertex 66.818 -5.68198 11.9
      vertex 67.2606 -6.07009 11.9
    endloop
  endfacet
  facet normal 0 0 1
    outer loop
      vertex 68.4133 -3.71752 11.9
      vertex 66.4299 -5.23943 11.9
      vertex 66.818 -5.68198 11.9
    endloop
  endfacet
  facet normal -0 0 1
    outer loop
      vertex 65.6533 -1.33531 11.9
      vertex 68.0681 -1.98236 11.9
      vertex 65.8425 -0.777925 11.9
    endloop
  endfacet
  facet normal -0 0 1
    outer loop
      vertex 3 1.60001 11.9
      vertex 66.2699 0 11.9
      vertex 68.1614 1.60001 11.9
    endloop
  endfacet
  facet normal 0 0 1
    outer loop
      vertex 3 1.60001 11.9
      vertex 3 0 11.9
      vertex 66.2699 0 11.9
    endloop
  endfacet
  facet normal 0 0 1
    outer loop
      vertex 2.81726 1.61198 11.9
      vertex 3 0 11.9
      vertex 3 1.60001 11.9
    endloop
  endfacet
  facet normal 0 0 1
    outer loop
      vertex 2.60843 0.0256653 11.9
      vertex 2.81726 1.61198 11.9
      vertex 2.63765 1.64771 11.9
    endloop
  endfacet
  facet normal 0 0 1
    outer loop
      vertex 2.81726 1.61198 11.9
      vertex 2.60843 0.0256653 11.9
      vertex 3 0 11.9
    endloop
  endfacet
  facet normal 0 0 1
    outer loop
      vertex 2.22354 0.102219 11.9
      vertex 2.63765 1.64771 11.9
      vertex 2.46425 1.70657 11.9
    endloop
  endfacet
  facet normal 0 0 1
    outer loop
      vertex 1.85194 0.228363 11.9
      vertex 2.46425 1.70657 11.9
      vertex 2.3 1.78757 11.9
    endloop
  endfacet
  facet normal 0 0 1
    outer loop
      vertex 2.63765 1.64771 11.9
      vertex 2.22354 0.102219 11.9
      vertex 2.60843 0.0256653 11.9
    endloop
  endfacet
  facet normal 0 0 1
    outer loop
      vertex 1.5 0.401917 11.9
      vertex 2.3 1.78757 11.9
      vertex 2.14774 1.88931 11.9
    endloop
  endfacet
  facet normal 0 0 1
    outer loop
      vertex 1.17372 0.619934 11.9
      vertex 2.14774 1.88931 11.9
      vertex 2.01006 2.01006 11.9
    endloop
  endfacet
  facet normal 0 0 1
    outer loop
      vertex 0.878677 0.878677 11.9
      vertex 2.01006 2.01006 11.9
      vertex 1.88931 2.14774 11.9
    endloop
  endfacet
  facet normal 0 0 1
    outer loop
      vertex 2.46425 1.70657 11.9
      vertex 1.85194 0.228363 11.9
      vertex 2.22354 0.102219 11.9
    endloop
  endfacet
  facet normal 0 0 1
    outer loop
      vertex 0.619934 1.17372 11.9
      vertex 1.88931 2.14774 11.9
      vertex 1.78757 2.3 11.9
    endloop
  endfacet
  facet normal 0 0 1
    outer loop
      vertex 0.401917 1.5 11.9
      vertex 1.78757 2.3 11.9
      vertex 1.70657 2.46425 11.9
    endloop
  endfacet
  facet normal 0 0 1
    outer loop
      vertex 0.228363 1.85194 11.9
      vertex 1.70657 2.46425 11.9
      vertex 1.64771 2.63765 11.9
    endloop
  endfacet
  facet normal 0 0 1
    outer loop
      vertex 0.102219 2.22354 11.9
      vertex 1.64771 2.63765 11.9
      vertex 1.61198 2.81726 11.9
    endloop
  endfacet
  facet normal 0 0 1
    outer loop
      vertex 2.3 1.78757 11.9
      vertex 1.5 0.401917 11.9
      vertex 1.85194 0.228363 11.9
    endloop
  endfacet
  facet normal 0 0 1
    outer loop
      vertex 0.0256653 2.60843 11.9
      vertex 1.61198 2.81726 11.9
      vertex 1.60001 3 11.9
    endloop
  endfacet
  facet normal 0 0 1
    outer loop
      vertex 1.60001 26 11.9
      vertex 0 26 11.9
      vertex 1.60001 3 11.9
    endloop
  endfacet
  facet normal 0 0 1
    outer loop
      vertex 0 26 11.9
      vertex 1.5 28.5981 11.9
      vertex 1.17372 28.3801 11.9
    endloop
  endfacet
  facet normal 0 0 1
    outer loop
      vertex 0 3 11.9
      vertex 1.60001 3 11.9
      vertex 0 26 11.9
    endloop
  endfacet
  facet normal 0 0 1
    outer loop
      vertex 0 26 11.9
      vertex 1.17372 28.3801 11.9
      vertex 0.878677 28.1213 11.9
    endloop
  endfacet
  facet normal 0 -0 1
    outer loop
      vertex 0.0256653 2.60843 11.9
      vertex 1.60001 3 11.9
      vertex 0 3 11.9
    endloop
  endfacet
  facet normal 0 0 1
    outer loop
      vertex 0 26 11.9
      vertex 0.878677 28.1213 11.9
      vertex 0.619934 27.8263 11.9
    endloop
  endfacet
  facet normal 0 0 1
    outer loop
      vertex 2.14774 1.88931 11.9
      vertex 1.17372 0.619934 11.9
      vertex 1.5 0.401917 11.9
    endloop
  endfacet
  facet normal 0 0 1
    outer loop
      vertex 0 26 11.9
      vertex 0.619934 27.8263 11.9
      vertex 0.401917 27.5 11.9
    endloop
  endfacet
  facet normal 0 0 1
    outer loop
      vertex 2.01006 2.01006 11.9
      vertex 0.878677 0.878677 11.9
      vertex 1.17372 0.619934 11.9
    endloop
  endfacet
  facet normal 0 0 1
    outer loop
      vertex 0 26 11.9
      vertex 0.401917 27.5 11.9
      vertex 0.228363 27.1481 11.9
    endloop
  endfacet
  facet normal 0 0 1
    outer loop
      vertex 1.88931 2.14774 11.9
      vertex 0.619934 1.17372 11.9
      vertex 0.878677 0.878677 11.9
    endloop
  endfacet
  facet normal 0 0 1
    outer loop
      vertex 0 26 11.9
      vertex 0.228363 27.1481 11.9
      vertex 0.102219 26.7765 11.9
    endloop
  endfacet
  facet normal 0 0 1
    outer loop
      vertex 1.78757 2.3 11.9
      vertex 0.401917 1.5 11.9
      vertex 0.619934 1.17372 11.9
    endloop
  endfacet
  facet normal 0 0 1
    outer loop
      vertex 0 26 11.9
      vertex 0.102219 26.7765 11.9
      vertex 0.0256653 26.3916 11.9
    endloop
  endfacet
  facet normal 0 0 1
    outer loop
      vertex 1.70657 2.46425 11.9
      vertex 0.228363 1.85194 11.9
      vertex 0.401917 1.5 11.9
    endloop
  endfacet
  facet normal 0 0 1
    outer loop
      vertex 1.64771 2.63765 11.9
      vertex 0.102219 2.22354 11.9
      vertex 0.228363 1.85194 11.9
    endloop
  endfacet
  facet normal 0 0 1
    outer loop
      vertex 1.61198 2.81726 11.9
      vertex 0.0256653 2.60843 11.9
      vertex 0.102219 2.22354 11.9
    endloop
  endfacet
  facet normal 0 0 1
    outer loop
      vertex 73.9743 26.3916 11.9
      vertex 72.388 26.1827 11.9
      vertex 72.4 26 11.9
    endloop
  endfacet
  facet normal 0 0 1
    outer loop
      vertex 73.8978 26.7765 11.9
      vertex 72.3523 26.3624 11.9
      vertex 72.388 26.1827 11.9
    endloop
  endfacet
  facet normal 0 0 1
    outer loop
      vertex 73.7716 27.1481 11.9
      vertex 72.2934 26.5358 11.9
      vertex 72.3523 26.3624 11.9
    endloop
  endfacet
  facet normal 0 0 1
    outer loop
      vertex 73.5981 27.5 11.9
      vertex 72.2124 26.7 11.9
      vertex 72.2934 26.5358 11.9
    endloop
  endfacet
  facet normal 0 0 1
    outer loop
      vertex 71.7 27.2124 11.9
      vertex 72.5 28.5981 11.9
      vertex 72.1481 28.7716 11.9
    endloop
  endfacet
  facet normal 0 0 1
    outer loop
      vertex 73.3801 27.8263 11.9
      vertex 72.1107 26.8523 11.9
      vertex 72.2124 26.7 11.9
    endloop
  endfacet
  facet normal 0 0 1
    outer loop
      vertex 73.1213 28.1213 11.9
      vertex 71.9899 26.9899 11.9
      vertex 72.1107 26.8523 11.9
    endloop
  endfacet
  facet normal 0 0 1
    outer loop
      vertex 72.8263 28.3801 11.9
      vertex 71.8523 27.1107 11.9
      vertex 71.9899 26.9899 11.9
    endloop
  endfacet
  facet normal 0 0 1
    outer loop
      vertex 71.5358 27.2934 11.9
      vertex 72.1481 28.7716 11.9
      vertex 71.7765 28.8978 11.9
    endloop
  endfacet
  facet normal 0 0 1
    outer loop
      vertex 72.5 28.5981 11.9
      vertex 71.7 27.2124 11.9
      vertex 71.8523 27.1107 11.9
    endloop
  endfacet
  facet normal 0 0 1
    outer loop
      vertex 72.1481 28.7716 11.9
      vertex 71.5358 27.2934 11.9
      vertex 71.7 27.2124 11.9
    endloop
  endfacet
  facet normal 0 0 1
    outer loop
      vertex 71.3624 27.3523 11.9
      vertex 71.7765 28.8978 11.9
      vertex 71.3916 28.9743 11.9
    endloop
  endfacet
  facet normal 0 0 1
    outer loop
      vertex 71.7765 28.8978 11.9
      vertex 71.3624 27.3523 11.9
      vertex 71.5358 27.2934 11.9
    endloop
  endfacet
  facet normal 0 0 1
    outer loop
      vertex 71.3916 28.9743 11.9
      vertex 71.1827 27.388 11.9
      vertex 71.3624 27.3523 11.9
    endloop
  endfacet
  facet normal 0 0 1
    outer loop
      vertex 71 29 11.9
      vertex 71.1827 27.388 11.9
      vertex 71.3916 28.9743 11.9
    endloop
  endfacet
  facet normal 0 0 1
    outer loop
      vertex 71 29 11.9
      vertex 71 27.4 11.9
      vertex 71.1827 27.388 11.9
    endloop
  endfacet
  facet normal -0 0 1
    outer loop
      vertex 3 29 11.9
      vertex 71 27.4 11.9
      vertex 71 29 11.9
    endloop
  endfacet
  facet normal 0 0 1
    outer loop
      vertex 3 29 11.9
      vertex 3 27.4 11.9
      vertex 71 27.4 11.9
    endloop
  endfacet
  facet normal 0 0 1
    outer loop
      vertex 3 29 11.9
      vertex 2.81726 27.388 11.9
      vertex 3 27.4 11.9
    endloop
  endfacet
  facet normal -0 0 1
    outer loop
      vertex 2.60843 28.9743 11.9
      vertex 2.81726 27.388 11.9
      vertex 3 29 11.9
    endloop
  endfacet
  facet normal 0 0 1
    outer loop
      vertex 2.81726 27.388 11.9
      vertex 2.60843 28.9743 11.9
      vertex 2.63765 27.3523 11.9
    endloop
  endfacet
  facet normal -0 0 1
    outer loop
      vertex 2.22354 28.8978 11.9
      vertex 2.63765 27.3523 11.9
      vertex 2.60843 28.9743 11.9
    endloop
  endfacet
  facet normal 0 0 1
    outer loop
      vertex 2.63765 27.3523 11.9
      vertex 2.22354 28.8978 11.9
      vertex 2.46425 27.2934 11.9
    endloop
  endfacet
  facet normal -0 0 1
    outer loop
      vertex 1.85194 28.7716 11.9
      vertex 2.46425 27.2934 11.9
      vertex 2.22354 28.8978 11.9
    endloop
  endfacet
  facet normal 0 0 1
    outer loop
      vertex 2.46425 27.2934 11.9
      vertex 1.85194 28.7716 11.9
      vertex 2.3 27.2124 11.9
    endloop
  endfacet
  facet normal -0 0 1
    outer loop
      vertex 1.5 28.5981 11.9
      vertex 2.3 27.2124 11.9
      vertex 1.85194 28.7716 11.9
    endloop
  endfacet
  facet normal 0 0 1
    outer loop
      vertex 2.3 27.2124 11.9
      vertex 1.5 28.5981 11.9
      vertex 2.14774 27.1107 11.9
    endloop
  endfacet
  facet normal 0 0 1
    outer loop
      vertex 2.14774 27.1107 11.9
      vertex 1.5 28.5981 11.9
      vertex 2.01006 26.9899 11.9
    endloop
  endfacet
  facet normal 0 0 1
    outer loop
      vertex 2.01006 26.9899 11.9
      vertex 1.5 28.5981 11.9
      vertex 1.88931 26.8523 11.9
    endloop
  endfacet
  facet normal 0 0 1
    outer loop
      vertex 1.88931 26.8523 11.9
      vertex 1.5 28.5981 11.9
      vertex 1.78757 26.7 11.9
    endloop
  endfacet
  facet normal 0 0 1
    outer loop
      vertex 0 26 11.9
      vertex 1.78757 26.7 11.9
      vertex 1.5 28.5981 11.9
    endloop
  endfacet
  facet normal 0 0 1
    outer loop
      vertex 1.78757 26.7 11.9
      vertex 0 26 11.9
      vertex 1.70657 26.5358 11.9
    endloop
  endfacet
  facet normal 0 0 1
    outer loop
      vertex 1.61198 26.1827 11.9
      vertex 0 26 11.9
      vertex 1.60001 26 11.9
    endloop
  endfacet
  facet normal 0 0 1
    outer loop
      vertex 1.64771 26.3624 11.9
      vertex 0 26 11.9
      vertex 1.61198 26.1827 11.9
    endloop
  endfacet
  facet normal 0 0 1
    outer loop
      vertex 1.70657 26.5358 11.9
      vertex 0 26 11.9
      vertex 1.64771 26.3624 11.9
    endloop
  endfacet
  facet normal 0 0 1
    outer loop
      vertex 68.0681 -1.98236 11.9
      vertex 65.6533 -1.33531 11.9
      vertex 68.0171 -2.23895 11.9
    endloop
  endfacet
  facet normal 0 0 1
    outer loop
      vertex 68.268 -3.5 11.9
      vertex 66.1029 -4.75 11.9
      vertex 66.4299 -5.23943 11.9
    endloop
  endfacet
  facet normal -0 0 1
    outer loop
      vertex 65.5385 -1.91263 11.9
      vertex 68.0171 -2.23895 11.9
      vertex 65.6533 -1.33531 11.9
    endloop
  endfacet
  facet normal 0 0 1
    outer loop
      vertex 68.1522 -3.26537 11.9
      vertex 65.8425 -4.22207 11.9
      vertex 66.1029 -4.75 11.9
    endloop
  endfacet
  facet normal 0 0 1
    outer loop
      vertex 68.0171 -2.23895 11.9
      vertex 65.5385 -1.91263 11.9
      vertex 68 -2.5 11.9
    endloop
  endfacet
  facet normal 0 0 1
    outer loop
      vertex 68.0681 -3.01764 11.9
      vertex 65.6533 -3.66469 11.9
      vertex 65.8425 -4.22207 11.9
    endloop
  endfacet
  facet normal 0 0 1
    outer loop
      vertex 65.5 -2.5 11.9
      vertex 68 -2.5 11.9
      vertex 65.5385 -1.91263 11.9
    endloop
  endfacet
  facet normal 0 0 1
    outer loop
      vertex 68.0171 -2.76105 11.9
      vertex 65.5385 -3.08737 11.9
      vertex 65.6533 -3.66469 11.9
    endloop
  endfacet
  facet normal 0 0 1
    outer loop
      vertex 68 -2.5 11.9
      vertex 65.5 -2.5 11.9
      vertex 65.5385 -3.08737 11.9
    endloop
  endfacet
  facet normal 0.896911 0.442211 0
    outer loop
      vertex 73.7716 27.1481 11.9
      vertex 73.5981 27.5 0
      vertex 73.5981 27.5 11.9
    endloop
  endfacet
  facet normal 0.896911 0.442211 0
    outer loop
      vertex 73.5981 27.5 0
      vertex 73.7716 27.1481 11.9
      vertex 73.7716 27.1481 0
    endloop
  endfacet
  facet normal 0.946885 -0.321574 0
    outer loop
      vertex 73.7716 1.85194 11.9
      vertex 73.8978 2.22354 0
      vertex 73.8978 2.22354 11.9
    endloop
  endfacet
  facet normal 0.946885 -0.321574 0
    outer loop
      vertex 73.8978 2.22354 0
      vertex 73.7716 1.85194 11.9
      vertex 73.7716 1.85194 0
    endloop
  endfacet
  facet normal 0.980815 0.19494 0
    outer loop
      vertex 73.9743 26.3916 11.9
      vertex 73.8978 26.7765 0
      vertex 73.8978 26.7765 11.9
    endloop
  endfacet
  facet normal 0.980815 0.19494 0
    outer loop
      vertex 73.8978 26.7765 0
      vertex 73.9743 26.3916 11.9
      vertex 73.9743 26.3916 0
    endloop
  endfacet
  facet normal -0.946928 -0.321446 0
    outer loop
      vertex 0.228363 1.85194 0
      vertex 0.102219 2.22354 11.9
      vertex 0.102219 2.22354 0
    endloop
  endfacet
  facet normal -0.946928 -0.321446 0
    outer loop
      vertex 0.102219 2.22354 11.9
      vertex 0.228363 1.85194 0
      vertex 0.228363 1.85194 11.9
    endloop
  endfacet
  facet normal 0.555523 0.831501 -0
    outer loop
      vertex 72.8263 28.3801 0
      vertex 72.5 28.5981 11.9
      vertex 72.8263 28.3801 11.9
    endloop
  endfacet
  facet normal 0.555523 0.831501 0
    outer loop
      vertex 72.5 28.5981 11.9
      vertex 72.8263 28.3801 0
      vertex 72.5 28.5981 0
    endloop
  endfacet
  facet normal 0.442211 0.896911 -0
    outer loop
      vertex 72.5 28.5981 0
      vertex 72.1481 28.7716 11.9
      vertex 72.5 28.5981 11.9
    endloop
  endfacet
  facet normal 0.442211 0.896911 0
    outer loop
      vertex 72.1481 28.7716 11.9
      vertex 72.5 28.5981 0
      vertex 72.1481 28.7716 0
    endloop
  endfacet
  facet normal 0.831485 -0.555547 0
    outer loop
      vertex 73.3801 1.17372 11.9
      vertex 73.5981 1.5 0
      vertex 73.5981 1.5 11.9
    endloop
  endfacet
  facet normal 0.831485 -0.555547 0
    outer loop
      vertex 73.5981 1.5 0
      vertex 73.3801 1.17372 11.9
      vertex 73.3801 1.17372 0
    endloop
  endfacet
  facet normal -0.980788 -0.195076 0
    outer loop
      vertex 0.102219 2.22354 0
      vertex 0.0256653 2.60843 11.9
      vertex 0.0256653 2.60843 0
    endloop
  endfacet
  facet normal -0.980788 -0.195076 0
    outer loop
      vertex 0.0256653 2.60843 11.9
      vertex 0.102219 2.22354 0
      vertex 0.102219 2.22354 11.9
    endloop
  endfacet
  facet normal 0.997853 -0.0654923 0
    outer loop
      vertex 73.9743 2.60843 11.9
      vertex 74 3 0
      vertex 74 3 11.9
    endloop
  endfacet
  facet normal 0.997853 -0.0654923 0
    outer loop
      vertex 74 3 0
      vertex 73.9743 2.60843 11.9
      vertex 73.9743 2.60843 0
    endloop
  endfacet
  facet normal 0.0653628 0.997862 -0
    outer loop
      vertex 3 1.60001 1.6
      vertex 2.81726 1.61198 11.9
      vertex 3 1.60001 11.9
    endloop
  endfacet
  facet normal 0.0653628 0.997862 0
    outer loop
      vertex 2.81726 1.61198 11.9
      vertex 3 1.60001 1.6
      vertex 2.81726 1.61198 1.6
    endloop
  endfacet
  facet normal 0 1 -0
    outer loop
      vertex 65.8 1.60001 1.6
      vertex 25.8 1.60001 7.6
      vertex 65.8 1.60001 7.6
    endloop
  endfacet
  facet normal 0 1 0
    outer loop
      vertex 25.8 1.60001 7.6
      vertex 65.8 1.60001 1.6
      vertex 25.8 1.60001 1.6
    endloop
  endfacet
  facet normal 0 1 0
    outer loop
      vertex 65.8 1.60001 7.6
      vertex 68.1614 1.60001 11.9
      vertex 66.8 1.60001 7.6
    endloop
  endfacet
  facet normal 0 1 -0
    outer loop
      vertex 68.1614 1.60001 1.6
      vertex 66.8 1.60001 7.6
      vertex 68.1614 1.60001 11.9
    endloop
  endfacet
  facet normal 0 1 0
    outer loop
      vertex 66.8 1.60001 7.6
      vertex 68.1614 1.60001 1.6
      vertex 66.8 1.60001 1.6
    endloop
  endfacet
  facet normal 0 1 0
    outer loop
      vertex 25.8 1.60001 7.6
      vertex 68.1614 1.60001 11.9
      vertex 65.8 1.60001 7.6
    endloop
  endfacet
  facet normal 0 1 0
    outer loop
      vertex 68.1614 1.60001 11.9
      vertex 25.8 1.60001 7.6
      vertex 3 1.60001 11.9
    endloop
  endfacet
  facet normal 0 1 -0
    outer loop
      vertex 24.8 1.60001 7.6
      vertex 3 1.60001 11.9
      vertex 25.8 1.60001 7.6
    endloop
  endfacet
  facet normal 0 1 0
    outer loop
      vertex 3 1.60001 1.6
      vertex 24.8 1.60001 7.6
      vertex 24.8 1.60001 1.6
    endloop
  endfacet
  facet normal 0 1 0
    outer loop
      vertex 24.8 1.60001 7.6
      vertex 3 1.60001 1.6
      vertex 3 1.60001 11.9
    endloop
  endfacet
  facet normal 0.195108 0.980782 -0
    outer loop
      vertex 2.81726 1.61198 1.6
      vertex 2.63765 1.64771 11.9
      vertex 2.81726 1.61198 11.9
    endloop
  endfacet
  facet normal 0.195108 0.980782 0
    outer loop
      vertex 2.63765 1.64771 11.9
      vertex 2.81726 1.61198 1.6
      vertex 2.63765 1.64771 1.6
    endloop
  endfacet
  facet normal -0.831563 0.555431 0
    outer loop
      vertex 72.1107 2.14774 1.6
      vertex 72.2124 2.3 11.9
      vertex 72.2124 2.3 1.6
    endloop
  endfacet
  facet normal -0.831563 0.555431 0
    outer loop
      vertex 72.2124 2.3 11.9
      vertex 72.1107 2.14774 1.6
      vertex 72.1107 2.14774 11.9
    endloop
  endfacet
  facet normal -0.321629 -0.946866 0
    outer loop
      vertex 71.3624 27.3523 1.6
      vertex 71.5358 27.2934 11.9
      vertex 71.3624 27.3523 11.9
    endloop
  endfacet
  facet normal -0.321629 -0.946866 -0
    outer loop
      vertex 71.5358 27.2934 11.9
      vertex 71.3624 27.3523 1.6
      vertex 71.5358 27.2934 1.6
    endloop
  endfacet
  facet normal 0.0655259 -0.997851 0
    outer loop
      vertex 2.81726 27.388 1.6
      vertex 3 27.4 11.9
      vertex 2.81726 27.388 11.9
    endloop
  endfacet
  facet normal 0.0655259 -0.997851 0
    outer loop
      vertex 3 27.4 11.9
      vertex 2.81726 27.388 1.6
      vertex 3 27.4 1.6
    endloop
  endfacet
  facet normal 1 -0 0
    outer loop
      vertex 1.60001 23.0949 6.22832
      vertex 1.60001 26 1.6
      vertex 1.60001 26 11.9
    endloop
  endfacet
  facet normal 1 0 0
    outer loop
      vertex 1.60001 26 1.6
      vertex 1.60001 23.0949 6.22832
      vertex 1.60001 23.1 6.15
    endloop
  endfacet
  facet normal 1 0 0
    outer loop
      vertex 1.60001 26 11.9
      vertex 1.60001 23.0796 6.30529
      vertex 1.60001 23.0949 6.22832
    endloop
  endfacet
  facet normal 1 0 0
    outer loop
      vertex 1.60001 26 11.9
      vertex 1.60001 23.0543 6.37961
      vertex 1.60001 23.0796 6.30529
    endloop
  endfacet
  facet normal 1 0 0
    outer loop
      vertex 1.60001 26 11.9
      vertex 1.60001 23.0196 6.45
      vertex 1.60001 23.0543 6.37961
    endloop
  endfacet
  facet normal 1 0 0
    outer loop
      vertex 1.60001 26 11.9
      vertex 1.60001 22.976 6.51526
      vertex 1.60001 23.0196 6.45
    endloop
  endfacet
  facet normal 1 0 0
    outer loop
      vertex 1.60001 26 11.9
      vertex 1.60001 22.9243 6.57426
      vertex 1.60001 22.976 6.51526
    endloop
  endfacet
  facet normal 1 0 0
    outer loop
      vertex 1.60001 26 11.9
      vertex 1.60001 22.8653 6.62601
      vertex 1.60001 22.9243 6.57426
    endloop
  endfacet
  facet normal 1 0 0
    outer loop
      vertex 1.60001 26 11.9
      vertex 1.60001 22.8 6.66961
      vertex 1.60001 22.8653 6.62601
    endloop
  endfacet
  facet normal 1 0 0
    outer loop
      vertex 1.60001 26 11.9
      vertex 1.60001 22.7296 6.70433
      vertex 1.60001 22.8 6.66961
    endloop
  endfacet
  facet normal 1 0 0
    outer loop
      vertex 1.60001 26 11.9
      vertex 1.60001 22.6553 6.72956
      vertex 1.60001 22.7296 6.70433
    endloop
  endfacet
  facet normal 1 -0 0
    outer loop
      vertex 1.60001 20.05 10.1
      vertex 1.60001 22.6553 6.72956
      vertex 1.60001 26 11.9
    endloop
  endfacet
  facet normal 1 0 0
    outer loop
      vertex 1.60001 22.6553 6.72956
      vertex 1.60001 20.05 10.1
      vertex 1.60001 22.5783 6.74487
    endloop
  endfacet
  facet normal 1 0 0
    outer loop
      vertex 1.60001 22.5783 6.74487
      vertex 1.60001 20.05 10.1
      vertex 1.60001 22.5 6.75
    endloop
  endfacet
  facet normal 1 0 0
    outer loop
      vertex 1.60001 22.5 6.75
      vertex 1.60001 20.05 10.1
      vertex 1.60001 22.4217 6.74487
    endloop
  endfacet
  facet normal 1 0 0
    outer loop
      vertex 1.60001 22.4217 6.74487
      vertex 1.60001 20.05 10.1
      vertex 1.60001 22.3447 6.72956
    endloop
  endfacet
  facet normal 1 0 0
    outer loop
      vertex 1.60001 22.3447 6.72956
      vertex 1.60001 20.05 10.1
      vertex 1.60001 22.2704 6.70433
    endloop
  endfacet
  facet normal 1 0 0
    outer loop
      vertex 1.60001 22.2704 6.70433
      vertex 1.60001 20.05 10.1
      vertex 1.60001 22.2 6.66961
    endloop
  endfacet
  facet normal 1 0 0
    outer loop
      vertex 1.60001 22.2 6.66961
      vertex 1.60001 20.05 10.1
      vertex 1.60001 22.1347 6.62601
    endloop
  endfacet
  facet normal 1 0 0
    outer loop
      vertex 1.60001 22.1347 6.62601
      vertex 1.60001 20.05 10.1
      vertex 1.60001 22.0757 6.57426
    endloop
  endfacet
  facet normal 1 0 0
    outer loop
      vertex 1.60001 21.9051 6.22832
      vertex 1.60001 20.05 10.1
      vertex 1.60001 21.9 6.15
    endloop
  endfacet
  facet normal 1 0 0
    outer loop
      vertex 1.60001 21.9204 6.30529
      vertex 1.60001 20.05 10.1
      vertex 1.60001 21.9051 6.22832
    endloop
  endfacet
  facet normal 1 0 0
    outer loop
      vertex 1.60001 21.9457 6.37961
      vertex 1.60001 20.05 10.1
      vertex 1.60001 21.9204 6.30529
    endloop
  endfacet
  facet normal 1 0 0
    outer loop
      vertex 1.60001 21.9804 6.45
      vertex 1.60001 20.05 10.1
      vertex 1.60001 21.9457 6.37961
    endloop
  endfacet
  facet normal 1 0 0
    outer loop
      vertex 1.60001 22.024 6.51526
      vertex 1.60001 20.05 10.1
      vertex 1.60001 21.9804 6.45
    endloop
  endfacet
  facet normal 1 0 0
    outer loop
      vertex 1.60001 22.0757 6.57426
      vertex 1.60001 20.05 10.1
      vertex 1.60001 22.024 6.51526
    endloop
  endfacet
  facet normal 1 0 0
    outer loop
      vertex 1.60001 26 11.9
      vertex 1.60001 19.05 10.1
      vertex 1.60001 20.05 10.1
    endloop
  endfacet
  facet normal 1 0 0
    outer loop
      vertex 1.60001 19.05 10.1
      vertex 1.60001 18 6.15
      vertex 1.60001 19.05 1.6
    endloop
  endfacet
  facet normal 1 0 0
    outer loop
      vertex 1.60001 19.05 10.1
      vertex 1.60001 17.9701 6.60684
      vertex 1.60001 18 6.15
    endloop
  endfacet
  facet normal 1 0 0
    outer loop
      vertex 1.60001 19.05 10.1
      vertex 1.60001 17.8807 7.05587
      vertex 1.60001 17.9701 6.60684
    endloop
  endfacet
  facet normal 1 0 0
    outer loop
      vertex 1.60001 19.05 10.1
      vertex 1.60001 17.7336 7.48939
      vertex 1.60001 17.8807 7.05587
    endloop
  endfacet
  facet normal 1 0 0
    outer loop
      vertex 1.60001 19.05 10.1
      vertex 1.60001 17.5311 7.9
      vertex 1.60001 17.7336 7.48939
    endloop
  endfacet
  facet normal 1 0 0
    outer loop
      vertex 1.60001 19.05 10.1
      vertex 1.60001 17.2767 8.28066
      vertex 1.60001 17.5311 7.9
    endloop
  endfacet
  facet normal 1 0 0
    outer loop
      vertex 1.60001 19.05 10.1
      vertex 1.60001 16.9749 8.62487
      vertex 1.60001 17.2767 8.28066
    endloop
  endfacet
  facet normal 1 0 0
    outer loop
      vertex 1.60001 19.05 10.1
      vertex 1.60001 16.6307 8.92674
      vertex 1.60001 16.9749 8.62487
    endloop
  endfacet
  facet normal 1 0 0
    outer loop
      vertex 1.60001 19.05 10.1
      vertex 1.60001 16.25 9.18109
      vertex 1.60001 16.6307 8.92674
    endloop
  endfacet
  facet normal 1 0 0
    outer loop
      vertex 1.60001 19.05 10.1
      vertex 1.60001 15.8394 9.38358
      vertex 1.60001 16.25 9.18109
    endloop
  endfacet
  facet normal 1 0 0
    outer loop
      vertex 1.60001 9.95 10.1
      vertex 1.60001 19.05 10.1
      vertex 1.60001 26 11.9
    endloop
  endfacet
  facet normal 1 0 0
    outer loop
      vertex 1.60001 19.05 10.1
      vertex 1.60001 15.4059 9.53074
      vertex 1.60001 15.8394 9.38358
    endloop
  endfacet
  facet normal 1 0 0
    outer loop
      vertex 1.60001 19.05 10.1
      vertex 1.60001 14.9568 9.62006
      vertex 1.60001 15.4059 9.53074
    endloop
  endfacet
  facet normal 1 0 0
    outer loop
      vertex 1.60001 19.05 10.1
      vertex 1.60001 14.5 9.65
      vertex 1.60001 14.9568 9.62006
    endloop
  endfacet
  facet normal 1 0 0
    outer loop
      vertex 1.60001 19.05 10.1
      vertex 1.60001 9.95 10.1
      vertex 1.60001 14.5 9.65
    endloop
  endfacet
  facet normal 1 0 0
    outer loop
      vertex 1.60001 11.0299 6.60684
      vertex 1.60001 9.95 10.1
      vertex 1.60001 11 6.15
    endloop
  endfacet
  facet normal 1 0 0
    outer loop
      vertex 1.60001 11.1193 7.05587
      vertex 1.60001 9.95 10.1
      vertex 1.60001 11.0299 6.60684
    endloop
  endfacet
  facet normal 1 0 0
    outer loop
      vertex 1.60001 11.2664 7.48939
      vertex 1.60001 9.95 10.1
      vertex 1.60001 11.1193 7.05587
    endloop
  endfacet
  facet normal 1 0 0
    outer loop
      vertex 1.60001 11.4689 7.9
      vertex 1.60001 9.95 10.1
      vertex 1.60001 11.2664 7.48939
    endloop
  endfacet
  facet normal 1 0 0
    outer loop
      vertex 1.60001 11.7233 8.28066
      vertex 1.60001 9.95 10.1
      vertex 1.60001 11.4689 7.9
    endloop
  endfacet
  facet normal 1 0 0
    outer loop
      vertex 1.60001 12.0251 8.62487
      vertex 1.60001 9.95 10.1
      vertex 1.60001 11.7233 8.28066
    endloop
  endfacet
  facet normal 1 0 0
    outer loop
      vertex 1.60001 12.3693 8.92674
      vertex 1.60001 9.95 10.1
      vertex 1.60001 12.0251 8.62487
    endloop
  endfacet
  facet normal 1 0 0
    outer loop
      vertex 1.60001 12.75 9.18109
      vertex 1.60001 9.95 10.1
      vertex 1.60001 12.3693 8.92674
    endloop
  endfacet
  facet normal 1 0 0
    outer loop
      vertex 1.60001 13.1606 9.38358
      vertex 1.60001 9.95 10.1
      vertex 1.60001 12.75 9.18109
    endloop
  endfacet
  facet normal 1 0 0
    outer loop
      vertex 1.60001 13.5941 9.53074
      vertex 1.60001 9.95 10.1
      vertex 1.60001 13.1606 9.38358
    endloop
  endfacet
  facet normal 1 0 0
    outer loop
      vertex 1.60001 14.0432 9.62006
      vertex 1.60001 9.95 10.1
      vertex 1.60001 13.5941 9.53074
    endloop
  endfacet
  facet normal 1 0 0
    outer loop
      vertex 1.60001 14.5 9.65
      vertex 1.60001 9.95 10.1
      vertex 1.60001 14.0432 9.62006
    endloop
  endfacet
  facet normal 1 -0 0
    outer loop
      vertex 1.60001 3 11.9
      vertex 1.60001 9.95 10.1
      vertex 1.60001 26 11.9
    endloop
  endfacet
  facet normal 1 0 0
    outer loop
      vertex 1.60001 9.95 10.1
      vertex 1.60001 3 11.9
      vertex 1.60001 8.95 10.1
    endloop
  endfacet
  facet normal 1 0 0
    outer loop
      vertex 1.60001 3 1.6
      vertex 1.60001 8.95 10.1
      vertex 1.60001 3 11.9
    endloop
  endfacet
  facet normal 1 0 0
    outer loop
      vertex 1.60001 8.95 10.1
      vertex 1.60001 3 1.6
      vertex 1.60001 8.95 1.6
    endloop
  endfacet
  facet normal 1 -0 0
    outer loop
      vertex 1.60001 23.0949 6.07168
      vertex 1.60001 26 1.6
      vertex 1.60001 23.1 6.15
    endloop
  endfacet
  facet normal 1 -0 0
    outer loop
      vertex 1.60001 23.0796 5.99471
      vertex 1.60001 26 1.6
      vertex 1.60001 23.0949 6.07168
    endloop
  endfacet
  facet normal 1 -0 0
    outer loop
      vertex 1.60001 23.0543 5.92039
      vertex 1.60001 26 1.6
      vertex 1.60001 23.0796 5.99471
    endloop
  endfacet
  facet normal 1 -0 0
    outer loop
      vertex 1.60001 23.0196 5.85
      vertex 1.60001 26 1.6
      vertex 1.60001 23.0543 5.92039
    endloop
  endfacet
  facet normal 1 -0 0
    outer loop
      vertex 1.60001 22.976 5.78474
      vertex 1.60001 26 1.6
      vertex 1.60001 23.0196 5.85
    endloop
  endfacet
  facet normal 1 -0 0
    outer loop
      vertex 1.60001 22.9243 5.72574
      vertex 1.60001 26 1.6
      vertex 1.60001 22.976 5.78474
    endloop
  endfacet
  facet normal 1 -0 0
    outer loop
      vertex 1.60001 22.8653 5.67399
      vertex 1.60001 26 1.6
      vertex 1.60001 22.9243 5.72574
    endloop
  endfacet
  facet normal 1 -0 0
    outer loop
      vertex 1.60001 22.8 5.63038
      vertex 1.60001 26 1.6
      vertex 1.60001 22.8653 5.67399
    endloop
  endfacet
  facet normal 1 -0 0
    outer loop
      vertex 1.60001 22.7296 5.59567
      vertex 1.60001 26 1.6
      vertex 1.60001 22.8 5.63038
    endloop
  endfacet
  facet normal 1 -0 0
    outer loop
      vertex 1.60001 22.6553 5.57044
      vertex 1.60001 26 1.6
      vertex 1.60001 22.7296 5.59567
    endloop
  endfacet
  facet normal 1 -0 0
    outer loop
      vertex 1.60001 22.5783 5.55513
      vertex 1.60001 26 1.6
      vertex 1.60001 22.6553 5.57044
    endloop
  endfacet
  facet normal 1 0 0
    outer loop
      vertex 1.60001 20.05 1.6
      vertex 1.60001 22.5783 5.55513
      vertex 1.60001 22.5 5.55
    endloop
  endfacet
  facet normal 1 0 0
    outer loop
      vertex 1.60001 20.05 1.6
      vertex 1.60001 22.5 5.55
      vertex 1.60001 22.4217 5.55513
    endloop
  endfacet
  facet normal 1 0 0
    outer loop
      vertex 1.60001 20.05 1.6
      vertex 1.60001 22.4217 5.55513
      vertex 1.60001 22.3447 5.57044
    endloop
  endfacet
  facet normal 1 0 0
    outer loop
      vertex 1.60001 20.05 1.6
      vertex 1.60001 22.3447 5.57044
      vertex 1.60001 22.2704 5.59567
    endloop
  endfacet
  facet normal 1 0 0
    outer loop
      vertex 1.60001 20.05 1.6
      vertex 1.60001 22.2704 5.59567
      vertex 1.60001 22.2 5.63038
    endloop
  endfacet
  facet normal 1 0 0
    outer loop
      vertex 1.60001 20.05 1.6
      vertex 1.60001 22.2 5.63038
      vertex 1.60001 22.1347 5.67399
    endloop
  endfacet
  facet normal 1 0 0
    outer loop
      vertex 1.60001 20.05 1.6
      vertex 1.60001 22.1347 5.67399
      vertex 1.60001 22.0757 5.72574
    endloop
  endfacet
  facet normal 1 0 0
    outer loop
      vertex 1.60001 20.05 1.6
      vertex 1.60001 21.9 6.15
      vertex 1.60001 20.05 10.1
    endloop
  endfacet
  facet normal 1 0 0
    outer loop
      vertex 1.60001 21.9 6.15
      vertex 1.60001 20.05 1.6
      vertex 1.60001 21.9051 6.07168
    endloop
  endfacet
  facet normal 1 0 0
    outer loop
      vertex 1.60001 21.9051 6.07168
      vertex 1.60001 20.05 1.6
      vertex 1.60001 21.9204 5.99471
    endloop
  endfacet
  facet normal 1 0 0
    outer loop
      vertex 1.60001 22.5783 5.55513
      vertex 1.60001 20.05 1.6
      vertex 1.60001 26 1.6
    endloop
  endfacet
  facet normal 1 0 0
    outer loop
      vertex 1.60001 22.024 5.78474
      vertex 1.60001 20.05 1.6
      vertex 1.60001 22.0757 5.72574
    endloop
  endfacet
  facet normal 1 0 0
    outer loop
      vertex 1.60001 21.9804 5.85
      vertex 1.60001 20.05 1.6
      vertex 1.60001 22.024 5.78474
    endloop
  endfacet
  facet normal 1 0 0
    outer loop
      vertex 1.60001 21.9457 5.92039
      vertex 1.60001 20.05 1.6
      vertex 1.60001 21.9804 5.85
    endloop
  endfacet
  facet normal 1 0 0
    outer loop
      vertex 1.60001 21.9204 5.99471
      vertex 1.60001 20.05 1.6
      vertex 1.60001 21.9457 5.92039
    endloop
  endfacet
  facet normal 1 -0 0
    outer loop
      vertex 1.60001 17.9701 5.69316
      vertex 1.60001 19.05 1.6
      vertex 1.60001 18 6.15
    endloop
  endfacet
  facet normal 1 -0 0
    outer loop
      vertex 1.60001 17.8807 5.24413
      vertex 1.60001 19.05 1.6
      vertex 1.60001 17.9701 5.69316
    endloop
  endfacet
  facet normal 1 -0 0
    outer loop
      vertex 1.60001 17.7336 4.81061
      vertex 1.60001 19.05 1.6
      vertex 1.60001 17.8807 5.24413
    endloop
  endfacet
  facet normal 1 -0 0
    outer loop
      vertex 1.60001 17.5311 4.4
      vertex 1.60001 19.05 1.6
      vertex 1.60001 17.7336 4.81061
    endloop
  endfacet
  facet normal 1 -0 0
    outer loop
      vertex 1.60001 17.2767 4.01933
      vertex 1.60001 19.05 1.6
      vertex 1.60001 17.5311 4.4
    endloop
  endfacet
  facet normal 1 -0 0
    outer loop
      vertex 1.60001 16.9749 3.67513
      vertex 1.60001 19.05 1.6
      vertex 1.60001 17.2767 4.01933
    endloop
  endfacet
  facet normal 1 -0 0
    outer loop
      vertex 1.60001 16.6307 3.37326
      vertex 1.60001 19.05 1.6
      vertex 1.60001 16.9749 3.67513
    endloop
  endfacet
  facet normal 1 -0 0
    outer loop
      vertex 1.60001 16.25 3.11891
      vertex 1.60001 19.05 1.6
      vertex 1.60001 16.6307 3.37326
    endloop
  endfacet
  facet normal 1 -0 0
    outer loop
      vertex 1.60001 15.8394 2.91642
      vertex 1.60001 19.05 1.6
      vertex 1.60001 16.25 3.11891
    endloop
  endfacet
  facet normal 1 -0 0
    outer loop
      vertex 1.60001 15.4059 2.76926
      vertex 1.60001 19.05 1.6
      vertex 1.60001 15.8394 2.91642
    endloop
  endfacet
  facet normal 1 -0 0
    outer loop
      vertex 1.60001 14.9568 2.67994
      vertex 1.60001 19.05 1.6
      vertex 1.60001 15.4059 2.76926
    endloop
  endfacet
  facet normal 1 -0 0
    outer loop
      vertex 1.60001 14.5 2.65
      vertex 1.60001 19.05 1.6
      vertex 1.60001 14.9568 2.67994
    endloop
  endfacet
  facet normal 1 0 0
    outer loop
      vertex 1.60001 9.95 1.6
      vertex 1.60001 14.5 2.65
      vertex 1.60001 14.0432 2.67994
    endloop
  endfacet
  facet normal 1 0 0
    outer loop
      vertex 1.60001 9.95 1.6
      vertex 1.60001 14.0432 2.67994
      vertex 1.60001 13.5941 2.76926
    endloop
  endfacet
  facet normal 1 0 0
    outer loop
      vertex 1.60001 9.95 1.6
      vertex 1.60001 11 6.15
      vertex 1.60001 9.95 10.1
    endloop
  endfacet
  facet normal 1 0 0
    outer loop
      vertex 1.60001 11 6.15
      vertex 1.60001 9.95 1.6
      vertex 1.60001 11.0299 5.69316
    endloop
  endfacet
  facet normal 1 0 0
    outer loop
      vertex 1.60001 14.5 2.65
      vertex 1.60001 9.95 1.6
      vertex 1.60001 19.05 1.6
    endloop
  endfacet
  facet normal 1 0 0
    outer loop
      vertex 1.60001 13.1606 2.91642
      vertex 1.60001 9.95 1.6
      vertex 1.60001 13.5941 2.76926
    endloop
  endfacet
  facet normal 1 0 0
    outer loop
      vertex 1.60001 12.75 3.11891
      vertex 1.60001 9.95 1.6
      vertex 1.60001 13.1606 2.91642
    endloop
  endfacet
  facet normal 1 0 0
    outer loop
      vertex 1.60001 12.3693 3.37326
      vertex 1.60001 9.95 1.6
      vertex 1.60001 12.75 3.11891
    endloop
  endfacet
  facet normal 1 0 0
    outer loop
      vertex 1.60001 12.0251 3.67513
      vertex 1.60001 9.95 1.6
      vertex 1.60001 12.3693 3.37326
    endloop
  endfacet
  facet normal 1 0 0
    outer loop
      vertex 1.60001 11.7233 4.01933
      vertex 1.60001 9.95 1.6
      vertex 1.60001 12.0251 3.67513
    endloop
  endfacet
  facet normal 1 0 0
    outer loop
      vertex 1.60001 11.4689 4.4
      vertex 1.60001 9.95 1.6
      vertex 1.60001 11.7233 4.01933
    endloop
  endfacet
  facet normal 1 0 0
    outer loop
      vertex 1.60001 11.2664 4.81061
      vertex 1.60001 9.95 1.6
      vertex 1.60001 11.4689 4.4
    endloop
  endfacet
  facet normal 1 0 0
    outer loop
      vertex 1.60001 11.1193 5.24413
      vertex 1.60001 9.95 1.6
      vertex 1.60001 11.2664 4.81061
    endloop
  endfacet
  facet normal 1 0 0
    outer loop
      vertex 1.60001 11.0299 5.69316
      vertex 1.60001 9.95 1.6
      vertex 1.60001 11.1193 5.24413
    endloop
  endfacet
  facet normal -0.555481 0.831529 0
    outer loop
      vertex 71.8523 1.88931 1.6
      vertex 71.7 1.78757 11.9
      vertex 71.8523 1.88931 11.9
    endloop
  endfacet
  facet normal -0.555481 0.831529 0
    outer loop
      vertex 71.7 1.78757 11.9
      vertex 71.8523 1.88931 1.6
      vertex 71.7 1.78757 1.6
    endloop
  endfacet
  facet normal 0.321629 -0.946866 0
    outer loop
      vertex 2.46425 27.2934 1.6
      vertex 2.63765 27.3523 11.9
      vertex 2.46425 27.2934 11.9
    endloop
  endfacet
  facet normal 0.321629 -0.946866 0
    outer loop
      vertex 2.63765 27.3523 11.9
      vertex 2.46425 27.2934 1.6
      vertex 2.63765 27.3523 1.6
    endloop
  endfacet
  facet normal -0.442238 0.896898 0
    outer loop
      vertex 71.7 1.78757 1.6
      vertex 71.5527 1.71494 11.9
      vertex 71.7 1.78757 11.9
    endloop
  endfacet
  facet normal -0.442238 0.896898 0
    outer loop
      vertex 71.5527 1.71494 11.9
      vertex 71.7 1.78757 1.6
      vertex 71.5527 1.71494 1.6
    endloop
  endfacet
  facet normal -0.55533 -0.83163 0
    outer loop
      vertex 71.7 27.2124 1.6
      vertex 71.8523 27.1107 11.9
      vertex 71.7 27.2124 11.9
    endloop
  endfacet
  facet normal -0.55533 -0.83163 -0
    outer loop
      vertex 71.8523 27.1107 11.9
      vertex 71.7 27.2124 1.6
      vertex 71.8523 27.1107 1.6
    endloop
  endfacet
  facet normal 0 -1 0
    outer loop
      vertex 25.8 27.4 1.6
      vertex 65.8 27.4 7.6
      vertex 25.8 27.4 7.6
    endloop
  endfacet
  facet normal 0 -1 -0
    outer loop
      vertex 65.8 27.4 7.6
      vertex 25.8 27.4 1.6
      vertex 65.8 27.4 1.6
    endloop
  endfacet
  facet normal 0 -1 0
    outer loop
      vertex 22.4 27.4 4.3
      vertex 24.8 27.4 7.6
      vertex 22.4 27.4 11.3
    endloop
  endfacet
  facet normal 0 -1 0
    outer loop
      vertex 22.4 27.4 4.3
      vertex 24.8 27.4 1.6
      vertex 24.8 27.4 7.6
    endloop
  endfacet
  facet normal 0 -1 0
    outer loop
      vertex 9.4 27.4 4.3
      vertex 24.8 27.4 1.6
      vertex 22.4 27.4 4.3
    endloop
  endfacet
  facet normal 0 -1 0
    outer loop
      vertex 22.4 27.4 11.3
      vertex 3 27.4 11.9
      vertex 9.4 27.4 11.3
    endloop
  endfacet
  facet normal 0 -1 0
    outer loop
      vertex 7.20588 27.4 9.52444
      vertex 9.4 27.4 11.3
      vertex 3 27.4 11.9
    endloop
  endfacet
  facet normal 0 -1 0
    outer loop
      vertex 9.4 27.4 11.3
      vertex 7.3021 27.4 9.54358
      vertex 7.4 27.4 9.55
    endloop
  endfacet
  facet normal 0 -1 0
    outer loop
      vertex 9.4 27.4 11.3
      vertex 7.20588 27.4 9.52444
      vertex 7.3021 27.4 9.54358
    endloop
  endfacet
  facet normal 0 -1 0
    outer loop
      vertex 3 27.4 11.9
      vertex 7.11299 27.4 9.49291
      vertex 7.20588 27.4 9.52444
    endloop
  endfacet
  facet normal 0 -1 0
    outer loop
      vertex 3 27.4 11.9
      vertex 7.025 27.4 9.44952
      vertex 7.11299 27.4 9.49291
    endloop
  endfacet
  facet normal 0 -1 0
    outer loop
      vertex 3 27.4 11.9
      vertex 6.94343 27.4 9.39501
      vertex 7.025 27.4 9.44952
    endloop
  endfacet
  facet normal 0 -1 0
    outer loop
      vertex 3 27.4 11.9
      vertex 6.86967 27.4 9.33033
      vertex 6.94343 27.4 9.39501
    endloop
  endfacet
  facet normal 0 -1 0
    outer loop
      vertex 3 27.4 11.9
      vertex 6.80498 27.4 9.25657
      vertex 6.86967 27.4 9.33033
    endloop
  endfacet
  facet normal 0 -1 0
    outer loop
      vertex 3 27.4 11.9
      vertex 6.75048 27.4 9.175
      vertex 6.80498 27.4 9.25657
    endloop
  endfacet
  facet normal 0 -1 0
    outer loop
      vertex 3 27.4 11.9
      vertex 6.70709 27.4 9.08701
      vertex 6.75048 27.4 9.175
    endloop
  endfacet
  facet normal 0 -1 0
    outer loop
      vertex 3 27.4 11.9
      vertex 6.67556 27.4 8.99411
      vertex 6.70709 27.4 9.08701
    endloop
  endfacet
  facet normal 0 -1 0
    outer loop
      vertex 3 27.4 11.9
      vertex 6.65642 27.4 8.89789
      vertex 6.67556 27.4 8.99411
    endloop
  endfacet
  facet normal 0 -1 0
    outer loop
      vertex 3 27.4 11.9
      vertex 6.65 27.4 8.8
      vertex 6.65642 27.4 8.89789
    endloop
  endfacet
  facet normal 0 -1 0
    outer loop
      vertex 3 27.4 11.9
      vertex 6.65642 27.4 8.7021
      vertex 6.65 27.4 8.8
    endloop
  endfacet
  facet normal 0 -1 0
    outer loop
      vertex 3 27.4 11.9
      vertex 6.67556 27.4 8.60589
      vertex 6.65642 27.4 8.7021
    endloop
  endfacet
  facet normal 0 -1 0
    outer loop
      vertex 3 27.4 11.9
      vertex 6.70709 27.4 8.51299
      vertex 6.67556 27.4 8.60589
    endloop
  endfacet
  facet normal 0 -1 0
    outer loop
      vertex 3 27.4 1.6
      vertex 6.70709 27.4 8.51299
      vertex 3 27.4 11.9
    endloop
  endfacet
  facet normal 0 -1 -0
    outer loop
      vertex 6.70709 27.4 8.51299
      vertex 3 27.4 1.6
      vertex 6.75048 27.4 8.425
    endloop
  endfacet
  facet normal 0 -1 -0
    outer loop
      vertex 6.75048 27.4 8.425
      vertex 3 27.4 1.6
      vertex 6.80498 27.4 8.34343
    endloop
  endfacet
  facet normal 0 -1 0
    outer loop
      vertex 7.3021 27.4 8.05642
      vertex 9.4 27.4 4.3
      vertex 7.4 27.4 8.05
    endloop
  endfacet
  facet normal 0 -1 0
    outer loop
      vertex 7.20588 27.4 8.07555
      vertex 9.4 27.4 4.3
      vertex 7.3021 27.4 8.05642
    endloop
  endfacet
  facet normal 0 -1 0
    outer loop
      vertex 7.11299 27.4 8.10709
      vertex 9.4 27.4 4.3
      vertex 7.20588 27.4 8.07555
    endloop
  endfacet
  facet normal 0 -1 0
    outer loop
      vertex 3 27.4 1.6
      vertex 7.11299 27.4 8.10709
      vertex 7.025 27.4 8.15048
    endloop
  endfacet
  facet normal 0 -1 0
    outer loop
      vertex 3 27.4 1.6
      vertex 7.025 27.4 8.15048
      vertex 6.94343 27.4 8.20498
    endloop
  endfacet
  facet normal 0 -1 0
    outer loop
      vertex 3 27.4 1.6
      vertex 6.94343 27.4 8.20498
      vertex 6.86967 27.4 8.26967
    endloop
  endfacet
  facet normal 0 -1 -0
    outer loop
      vertex 6.80498 27.4 8.34343
      vertex 3 27.4 1.6
      vertex 6.86967 27.4 8.26967
    endloop
  endfacet
  facet normal 0 -1 0
    outer loop
      vertex 24.8 27.4 1.6
      vertex 9.4 27.4 4.3
      vertex 3 27.4 1.6
    endloop
  endfacet
  facet normal 0 -1 -0
    outer loop
      vertex 7.11299 27.4 8.10709
      vertex 3 27.4 1.6
      vertex 9.4 27.4 4.3
    endloop
  endfacet
  facet normal 0 -1 0
    outer loop
      vertex 3 27.4 11.9
      vertex 22.4 27.4 11.3
      vertex 71 27.4 11.9
    endloop
  endfacet
  facet normal 0 -1 0
    outer loop
      vertex 25.8 27.4 7.6
      vertex 22.4 27.4 11.3
      vertex 24.8 27.4 7.6
    endloop
  endfacet
  facet normal 0 -1 0
    outer loop
      vertex 65.8 27.4 7.6
      vertex 22.4 27.4 11.3
      vertex 25.8 27.4 7.6
    endloop
  endfacet
  facet normal 0 -1 0
    outer loop
      vertex 22.4 27.4 11.3
      vertex 65.8 27.4 7.6
      vertex 71 27.4 11.9
    endloop
  endfacet
  facet normal 0 -1 0
    outer loop
      vertex 66.8 27.4 7.6
      vertex 71 27.4 11.9
      vertex 65.8 27.4 7.6
    endloop
  endfacet
  facet normal 0 -1 0
    outer loop
      vertex 71 27.4 1.6
      vertex 66.8 27.4 7.6
      vertex 66.8 27.4 1.6
    endloop
  endfacet
  facet normal 0 -1 0
    outer loop
      vertex 66.8 27.4 7.6
      vertex 71 27.4 1.6
      vertex 71 27.4 11.9
    endloop
  endfacet
  facet normal 0 -1 0
    outer loop
      vertex 7.49789 27.4 9.54358
      vertex 9.4 27.4 11.3
      vertex 7.4 27.4 9.55
    endloop
  endfacet
  facet normal 0 -1 0
    outer loop
      vertex 7.59411 27.4 9.52444
      vertex 9.4 27.4 11.3
      vertex 7.49789 27.4 9.54358
    endloop
  endfacet
  facet normal 0 -1 0
    outer loop
      vertex 7.68701 27.4 9.49291
      vertex 9.4 27.4 11.3
      vertex 7.59411 27.4 9.52444
    endloop
  endfacet
  facet normal 0 -1 0
    outer loop
      vertex 7.775 27.4 9.44952
      vertex 9.4 27.4 11.3
      vertex 7.68701 27.4 9.49291
    endloop
  endfacet
  facet normal 0 -1 0
    outer loop
      vertex 7.85657 27.4 9.39501
      vertex 9.4 27.4 11.3
      vertex 7.775 27.4 9.44952
    endloop
  endfacet
  facet normal 0 -1 0
    outer loop
      vertex 7.93033 27.4 9.33033
      vertex 9.4 27.4 11.3
      vertex 7.85657 27.4 9.39501
    endloop
  endfacet
  facet normal 0 -1 0
    outer loop
      vertex 7.99501 27.4 9.25657
      vertex 9.4 27.4 11.3
      vertex 7.93033 27.4 9.33033
    endloop
  endfacet
  facet normal 0 -1 0
    outer loop
      vertex 8.04952 27.4 9.175
      vertex 9.4 27.4 11.3
      vertex 7.99501 27.4 9.25657
    endloop
  endfacet
  facet normal 0 -1 0
    outer loop
      vertex 8.09291 27.4 9.08701
      vertex 9.4 27.4 11.3
      vertex 8.04952 27.4 9.175
    endloop
  endfacet
  facet normal 0 -1 0
    outer loop
      vertex 8.12444 27.4 8.99411
      vertex 9.4 27.4 11.3
      vertex 8.09291 27.4 9.08701
    endloop
  endfacet
  facet normal 0 -1 0
    outer loop
      vertex 8.14358 27.4 8.89789
      vertex 9.4 27.4 11.3
      vertex 8.12444 27.4 8.99411
    endloop
  endfacet
  facet normal 0 -1 0
    outer loop
      vertex 8.15 27.4 8.8
      vertex 9.4 27.4 11.3
      vertex 8.14358 27.4 8.89789
    endloop
  endfacet
  facet normal 0 -1 0
    outer loop
      vertex 8.14358 27.4 8.7021
      vertex 9.4 27.4 11.3
      vertex 8.15 27.4 8.8
    endloop
  endfacet
  facet normal 0 -1 0
    outer loop
      vertex 9.4 27.4 4.3
      vertex 8.14358 27.4 8.7021
      vertex 8.12444 27.4 8.60589
    endloop
  endfacet
  facet normal 0 -1 0
    outer loop
      vertex 9.4 27.4 4.3
      vertex 8.12444 27.4 8.60589
      vertex 8.09291 27.4 8.51299
    endloop
  endfacet
  facet normal 0 -1 0
    outer loop
      vertex 8.14358 27.4 8.7021
      vertex 9.4 27.4 4.3
      vertex 9.4 27.4 11.3
    endloop
  endfacet
  facet normal 0 -1 0
    outer loop
      vertex 8.04952 27.4 8.425
      vertex 9.4 27.4 4.3
      vertex 8.09291 27.4 8.51299
    endloop
  endfacet
  facet normal 0 -1 0
    outer loop
      vertex 7.99501 27.4 8.34343
      vertex 9.4 27.4 4.3
      vertex 8.04952 27.4 8.425
    endloop
  endfacet
  facet normal 0 -1 0
    outer loop
      vertex 7.93033 27.4 8.26967
      vertex 9.4 27.4 4.3
      vertex 7.99501 27.4 8.34343
    endloop
  endfacet
  facet normal 0 -1 0
    outer loop
      vertex 7.85657 27.4 8.20498
      vertex 9.4 27.4 4.3
      vertex 7.93033 27.4 8.26967
    endloop
  endfacet
  facet normal 0 -1 0
    outer loop
      vertex 7.775 27.4 8.15048
      vertex 9.4 27.4 4.3
      vertex 7.85657 27.4 8.20498
    endloop
  endfacet
  facet normal 0 -1 0
    outer loop
      vertex 7.68701 27.4 8.10709
      vertex 9.4 27.4 4.3
      vertex 7.775 27.4 8.15048
    endloop
  endfacet
  facet normal 0 -1 0
    outer loop
      vertex 7.59411 27.4 8.07555
      vertex 9.4 27.4 4.3
      vertex 7.68701 27.4 8.10709
    endloop
  endfacet
  facet normal 0 -1 0
    outer loop
      vertex 7.49789 27.4 8.05642
      vertex 9.4 27.4 4.3
      vertex 7.59411 27.4 8.07555
    endloop
  endfacet
  facet normal 0 -1 0
    outer loop
      vertex 9.4 27.4 4.3
      vertex 7.49789 27.4 8.05642
      vertex 7.4 27.4 8.05
    endloop
  endfacet
  facet normal -0.659587 0.751628 0
    outer loop
      vertex 71.9899 2.01006 1.6
      vertex 71.8523 1.88931 11.9
      vertex 71.9899 2.01006 11.9
    endloop
  endfacet
  facet normal -0.659587 0.751628 0
    outer loop
      vertex 71.8523 1.88931 11.9
      vertex 71.9899 2.01006 1.6
      vertex 71.8523 1.88931 1.6
    endloop
  endfacet
  facet normal 0.321433 0.946932 -0
    outer loop
      vertex 2.63765 1.64771 1.6
      vertex 2.46425 1.70657 11.9
      vertex 2.63765 1.64771 11.9
    endloop
  endfacet
  facet normal 0.321433 0.946932 0
    outer loop
      vertex 2.46425 1.70657 11.9
      vertex 2.63765 1.64771 1.6
      vertex 2.46425 1.70657 1.6
    endloop
  endfacet
  facet normal -0.751683 0.659524 0
    outer loop
      vertex 71.9899 2.01006 1.6
      vertex 72.1107 2.14774 11.9
      vertex 72.1107 2.14774 1.6
    endloop
  endfacet
  facet normal -0.751683 0.659524 0
    outer loop
      vertex 72.1107 2.14774 11.9
      vertex 71.9899 2.01006 1.6
      vertex 71.9899 2.01006 11.9
    endloop
  endfacet
  facet normal -0.751493 -0.659741 0
    outer loop
      vertex 72.1107 26.8523 1.6
      vertex 71.9899 26.9899 11.9
      vertex 71.9899 26.9899 1.6
    endloop
  endfacet
  facet normal -0.751493 -0.659741 0
    outer loop
      vertex 71.9899 26.9899 11.9
      vertex 72.1107 26.8523 1.6
      vertex 72.1107 26.8523 11.9
    endloop
  endfacet
  facet normal 0.896817 -0.442401 0
    outer loop
      vertex 1.70657 26.5358 11.9
      vertex 1.78757 26.7 1.6
      vertex 1.78757 26.7 11.9
    endloop
  endfacet
  facet normal 0.896817 -0.442401 0
    outer loop
      vertex 1.78757 26.7 1.6
      vertex 1.70657 26.5358 11.9
      vertex 1.70657 26.5358 1.6
    endloop
  endfacet
  facet normal -1 0 0
    outer loop
      vertex 72.4 6.2 1.6
      vertex 72.4 3 1.6
      vertex 72.4 6.2 8.6
    endloop
  endfacet
  facet normal -1 0 0
    outer loop
      vertex 72.4 13.8 1.6
      vertex 72.4 12.7 5
      vertex 72.4 13.8 8.6
    endloop
  endfacet
  facet normal -1 0 0
    outer loop
      vertex 72.4 13.8 1.6
      vertex 72.4 12.6812 4.71284
      vertex 72.4 12.7 5
    endloop
  endfacet
  facet normal -1 0 0
    outer loop
      vertex 72.4 13.8 1.6
      vertex 72.4 12.625 4.4306
      vertex 72.4 12.6812 4.71284
    endloop
  endfacet
  facet normal -1 0 0
    outer loop
      vertex 72.4 13.8 1.6
      vertex 72.4 12.5325 4.1581
      vertex 72.4 12.625 4.4306
    endloop
  endfacet
  facet normal -1 0 0
    outer loop
      vertex 72.4 13.8 1.6
      vertex 72.4 12.4053 3.9
      vertex 72.4 12.5325 4.1581
    endloop
  endfacet
  facet normal -1 0 0
    outer loop
      vertex 72.4 13.8 1.6
      vertex 72.4 12.2454 3.66072
      vertex 72.4 12.4053 3.9
    endloop
  endfacet
  facet normal -1 0 0
    outer loop
      vertex 72.4 13.8 1.6
      vertex 72.4 12.0556 3.44436
      vertex 72.4 12.2454 3.66072
    endloop
  endfacet
  facet normal -1 0 0
    outer loop
      vertex 72.4 13.8 1.6
      vertex 72.4 11.8393 3.25462
      vertex 72.4 12.0556 3.44436
    endloop
  endfacet
  facet normal -1 0 0
    outer loop
      vertex 72.4 13.8 1.6
      vertex 72.4 11.6 3.09474
      vertex 72.4 11.8393 3.25462
    endloop
  endfacet
  facet normal -1 0 0
    outer loop
      vertex 72.4 13.8 1.6
      vertex 72.4 11.3419 2.96746
      vertex 72.4 11.6 3.09474
    endloop
  endfacet
  facet normal -1 0 0
    outer loop
      vertex 72.4 13.8 1.6
      vertex 72.4 11.0694 2.87496
      vertex 72.4 11.3419 2.96746
    endloop
  endfacet
  facet normal -1 0 0
    outer loop
      vertex 72.4 13.8 1.6
      vertex 72.4 10.7872 2.81882
      vertex 72.4 11.0694 2.87496
    endloop
  endfacet
  facet normal -1 0 0
    outer loop
      vertex 72.4 13.8 1.6
      vertex 72.4 10.5 2.8
      vertex 72.4 10.7872 2.81882
    endloop
  endfacet
  facet normal -1 0 0
    outer loop
      vertex 72.4 7.2 1.6
      vertex 72.4 10.5 2.8
      vertex 72.4 13.8 1.6
    endloop
  endfacet
  facet normal -1 -0 0
    outer loop
      vertex 72.4 10.5 2.8
      vertex 72.4 7.2 1.6
      vertex 72.4 10.2128 2.81882
    endloop
  endfacet
  facet normal -1 -0 0
    outer loop
      vertex 72.4 8.31882 4.71284
      vertex 72.4 7.2 1.6
      vertex 72.4 8.3 5
    endloop
  endfacet
  facet normal -1 -0 0
    outer loop
      vertex 72.4 8.37496 4.4306
      vertex 72.4 7.2 1.6
      vertex 72.4 8.31882 4.71284
    endloop
  endfacet
  facet normal -1 -0 0
    outer loop
      vertex 72.4 8.46746 4.1581
      vertex 72.4 7.2 1.6
      vertex 72.4 8.37496 4.4306
    endloop
  endfacet
  facet normal -1 -0 0
    outer loop
      vertex 72.4 8.59474 3.9
      vertex 72.4 7.2 1.6
      vertex 72.4 8.46746 4.1581
    endloop
  endfacet
  facet normal -1 -0 0
    outer loop
      vertex 72.4 8.75462 3.66072
      vertex 72.4 7.2 1.6
      vertex 72.4 8.59474 3.9
    endloop
  endfacet
  facet normal -1 -0 0
    outer loop
      vertex 72.4 8.94436 3.44436
      vertex 72.4 7.2 1.6
      vertex 72.4 8.75462 3.66072
    endloop
  endfacet
  facet normal -1 -0 0
    outer loop
      vertex 72.4 9.16072 3.25462
      vertex 72.4 7.2 1.6
      vertex 72.4 8.94436 3.44436
    endloop
  endfacet
  facet normal -1 -0 0
    outer loop
      vertex 72.4 9.4 3.09474
      vertex 72.4 7.2 1.6
      vertex 72.4 9.16072 3.25462
    endloop
  endfacet
  facet normal -1 -0 0
    outer loop
      vertex 72.4 9.6581 2.96746
      vertex 72.4 7.2 1.6
      vertex 72.4 9.4 3.09474
    endloop
  endfacet
  facet normal -1 -0 0
    outer loop
      vertex 72.4 9.9306 2.87496
      vertex 72.4 7.2 1.6
      vertex 72.4 9.6581 2.96746
    endloop
  endfacet
  facet normal -1 -0 0
    outer loop
      vertex 72.4 10.2128 2.81882
      vertex 72.4 7.2 1.6
      vertex 72.4 9.9306 2.87496
    endloop
  endfacet
  facet normal -1 0 0
    outer loop
      vertex 72.4 24 5
      vertex 72.4 26 1.6
      vertex 72.4 24 3
    endloop
  endfacet
  facet normal -1 0 0
    outer loop
      vertex 72.4 26 1.6
      vertex 72.4 19 3
      vertex 72.4 24 3
    endloop
  endfacet
  facet normal -1 -0 0
    outer loop
      vertex 72.4 19 3
      vertex 72.4 14.8 1.6
      vertex 72.4 19 5
    endloop
  endfacet
  facet normal -1 0 0
    outer loop
      vertex 72.4 14.8 1.6
      vertex 72.4 19 3
      vertex 72.4 26 1.6
    endloop
  endfacet
  facet normal -1 0 0
    outer loop
      vertex 72.4 26 1.6
      vertex 72.4 24 5
      vertex 72.4 26 11.9
    endloop
  endfacet
  facet normal -1 0 0
    outer loop
      vertex 72.4 19 5
      vertex 72.4 26 11.9
      vertex 72.4 24 5
    endloop
  endfacet
  facet normal -1 0 0
    outer loop
      vertex 72.4 14.8 8.6
      vertex 72.4 19 5
      vertex 72.4 14.8 1.6
    endloop
  endfacet
  facet normal -1 0 0
    outer loop
      vertex 72.4 19 5
      vertex 72.4 14.8 8.6
      vertex 72.4 26 11.9
    endloop
  endfacet
  facet normal -1 0 0
    outer loop
      vertex 72.4 3 11.9
      vertex 72.4 14.8 8.6
      vertex 72.4 13.8 8.6
    endloop
  endfacet
  facet normal -1 0 0
    outer loop
      vertex 72.4 12.6812 5.28716
      vertex 72.4 13.8 8.6
      vertex 72.4 12.7 5
    endloop
  endfacet
  facet normal -1 0 0
    outer loop
      vertex 72.4 12.625 5.5694
      vertex 72.4 13.8 8.6
      vertex 72.4 12.6812 5.28716
    endloop
  endfacet
  facet normal -1 0 0
    outer loop
      vertex 72.4 12.5325 5.8419
      vertex 72.4 13.8 8.6
      vertex 72.4 12.625 5.5694
    endloop
  endfacet
  facet normal -1 0 0
    outer loop
      vertex 72.4 12.4053 6.1
      vertex 72.4 13.8 8.6
      vertex 72.4 12.5325 5.8419
    endloop
  endfacet
  facet normal -1 0 0
    outer loop
      vertex 72.4 12.2454 6.33927
      vertex 72.4 13.8 8.6
      vertex 72.4 12.4053 6.1
    endloop
  endfacet
  facet normal -1 0 0
    outer loop
      vertex 72.4 12.0556 6.55563
      vertex 72.4 13.8 8.6
      vertex 72.4 12.2454 6.33927
    endloop
  endfacet
  facet normal -1 0 0
    outer loop
      vertex 72.4 11.8393 6.74538
      vertex 72.4 13.8 8.6
      vertex 72.4 12.0556 6.55563
    endloop
  endfacet
  facet normal -1 0 0
    outer loop
      vertex 72.4 11.6 6.90526
      vertex 72.4 13.8 8.6
      vertex 72.4 11.8393 6.74538
    endloop
  endfacet
  facet normal -1 0 0
    outer loop
      vertex 72.4 11.3419 7.03253
      vertex 72.4 13.8 8.6
      vertex 72.4 11.6 6.90526
    endloop
  endfacet
  facet normal -1 0 0
    outer loop
      vertex 72.4 11.0694 7.12504
      vertex 72.4 13.8 8.6
      vertex 72.4 11.3419 7.03253
    endloop
  endfacet
  facet normal -1 0 0
    outer loop
      vertex 72.4 10.7872 7.18118
      vertex 72.4 13.8 8.6
      vertex 72.4 11.0694 7.12504
    endloop
  endfacet
  facet normal -1 0 0
    outer loop
      vertex 72.4 10.5 7.2
      vertex 72.4 13.8 8.6
      vertex 72.4 10.7872 7.18118
    endloop
  endfacet
  facet normal -1 0 0
    outer loop
      vertex 72.4 7.2 8.6
      vertex 72.4 10.5 7.2
      vertex 72.4 10.2128 7.18118
    endloop
  endfacet
  facet normal -1 0 0
    outer loop
      vertex 72.4 7.2 8.6
      vertex 72.4 10.2128 7.18118
      vertex 72.4 9.9306 7.12504
    endloop
  endfacet
  facet normal -1 0 0
    outer loop
      vertex 72.4 7.2 8.6
      vertex 72.4 9.9306 7.12504
      vertex 72.4 9.6581 7.03253
    endloop
  endfacet
  facet normal -1 0 0
    outer loop
      vertex 72.4 7.2 8.6
      vertex 72.4 8.3 5
      vertex 72.4 7.2 1.6
    endloop
  endfacet
  facet normal -1 0 0
    outer loop
      vertex 72.4 8.3 5
      vertex 72.4 7.2 8.6
      vertex 72.4 8.31882 5.28716
    endloop
  endfacet
  facet normal -1 0 0
    outer loop
      vertex 72.4 8.31882 5.28716
      vertex 72.4 7.2 8.6
      vertex 72.4 8.37496 5.5694
    endloop
  endfacet
  facet normal -1 0 0
    outer loop
      vertex 72.4 7.2 8.6
      vertex 72.4 8.46746 5.8419
      vertex 72.4 8.37496 5.5694
    endloop
  endfacet
  facet normal -1 0 0
    outer loop
      vertex 72.4 7.2 8.6
      vertex 72.4 8.59474 6.1
      vertex 72.4 8.46746 5.8419
    endloop
  endfacet
  facet normal -1 0 0
    outer loop
      vertex 72.4 7.2 8.6
      vertex 72.4 8.75462 6.33927
      vertex 72.4 8.59474 6.1
    endloop
  endfacet
  facet normal -1 0 0
    outer loop
      vertex 72.4 7.2 8.6
      vertex 72.4 8.94436 6.55563
      vertex 72.4 8.75462 6.33927
    endloop
  endfacet
  facet normal -1 0 0
    outer loop
      vertex 72.4 7.2 8.6
      vertex 72.4 9.16072 6.74538
      vertex 72.4 8.94436 6.55563
    endloop
  endfacet
  facet normal -1 0 0
    outer loop
      vertex 72.4 7.2 8.6
      vertex 72.4 9.4 6.90526
      vertex 72.4 9.16072 6.74538
    endloop
  endfacet
  facet normal -1 0 0
    outer loop
      vertex 72.4 7.2 8.6
      vertex 72.4 9.6581 7.03253
      vertex 72.4 9.4 6.90526
    endloop
  endfacet
  facet normal -1 0 0
    outer loop
      vertex 72.4 10.5 7.2
      vertex 72.4 7.2 8.6
      vertex 72.4 13.8 8.6
    endloop
  endfacet
  facet normal -1 0 0
    outer loop
      vertex 72.4 3 11.9
      vertex 72.4 13.8 8.6
      vertex 72.4 7.2 8.6
    endloop
  endfacet
  facet normal -1 0 0
    outer loop
      vertex 72.4 3 11.9
      vertex 72.4 7.2 8.6
      vertex 72.4 6.2 8.6
    endloop
  endfacet
  facet normal -1 0 0
    outer loop
      vertex 72.4 14.8 8.6
      vertex 72.4 3 11.9
      vertex 72.4 26 11.9
    endloop
  endfacet
  facet normal -1 0 0
    outer loop
      vertex 72.4 3 11.9
      vertex 72.4 6.2 8.6
      vertex 72.4 3 1.6
    endloop
  endfacet
  facet normal -0.83163 -0.55533 0
    outer loop
      vertex 72.2124 26.7 1.6
      vertex 72.1107 26.8523 11.9
      vertex 72.1107 26.8523 1.6
    endloop
  endfacet
  facet normal -0.83163 -0.55533 0
    outer loop
      vertex 72.1107 26.8523 11.9
      vertex 72.2124 26.7 1.6
      vertex 72.2124 26.7 11.9
    endloop
  endfacet
  facet normal 0.442292 -0.896871 0
    outer loop
      vertex 2.3 27.2124 1.6
      vertex 2.46425 27.2934 11.9
      vertex 2.3 27.2124 11.9
    endloop
  endfacet
  facet normal 0.442292 -0.896871 0
    outer loop
      vertex 2.46425 27.2934 11.9
      vertex 2.3 27.2124 1.6
      vertex 2.46425 27.2934 1.6
    endloop
  endfacet
  facet normal -0.946866 0.321629 0
    outer loop
      vertex 72.2934 2.46425 1.6
      vertex 72.3523 2.63765 11.9
      vertex 72.3523 2.63765 1.6
    endloop
  endfacet
  facet normal -0.946866 0.321629 0
    outer loop
      vertex 72.3523 2.63765 11.9
      vertex 72.2934 2.46425 1.6
      vertex 72.2934 2.46425 11.9
    endloop
  endfacet
  facet normal -0.194856 -0.980832 0
    outer loop
      vertex 71.1827 27.388 1.6
      vertex 71.3624 27.3523 11.9
      vertex 71.1827 27.388 11.9
    endloop
  endfacet
  facet normal -0.194856 -0.980832 -0
    outer loop
      vertex 71.3624 27.3523 11.9
      vertex 71.1827 27.388 1.6
      vertex 71.3624 27.3523 1.6
    endloop
  endfacet
  facet normal 0.555582 0.831462 -0
    outer loop
      vertex 2.3 1.78757 1.6
      vertex 2.14774 1.88931 11.9
      vertex 2.3 1.78757 11.9
    endloop
  endfacet
  facet normal 0.555582 0.831462 0
    outer loop
      vertex 2.14774 1.88931 11.9
      vertex 2.3 1.78757 1.6
      vertex 2.14774 1.88931 1.6
    endloop
  endfacet
  facet normal 0.19495 -0.980813 0
    outer loop
      vertex 2.63765 27.3523 1.6
      vertex 2.81726 27.388 11.9
      vertex 2.63765 27.3523 11.9
    endloop
  endfacet
  facet normal 0.19495 -0.980813 0
    outer loop
      vertex 2.81726 27.388 11.9
      vertex 2.63765 27.3523 1.6
      vertex 2.81726 27.388 1.6
    endloop
  endfacet
  facet normal 0.9808 -0.195014 0
    outer loop
      vertex 1.61198 26.1827 11.9
      vertex 1.64771 26.3624 1.6
      vertex 1.64771 26.3624 11.9
    endloop
  endfacet
  facet normal 0.9808 -0.195014 0
    outer loop
      vertex 1.64771 26.3624 1.6
      vertex 1.61198 26.1827 11.9
      vertex 1.61198 26.1827 1.6
    endloop
  endfacet
  facet normal -0.896871 0.442292 0
    outer loop
      vertex 72.2124 2.3 1.6
      vertex 72.2934 2.46425 11.9
      vertex 72.2934 2.46425 1.6
    endloop
  endfacet
  facet normal -0.896871 0.442292 0
    outer loop
      vertex 72.2934 2.46425 11.9
      vertex 72.2124 2.3 1.6
      vertex 72.2124 2.3 11.9
    endloop
  endfacet
  facet normal -0.659741 -0.751493 0
    outer loop
      vertex 71.8523 27.1107 1.6
      vertex 71.9899 26.9899 11.9
      vertex 71.8523 27.1107 11.9
    endloop
  endfacet
  facet normal -0.659741 -0.751493 -0
    outer loop
      vertex 71.9899 26.9899 11.9
      vertex 71.8523 27.1107 1.6
      vertex 71.9899 26.9899 1.6
    endloop
  endfacet
  facet normal -0.0655402 -0.99785 0
    outer loop
      vertex 71 27.4 1.6
      vertex 71.1827 27.388 11.9
      vertex 71 27.4 11.9
    endloop
  endfacet
  facet normal -0.0655402 -0.99785 -0
    outer loop
      vertex 71.1827 27.388 11.9
      vertex 71 27.4 1.6
      vertex 71.1827 27.388 1.6
    endloop
  endfacet
  facet normal 0.751628 -0.659587 0
    outer loop
      vertex 1.88931 26.8523 11.9
      vertex 2.01006 26.9899 1.6
      vertex 2.01006 26.9899 11.9
    endloop
  endfacet
  facet normal 0.751628 -0.659587 0
    outer loop
      vertex 2.01006 26.9899 1.6
      vertex 1.88931 26.8523 11.9
      vertex 1.88931 26.8523 1.6
    endloop
  endfacet
  facet normal 0.831529 -0.555481 0
    outer loop
      vertex 1.78757 26.7 11.9
      vertex 1.88931 26.8523 1.6
      vertex 1.88931 26.8523 11.9
    endloop
  endfacet
  facet normal 0.831529 -0.555481 0
    outer loop
      vertex 1.88931 26.8523 1.6
      vertex 1.78757 26.7 11.9
      vertex 1.78757 26.7 1.6
    endloop
  endfacet
  facet normal 0.65937 0.751818 -0
    outer loop
      vertex 2.14774 1.88931 1.6
      vertex 2.01006 2.01006 11.9
      vertex 2.14774 1.88931 11.9
    endloop
  endfacet
  facet normal 0.65937 0.751818 0
    outer loop
      vertex 2.01006 2.01006 11.9
      vertex 2.14774 1.88931 1.6
      vertex 2.01006 2.01006 1.6
    endloop
  endfacet
  facet normal 0.946932 -0.321433 0
    outer loop
      vertex 1.64771 26.3624 11.9
      vertex 1.70657 26.5358 1.6
      vertex 1.70657 26.5358 11.9
    endloop
  endfacet
  facet normal 0.946932 -0.321433 0
    outer loop
      vertex 1.70657 26.5358 1.6
      vertex 1.64771 26.3624 11.9
      vertex 1.64771 26.3624 1.6
    endloop
  endfacet
  facet normal 0.555431 -0.831563 0
    outer loop
      vertex 2.14774 27.1107 1.6
      vertex 2.3 27.2124 11.9
      vertex 2.14774 27.1107 11.9
    endloop
  endfacet
  facet normal 0.555431 -0.831563 0
    outer loop
      vertex 2.3 27.2124 11.9
      vertex 2.14774 27.1107 1.6
      vertex 2.3 27.2124 1.6
    endloop
  endfacet
  facet normal 0.659524 -0.751683 0
    outer loop
      vertex 2.01006 26.9899 1.6
      vertex 2.14774 27.1107 11.9
      vertex 2.01006 26.9899 11.9
    endloop
  endfacet
  facet normal 0.659524 -0.751683 0
    outer loop
      vertex 2.14774 27.1107 11.9
      vertex 2.01006 26.9899 1.6
      vertex 2.14774 27.1107 1.6
    endloop
  endfacet
  facet normal -0.980832 -0.194856 0
    outer loop
      vertex 72.388 26.1827 1.6
      vertex 72.3523 26.3624 11.9
      vertex 72.3523 26.3624 1.6
    endloop
  endfacet
  facet normal -0.980832 -0.194856 0
    outer loop
      vertex 72.3523 26.3624 11.9
      vertex 72.388 26.1827 1.6
      vertex 72.388 26.1827 11.9
    endloop
  endfacet
  facet normal -0.896817 -0.442401 0
    outer loop
      vertex 72.2934 26.5358 1.6
      vertex 72.2124 26.7 11.9
      vertex 72.2124 26.7 1.6
    endloop
  endfacet
  facet normal -0.896817 -0.442401 0
    outer loop
      vertex 72.2124 26.7 11.9
      vertex 72.2934 26.5358 1.6
      vertex 72.2934 26.5358 11.9
    endloop
  endfacet
  facet normal 0.997862 0.0653628 0
    outer loop
      vertex 1.61198 2.81726 11.9
      vertex 1.60001 3 1.6
      vertex 1.60001 3 11.9
    endloop
  endfacet
  facet normal 0.997862 0.0653628 0
    outer loop
      vertex 1.60001 3 1.6
      vertex 1.61198 2.81726 11.9
      vertex 1.61198 2.81726 1.6
    endloop
  endfacet
  facet normal 0.997861 -0.0653771 0
    outer loop
      vertex 1.60001 26 11.9
      vertex 1.61198 26.1827 1.6
      vertex 1.61198 26.1827 11.9
    endloop
  endfacet
  facet normal 0.997861 -0.0653771 0
    outer loop
      vertex 1.61198 26.1827 1.6
      vertex 1.60001 26 11.9
      vertex 1.60001 26 1.6
    endloop
  endfacet
  facet normal -0.946866 -0.321629 0
    outer loop
      vertex 72.3523 26.3624 1.6
      vertex 72.2934 26.5358 11.9
      vertex 72.2934 26.5358 1.6
    endloop
  endfacet
  facet normal -0.946866 -0.321629 0
    outer loop
      vertex 72.2934 26.5358 11.9
      vertex 72.3523 26.3624 1.6
      vertex 72.3523 26.3624 11.9
    endloop
  endfacet
  facet normal -0.99785 -0.0655402 0
    outer loop
      vertex 72.4 26 1.6
      vertex 72.388 26.1827 11.9
      vertex 72.388 26.1827 1.6
    endloop
  endfacet
  facet normal -0.99785 -0.0655402 0
    outer loop
      vertex 72.388 26.1827 11.9
      vertex 72.4 26 1.6
      vertex 72.4 26 11.9
    endloop
  endfacet
  facet normal 0.442292 0.896871 -0
    outer loop
      vertex 2.46425 1.70657 1.6
      vertex 2.3 1.78757 11.9
      vertex 2.46425 1.70657 11.9
    endloop
  endfacet
  facet normal 0.442292 0.896871 0
    outer loop
      vertex 2.3 1.78757 11.9
      vertex 2.46425 1.70657 1.6
      vertex 2.3 1.78757 1.6
    endloop
  endfacet
  facet normal 0.751818 0.65937 0
    outer loop
      vertex 2.01006 2.01006 11.9
      vertex 1.88931 2.14774 1.6
      vertex 1.88931 2.14774 11.9
    endloop
  endfacet
  facet normal 0.751818 0.65937 0
    outer loop
      vertex 1.88931 2.14774 1.6
      vertex 2.01006 2.01006 11.9
      vertex 2.01006 2.01006 1.6
    endloop
  endfacet
  facet normal 0.831462 0.555582 0
    outer loop
      vertex 1.88931 2.14774 11.9
      vertex 1.78757 2.3 1.6
      vertex 1.78757 2.3 11.9
    endloop
  endfacet
  facet normal 0.831462 0.555582 0
    outer loop
      vertex 1.78757 2.3 1.6
      vertex 1.88931 2.14774 11.9
      vertex 1.88931 2.14774 1.6
    endloop
  endfacet
  facet normal -0.442401 -0.896817 0
    outer loop
      vertex 71.5358 27.2934 1.6
      vertex 71.7 27.2124 11.9
      vertex 71.5358 27.2934 11.9
    endloop
  endfacet
  facet normal -0.442401 -0.896817 -0
    outer loop
      vertex 71.7 27.2124 11.9
      vertex 71.5358 27.2934 1.6
      vertex 71.7 27.2124 1.6
    endloop
  endfacet
  facet normal 0.980782 0.195108 0
    outer loop
      vertex 1.64771 2.63765 11.9
      vertex 1.61198 2.81726 1.6
      vertex 1.61198 2.81726 11.9
    endloop
  endfacet
  facet normal 0.980782 0.195108 0
    outer loop
      vertex 1.61198 2.81726 1.6
      vertex 1.64771 2.63765 11.9
      vertex 1.64771 2.63765 1.6
    endloop
  endfacet
  facet normal 0.946932 0.321433 0
    outer loop
      vertex 1.70657 2.46425 11.9
      vertex 1.64771 2.63765 1.6
      vertex 1.64771 2.63765 11.9
    endloop
  endfacet
  facet normal 0.946932 0.321433 0
    outer loop
      vertex 1.64771 2.63765 1.6
      vertex 1.70657 2.46425 11.9
      vertex 1.70657 2.46425 1.6
    endloop
  endfacet
  facet normal -0.980813 0.19495 0
    outer loop
      vertex 72.3523 2.63765 1.6
      vertex 72.388 2.81726 11.9
      vertex 72.388 2.81726 1.6
    endloop
  endfacet
  facet normal -0.980813 0.19495 0
    outer loop
      vertex 72.388 2.81726 11.9
      vertex 72.3523 2.63765 1.6
      vertex 72.3523 2.63765 11.9
    endloop
  endfacet
  facet normal 0 0 1
    outer loop
      vertex 24.8 27.4 1.6
      vertex 7.8 20.05 1.6
      vertex 24.8 1.60001 1.6
    endloop
  endfacet
  facet normal -0 0 1
    outer loop
      vertex 3 27.4 1.6
      vertex 7.8 20.05 1.6
      vertex 24.8 27.4 1.6
    endloop
  endfacet
  facet normal 0 0 1
    outer loop
      vertex 1.60001 26 1.6
      vertex 3 27.4 1.6
      vertex 2.81726 27.388 1.6
    endloop
  endfacet
  facet normal 0 0 1
    outer loop
      vertex 1.60001 26 1.6
      vertex 2.81726 27.388 1.6
      vertex 2.63765 27.3523 1.6
    endloop
  endfacet
  facet normal 0 0 1
    outer loop
      vertex 1.60001 26 1.6
      vertex 2.63765 27.3523 1.6
      vertex 2.46425 27.2934 1.6
    endloop
  endfacet
  facet normal 0 0 1
    outer loop
      vertex 1.60001 26 1.6
      vertex 2.46425 27.2934 1.6
      vertex 2.3 27.2124 1.6
    endloop
  endfacet
  facet normal 0 0 1
    outer loop
      vertex 1.60001 26 1.6
      vertex 2.3 27.2124 1.6
      vertex 2.14774 27.1107 1.6
    endloop
  endfacet
  facet normal 0 0 1
    outer loop
      vertex 1.60001 26 1.6
      vertex 2.14774 27.1107 1.6
      vertex 2.01006 26.9899 1.6
    endloop
  endfacet
  facet normal 0 0 1
    outer loop
      vertex 1.60001 26 1.6
      vertex 2.01006 26.9899 1.6
      vertex 1.88931 26.8523 1.6
    endloop
  endfacet
  facet normal 0 0 1
    outer loop
      vertex 1.60001 26 1.6
      vertex 1.88931 26.8523 1.6
      vertex 1.78757 26.7 1.6
    endloop
  endfacet
  facet normal 0 0 1
    outer loop
      vertex 1.60001 26 1.6
      vertex 1.78757 26.7 1.6
      vertex 1.70657 26.5358 1.6
    endloop
  endfacet
  facet normal 0 0 1
    outer loop
      vertex 1.60001 26 1.6
      vertex 1.70657 26.5358 1.6
      vertex 1.64771 26.3624 1.6
    endloop
  endfacet
  facet normal 0 0 1
    outer loop
      vertex 1.60001 26 1.6
      vertex 1.64771 26.3624 1.6
      vertex 1.61198 26.1827 1.6
    endloop
  endfacet
  facet normal 0 0 1
    outer loop
      vertex 3 27.4 1.6
      vertex 1.60001 26 1.6
      vertex 7.8 20.05 1.6
    endloop
  endfacet
  facet normal 0 0 1
    outer loop
      vertex 7.8 20.05 1.6
      vertex 1.60001 26 1.6
      vertex 1.60001 20.05 1.6
    endloop
  endfacet
  facet normal -0 0 1
    outer loop
      vertex 7.8 8.95 1.6
      vertex 24.8 1.60001 1.6
      vertex 7.8 20.05 1.6
    endloop
  endfacet
  facet normal 0 0 1
    outer loop
      vertex 7.8 8.95 1.6
      vertex 3 1.60001 1.6
      vertex 24.8 1.60001 1.6
    endloop
  endfacet
  facet normal -0 0 1
    outer loop
      vertex 1.60001 3 1.6
      vertex 3 1.60001 1.6
      vertex 7.8 8.95 1.6
    endloop
  endfacet
  facet normal 0 0 1
    outer loop
      vertex 3 1.60001 1.6
      vertex 1.60001 3 1.6
      vertex 2.81726 1.61198 1.6
    endloop
  endfacet
  facet normal 0 0 1
    outer loop
      vertex 2.81726 1.61198 1.6
      vertex 1.60001 3 1.6
      vertex 2.63765 1.64771 1.6
    endloop
  endfacet
  facet normal 0 0 1
    outer loop
      vertex 2.63765 1.64771 1.6
      vertex 1.60001 3 1.6
      vertex 2.46425 1.70657 1.6
    endloop
  endfacet
  facet normal 0 0 1
    outer loop
      vertex 2.46425 1.70657 1.6
      vertex 1.60001 3 1.6
      vertex 2.3 1.78757 1.6
    endloop
  endfacet
  facet normal 0 0 1
    outer loop
      vertex 2.3 1.78757 1.6
      vertex 1.60001 3 1.6
      vertex 2.14774 1.88931 1.6
    endloop
  endfacet
  facet normal 0 0 1
    outer loop
      vertex 2.14774 1.88931 1.6
      vertex 1.60001 3 1.6
      vertex 2.01006 2.01006 1.6
    endloop
  endfacet
  facet normal 0 0 1
    outer loop
      vertex 2.01006 2.01006 1.6
      vertex 1.60001 3 1.6
      vertex 1.88931 2.14774 1.6
    endloop
  endfacet
  facet normal 0 0 1
    outer loop
      vertex 1.88931 2.14774 1.6
      vertex 1.60001 3 1.6
      vertex 1.78757 2.3 1.6
    endloop
  endfacet
  facet normal 0 0 1
    outer loop
      vertex 1.78757 2.3 1.6
      vertex 1.60001 3 1.6
      vertex 1.70657 2.46425 1.6
    endloop
  endfacet
  facet normal 0 0 1
    outer loop
      vertex 1.70657 2.46425 1.6
      vertex 1.60001 3 1.6
      vertex 1.64771 2.63765 1.6
    endloop
  endfacet
  facet normal 0 0 1
    outer loop
      vertex 1.60001 3 1.6
      vertex 7.8 8.95 1.6
      vertex 1.60001 8.95 1.6
    endloop
  endfacet
  facet normal 0 0 1
    outer loop
      vertex 1.64771 2.63765 1.6
      vertex 1.60001 3 1.6
      vertex 1.61198 2.81726 1.6
    endloop
  endfacet
  facet normal 0 0 1
    outer loop
      vertex 70 2 1.6
      vertex 72.4 3 1.6
      vertex 72.4 6.2 1.6
    endloop
  endfacet
  facet normal 0 -0 1
    outer loop
      vertex 71.1647 1.84667 1.6
      vertex 72.4 3 1.6
      vertex 70.5874 1.9615 1.6
    endloop
  endfacet
  facet normal 0 0 1
    outer loop
      vertex 72.4 3 1.6
      vertex 71.1647 1.84667 1.6
      vertex 72.388 2.81726 1.6
    endloop
  endfacet
  facet normal 0 0 1
    outer loop
      vertex 72.388 2.81726 1.6
      vertex 71.1647 1.84667 1.6
      vertex 72.3523 2.63765 1.6
    endloop
  endfacet
  facet normal 0 0 1
    outer loop
      vertex 72.3523 2.63765 1.6
      vertex 71.1647 1.84667 1.6
      vertex 72.2934 2.46425 1.6
    endloop
  endfacet
  facet normal 0 0 1
    outer loop
      vertex 72.2934 2.46425 1.6
      vertex 71.1647 1.84667 1.6
      vertex 72.2124 2.3 1.6
    endloop
  endfacet
  facet normal 0 0 1
    outer loop
      vertex 72.2124 2.3 1.6
      vertex 71.1647 1.84667 1.6
      vertex 72.1107 2.14774 1.6
    endloop
  endfacet
  facet normal 0 0 1
    outer loop
      vertex 71.9899 2.01006 1.6
      vertex 71.1647 1.84667 1.6
      vertex 71.8523 1.88931 1.6
    endloop
  endfacet
  facet normal 0 0 1
    outer loop
      vertex 71.8523 1.88931 1.6
      vertex 71.1647 1.84667 1.6
      vertex 71.7 1.78757 1.6
    endloop
  endfacet
  facet normal 0 0 1
    outer loop
      vertex 71.7 1.78757 1.6
      vertex 71.1647 1.84667 1.6
      vertex 71.5527 1.71494 1.6
    endloop
  endfacet
  facet normal 0 0 1
    outer loop
      vertex 72.1107 2.14774 1.6
      vertex 71.1647 1.84667 1.6
      vertex 71.9899 2.01006 1.6
    endloop
  endfacet
  facet normal 0 0 1
    outer loop
      vertex 72.4 3 1.6
      vertex 70 2 1.6
      vertex 70.5874 1.9615 1.6
    endloop
  endfacet
  facet normal -0 0 1
    outer loop
      vertex 66.8 6.2 1.6
      vertex 70 2 1.6
      vertex 72.4 6.2 1.6
    endloop
  endfacet
  facet normal 0 0 1
    outer loop
      vertex 70 2 1.6
      vertex 66.8 6.2 1.6
      vertex 69.4126 1.9615 1.6
    endloop
  endfacet
  facet normal 0 0 1
    outer loop
      vertex 69.4126 1.9615 1.6
      vertex 66.8 6.2 1.6
      vertex 68.8353 1.84667 1.6
    endloop
  endfacet
  facet normal 0 0 1
    outer loop
      vertex 68.8353 1.84667 1.6
      vertex 66.8 6.2 1.6
      vertex 68.2779 1.65746 1.6
    endloop
  endfacet
  facet normal 0 0 1
    outer loop
      vertex 66.8 1.60001 1.6
      vertex 68.2779 1.65746 1.6
      vertex 66.8 6.2 1.6
    endloop
  endfacet
  facet normal 0 0 1
    outer loop
      vertex 68.2779 1.65746 1.6
      vertex 66.8 1.60001 1.6
      vertex 68.1614 1.60001 1.6
    endloop
  endfacet
  facet normal -0 0 1
    outer loop
      vertex 66.8 13.8 1.6
      vertex 72.4 7.2 1.6
      vertex 72.4 13.8 1.6
    endloop
  endfacet
  facet normal 0 0 1
    outer loop
      vertex 72.4 7.2 1.6
      vertex 66.8 13.8 1.6
      vertex 66.8 7.2 1.6
    endloop
  endfacet
  facet normal 0 0 1
    outer loop
      vertex 71 27.4 1.6
      vertex 72.4 26 1.6
      vertex 72.388 26.1827 1.6
    endloop
  endfacet
  facet normal 0 0 1
    outer loop
      vertex 71 27.4 1.6
      vertex 72.388 26.1827 1.6
      vertex 72.3523 26.3624 1.6
    endloop
  endfacet
  facet normal 0 0 1
    outer loop
      vertex 71 27.4 1.6
      vertex 72.3523 26.3624 1.6
      vertex 72.2934 26.5358 1.6
    endloop
  endfacet
  facet normal 0 0 1
    outer loop
      vertex 71 27.4 1.6
      vertex 72.2934 26.5358 1.6
      vertex 72.2124 26.7 1.6
    endloop
  endfacet
  facet normal 0 0 1
    outer loop
      vertex 71 27.4 1.6
      vertex 72.2124 26.7 1.6
      vertex 72.1107 26.8523 1.6
    endloop
  endfacet
  facet normal 0 0 1
    outer loop
      vertex 71 27.4 1.6
      vertex 72.1107 26.8523 1.6
      vertex 71.9899 26.9899 1.6
    endloop
  endfacet
  facet normal 0 0 1
    outer loop
      vertex 71 27.4 1.6
      vertex 71.9899 26.9899 1.6
      vertex 71.8523 27.1107 1.6
    endloop
  endfacet
  facet normal 0 0 1
    outer loop
      vertex 71 27.4 1.6
      vertex 71.8523 27.1107 1.6
      vertex 71.7 27.2124 1.6
    endloop
  endfacet
  facet normal 0 0 1
    outer loop
      vertex 71 27.4 1.6
      vertex 71.7 27.2124 1.6
      vertex 71.5358 27.2934 1.6
    endloop
  endfacet
  facet normal 0 0 1
    outer loop
      vertex 71 27.4 1.6
      vertex 71.5358 27.2934 1.6
      vertex 71.3624 27.3523 1.6
    endloop
  endfacet
  facet normal 0 0 1
    outer loop
      vertex 71 27.4 1.6
      vertex 71.3624 27.3523 1.6
      vertex 71.1827 27.388 1.6
    endloop
  endfacet
  facet normal 0 0 1
    outer loop
      vertex 72.4 26 1.6
      vertex 71 27.4 1.6
      vertex 66.8 27.4 1.6
    endloop
  endfacet
  facet normal 0 0 1
    outer loop
      vertex 72.4 26 1.6
      vertex 66.8 27.4 1.6
      vertex 66.8 14.8 1.6
    endloop
  endfacet
  facet normal 0 0 1
    outer loop
      vertex 72.4 26 1.6
      vertex 66.8 14.8 1.6
      vertex 72.4 14.8 1.6
    endloop
  endfacet
  facet normal -0 0 1
    outer loop
      vertex 1.60001 19.05 1.6
      vertex 6.8 9.95 1.6
      vertex 6.8 19.05 1.6
    endloop
  endfacet
  facet normal 0 0 1
    outer loop
      vertex 6.8 9.95 1.6
      vertex 1.60001 19.05 1.6
      vertex 1.60001 9.95 1.6
    endloop
  endfacet
  facet normal -0 0 1
    outer loop
      vertex 25.8 27.4 1.6
      vertex 65.8 1.60001 1.6
      vertex 65.8 27.4 1.6
    endloop
  endfacet
  facet normal 0 0 1
    outer loop
      vertex 65.8 1.60001 1.6
      vertex 25.8 27.4 1.6
      vertex 25.8 1.60001 1.6
    endloop
  endfacet
  facet normal -0.997851 0.0655259 0
    outer loop
      vertex 72.388 2.81726 1.6
      vertex 72.4 3 11.9
      vertex 72.4 3 1.6
    endloop
  endfacet
  facet normal -0.997851 0.0655259 0
    outer loop
      vertex 72.4 3 11.9
      vertex 72.388 2.81726 1.6
      vertex 72.388 2.81726 11.9
    endloop
  endfacet
  facet normal 0.896871 0.442292 0
    outer loop
      vertex 1.78757 2.3 11.9
      vertex 1.70657 2.46425 1.6
      vertex 1.70657 2.46425 11.9
    endloop
  endfacet
  facet normal 0.896871 0.442292 0
    outer loop
      vertex 1.70657 2.46425 1.6
      vertex 1.78757 2.3 11.9
      vertex 1.78757 2.3 1.6
    endloop
  endfacet
  facet normal 0.65928 0.751898 -0
    outer loop
      vertex 73.182 0.68198 0
      vertex 73.0395 0.806927 11.9
      vertex 73.182 0.68198 11.9
    endloop
  endfacet
  facet normal 0.65928 0.751898 0
    outer loop
      vertex 73.0395 0.806927 11.9
      vertex 73.182 0.68198 0
      vertex 73.0395 0.806927 0
    endloop
  endfacet
  facet normal 0.946933 -0.321432 0
    outer loop
      vertex 74.1575 -4.22207 11.9
      vertex 74.3467 -3.66469 0
      vertex 74.3467 -3.66469 11.9
    endloop
  endfacet
  facet normal 0.946933 -0.321432 0
    outer loop
      vertex 74.3467 -3.66469 0
      vertex 74.1575 -4.22207 11.9
      vertex 74.1575 -4.22207 0
    endloop
  endfacet
  facet normal 0.831491 -0.555539 0
    outer loop
      vertex 73.5701 -5.23943 11.9
      vertex 73.8971 -4.75 0
      vertex 73.8971 -4.75 11.9
    endloop
  endfacet
  facet normal 0.831491 -0.555539 0
    outer loop
      vertex 73.8971 -4.75 0
      vertex 73.5701 -5.23943 11.9
      vertex 73.5701 -5.23943 0
    endloop
  endfacet
  facet normal -0.997859 -0.0654061 0
    outer loop
      vertex 65.5385 -3.08737 0
      vertex 65.5 -2.5 11.9
      vertex 65.5 -2.5 0
    endloop
  endfacet
  facet normal -0.997859 -0.0654061 0
    outer loop
      vertex 65.5 -2.5 11.9
      vertex 65.5385 -3.08737 0
      vertex 65.5385 -3.08737 11.9
    endloop
  endfacet
  facet normal 0.896835 0.442365 0
    outer loop
      vertex 74.1575 -0.777925 11.9
      vertex 73.8971 -0.25 0
      vertex 73.8971 -0.25 11.9
    endloop
  endfacet
  facet normal 0.896835 0.442365 0
    outer loop
      vertex 73.8971 -0.25 0
      vertex 74.1575 -0.777925 11.9
      vertex 74.1575 -0.777925 0
    endloop
  endfacet
  facet normal 0.751845 -0.65934 0
    outer loop
      vertex 73.182 -5.68198 11.9
      vertex 73.5701 -5.23943 0
      vertex 73.5701 -5.23943 11.9
    endloop
  endfacet
  facet normal 0.751845 -0.65934 0
    outer loop
      vertex 73.5701 -5.23943 0
      vertex 73.182 -5.68198 11.9
      vertex 73.182 -5.68198 0
    endloop
  endfacet
  facet normal 0.997859 0.0654061 0
    outer loop
      vertex 74.5 -2.5 11.9
      vertex 74.4615 -1.91263 0
      vertex 74.4615 -1.91263 11.9
    endloop
  endfacet
  facet normal 0.997859 0.0654061 0
    outer loop
      vertex 74.4615 -1.91263 0
      vertex 74.5 -2.5 11.9
      vertex 74.5 -2.5 0
    endloop
  endfacet
  facet normal -0.0654027 0.997859 0
    outer loop
      vertex 70 2 1.6
      vertex 69.4126 1.9615 11.9
      vertex 70 2 11.9
    endloop
  endfacet
  facet normal -0.0654027 0.997859 0
    outer loop
      vertex 69.4126 1.9615 11.9
      vertex 70 2 1.6
      vertex 69.4126 1.9615 1.6
    endloop
  endfacet
  facet normal 0.659308 -0.751873 0
    outer loop
      vertex 72.7394 -6.07009 0
      vertex 73.182 -5.68198 11.9
      vertex 72.7394 -6.07009 11.9
    endloop
  endfacet
  facet normal 0.659308 -0.751873 0
    outer loop
      vertex 73.182 -5.68198 11.9
      vertex 72.7394 -6.07009 0
      vertex 73.182 -5.68198 0
    endloop
  endfacet
  facet normal -0.659308 -0.751873 0
    outer loop
      vertex 66.818 -5.68198 0
      vertex 67.2606 -6.07009 11.9
      vertex 66.818 -5.68198 11.9
    endloop
  endfacet
  facet normal -0.659308 -0.751873 -0
    outer loop
      vertex 67.2606 -6.07009 11.9
      vertex 66.818 -5.68198 0
      vertex 67.2606 -6.07009 0
    endloop
  endfacet
  facet normal -0.946934 0.321429 0
    outer loop
      vertex 65.6533 -1.33531 0
      vertex 65.8425 -0.777925 11.9
      vertex 65.8425 -0.777925 0
    endloop
  endfacet
  facet normal -0.946934 0.321429 0
    outer loop
      vertex 65.8425 -0.777925 11.9
      vertex 65.6533 -1.33531 0
      vertex 65.6533 -1.33531 11.9
    endloop
  endfacet
  facet normal -0.980797 0.195031 0
    outer loop
      vertex 65.5385 -1.91263 0
      vertex 65.6533 -1.33531 11.9
      vertex 65.6533 -1.33531 0
    endloop
  endfacet
  facet normal -0.980797 0.195031 0
    outer loop
      vertex 65.6533 -1.33531 11.9
      vertex 65.5385 -1.91263 0
      vertex 65.5385 -1.91263 11.9
    endloop
  endfacet
  facet normal 0.0654027 -0.997859 0
    outer loop
      vertex 70 -7 0
      vertex 70.5874 -6.9615 11.9
      vertex 70 -7 11.9
    endloop
  endfacet
  facet normal 0.0654027 -0.997859 0
    outer loop
      vertex 70.5874 -6.9615 11.9
      vertex 70 -7 0
      vertex 70.5874 -6.9615 0
    endloop
  endfacet
  facet normal 0.980797 0.195031 0
    outer loop
      vertex 74.4615 -1.91263 11.9
      vertex 74.3467 -1.33531 0
      vertex 74.3467 -1.33531 11.9
    endloop
  endfacet
  facet normal 0.980797 0.195031 0
    outer loop
      vertex 74.3467 -1.33531 0
      vertex 74.4615 -1.91263 11.9
      vertex 74.4615 -1.91263 0
    endloop
  endfacet
  facet normal 0.555586 -0.831459 0
    outer loop
      vertex 72.25 -6.39711 0
      vertex 72.7394 -6.07009 11.9
      vertex 72.25 -6.39711 11.9
    endloop
  endfacet
  facet normal 0.555586 -0.831459 0
    outer loop
      vertex 72.7394 -6.07009 11.9
      vertex 72.25 -6.39711 0
      vertex 72.7394 -6.07009 0
    endloop
  endfacet
  facet normal 0.195087 -0.980786 0
    outer loop
      vertex 70.5874 -6.9615 0
      vertex 71.1647 -6.84667 11.9
      vertex 70.5874 -6.9615 11.9
    endloop
  endfacet
  facet normal 0.195087 -0.980786 0
    outer loop
      vertex 71.1647 -6.84667 11.9
      vertex 70.5874 -6.9615 0
      vertex 71.1647 -6.84667 0
    endloop
  endfacet
  facet normal 0.442314 -0.89686 0
    outer loop
      vertex 71.7221 -6.65746 0
      vertex 72.25 -6.39711 11.9
      vertex 71.7221 -6.65746 11.9
    endloop
  endfacet
  facet normal 0.442314 -0.89686 0
    outer loop
      vertex 72.25 -6.39711 11.9
      vertex 71.7221 -6.65746 0
      vertex 72.25 -6.39711 0
    endloop
  endfacet
  facet normal -0.946933 -0.321432 0
    outer loop
      vertex 65.8425 -4.22207 0
      vertex 65.6533 -3.66469 11.9
      vertex 65.6533 -3.66469 0
    endloop
  endfacet
  facet normal -0.946933 -0.321432 0
    outer loop
      vertex 65.6533 -3.66469 11.9
      vertex 65.8425 -4.22207 0
      vertex 65.8425 -4.22207 11.9
    endloop
  endfacet
  facet normal -0.321437 0.946931 0
    outer loop
      vertex 68.8353 1.84667 1.6
      vertex 68.2779 1.65746 11.9
      vertex 68.8353 1.84667 11.9
    endloop
  endfacet
  facet normal -0.321437 0.946931 0
    outer loop
      vertex 68.2779 1.65746 11.9
      vertex 68.8353 1.84667 1.6
      vertex 68.2779 1.65746 1.6
    endloop
  endfacet
  facet normal -0.980797 -0.195031 0
    outer loop
      vertex 65.6533 -3.66469 0
      vertex 65.5385 -3.08737 11.9
      vertex 65.5385 -3.08737 0
    endloop
  endfacet
  facet normal -0.980797 -0.195031 0
    outer loop
      vertex 65.5385 -3.08737 11.9
      vertex 65.6533 -3.66469 0
      vertex 65.6533 -3.66469 11.9
    endloop
  endfacet
  facet normal 0.321487 0.946914 -0
    outer loop
      vertex 71.5527 1.71494 1.6
      vertex 71.1647 1.84667 11.9
      vertex 71.5527 1.71494 11.9
    endloop
  endfacet
  facet normal 0.321487 0.946914 0
    outer loop
      vertex 71.1647 1.84667 11.9
      vertex 71.5527 1.71494 1.6
      vertex 71.1647 1.84667 1.6
    endloop
  endfacet
  facet normal -0.0654027 -0.997859 0
    outer loop
      vertex 69.4126 -6.9615 0
      vertex 70 -7 11.9
      vertex 69.4126 -6.9615 11.9
    endloop
  endfacet
  facet normal -0.0654027 -0.997859 -0
    outer loop
      vertex 70 -7 11.9
      vertex 69.4126 -6.9615 0
      vertex 70 -7 0
    endloop
  endfacet
  facet normal 0.946934 0.321429 0
    outer loop
      vertex 74.3467 -1.33531 11.9
      vertex 74.1575 -0.777925 0
      vertex 74.1575 -0.777925 11.9
    endloop
  endfacet
  facet normal 0.946934 0.321429 0
    outer loop
      vertex 74.1575 -0.777925 0
      vertex 74.3467 -1.33531 11.9
      vertex 74.3467 -1.33531 0
    endloop
  endfacet
  facet normal -0.896837 -0.442362 0
    outer loop
      vertex 66.1029 -4.75 0
      vertex 65.8425 -4.22207 11.9
      vertex 65.8425 -4.22207 0
    endloop
  endfacet
  facet normal -0.896837 -0.442362 0
    outer loop
      vertex 65.8425 -4.22207 11.9
      vertex 66.1029 -4.75 0
      vertex 66.1029 -4.75 11.9
    endloop
  endfacet
  facet normal 0.896837 -0.442362 0
    outer loop
      vertex 73.8971 -4.75 11.9
      vertex 74.1575 -4.22207 0
      vertex 74.1575 -4.22207 11.9
    endloop
  endfacet
  facet normal 0.896837 -0.442362 0
    outer loop
      vertex 74.1575 -4.22207 0
      vertex 73.8971 -4.75 11.9
      vertex 73.8971 -4.75 0
    endloop
  endfacet
  facet normal -0.195087 0.980786 0
    outer loop
      vertex 69.4126 1.9615 1.6
      vertex 68.8353 1.84667 11.9
      vertex 69.4126 1.9615 11.9
    endloop
  endfacet
  facet normal -0.195087 0.980786 0
    outer loop
      vertex 68.8353 1.84667 11.9
      vertex 69.4126 1.9615 1.6
      vertex 68.8353 1.84667 1.6
    endloop
  endfacet
  facet normal -0.997859 0.0654061 0
    outer loop
      vertex 65.5 -2.5 0
      vertex 65.5385 -1.91263 11.9
      vertex 65.5385 -1.91263 0
    endloop
  endfacet
  facet normal -0.997859 0.0654061 0
    outer loop
      vertex 65.5385 -1.91263 11.9
      vertex 65.5 -2.5 0
      vertex 65.5 -2.5 11.9
    endloop
  endfacet
  facet normal 0.997859 -0.0654061 0
    outer loop
      vertex 74.4615 -3.08737 11.9
      vertex 74.5 -2.5 0
      vertex 74.5 -2.5 11.9
    endloop
  endfacet
  facet normal 0.997859 -0.0654061 0
    outer loop
      vertex 74.5 -2.5 0
      vertex 74.4615 -3.08737 11.9
      vertex 74.4615 -3.08737 0
    endloop
  endfacet
  facet normal 0.751848 0.659337 0
    outer loop
      vertex 73.5701 0.239426 11.9
      vertex 73.182 0.68198 0
      vertex 73.182 0.68198 11.9
    endloop
  endfacet
  facet normal 0.751848 0.659337 0
    outer loop
      vertex 73.182 0.68198 0
      vertex 73.5701 0.239426 11.9
      vertex 73.5701 0.239426 0
    endloop
  endfacet
  facet normal -0.44228 0.896877 0
    outer loop
      vertex 68.2779 1.65746 1.6
      vertex 68.1614 1.60001 11.9
      vertex 68.2779 1.65746 11.9
    endloop
  endfacet
  facet normal -0.44228 0.896877 0
    outer loop
      vertex 68.1614 1.60001 11.9
      vertex 68.2779 1.65746 1.6
      vertex 68.1614 1.60001 1.6
    endloop
  endfacet
  facet normal 0.0654027 0.997859 -0
    outer loop
      vertex 70.5874 1.9615 1.6
      vertex 70 2 11.9
      vertex 70.5874 1.9615 11.9
    endloop
  endfacet
  facet normal 0.0654027 0.997859 0
    outer loop
      vertex 70 2 11.9
      vertex 70.5874 1.9615 1.6
      vertex 70 2 1.6
    endloop
  endfacet
  facet normal 0.980797 -0.195031 0
    outer loop
      vertex 74.3467 -3.66469 11.9
      vertex 74.4615 -3.08737 0
      vertex 74.4615 -3.08737 11.9
    endloop
  endfacet
  facet normal 0.980797 -0.195031 0
    outer loop
      vertex 74.4615 -3.08737 0
      vertex 74.3467 -3.66469 11.9
      vertex 74.3467 -3.66469 0
    endloop
  endfacet
  facet normal 0.195087 0.980786 -0
    outer loop
      vertex 71.1647 1.84667 1.6
      vertex 70.5874 1.9615 11.9
      vertex 71.1647 1.84667 11.9
    endloop
  endfacet
  facet normal 0.195087 0.980786 0
    outer loop
      vertex 70.5874 1.9615 11.9
      vertex 71.1647 1.84667 1.6
      vertex 70.5874 1.9615 1.6
    endloop
  endfacet
  facet normal 0.321437 -0.946931 0
    outer loop
      vertex 71.1647 -6.84667 0
      vertex 71.7221 -6.65746 11.9
      vertex 71.1647 -6.84667 11.9
    endloop
  endfacet
  facet normal 0.321437 -0.946931 0
    outer loop
      vertex 71.7221 -6.65746 11.9
      vertex 71.1647 -6.84667 0
      vertex 71.7221 -6.65746 0
    endloop
  endfacet
  facet normal 0.831488 0.555542 0
    outer loop
      vertex 73.8971 -0.25 11.9
      vertex 73.5701 0.239426 0
      vertex 73.5701 0.239426 11.9
    endloop
  endfacet
  facet normal 0.831488 0.555542 0
    outer loop
      vertex 73.5701 0.239426 0
      vertex 73.8971 -0.25 11.9
      vertex 73.8971 -0.25 0
    endloop
  endfacet
  facet normal -0.751845 -0.65934 0
    outer loop
      vertex 66.818 -5.68198 0
      vertex 66.4299 -5.23943 11.9
      vertex 66.4299 -5.23943 0
    endloop
  endfacet
  facet normal -0.751845 -0.65934 0
    outer loop
      vertex 66.4299 -5.23943 11.9
      vertex 66.818 -5.68198 0
      vertex 66.818 -5.68198 11.9
    endloop
  endfacet
  facet normal -0.831491 -0.555539 0
    outer loop
      vertex 66.4299 -5.23943 0
      vertex 66.1029 -4.75 11.9
      vertex 66.1029 -4.75 0
    endloop
  endfacet
  facet normal -0.831491 -0.555539 0
    outer loop
      vertex 66.1029 -4.75 11.9
      vertex 66.4299 -5.23943 0
      vertex 66.4299 -5.23943 11.9
    endloop
  endfacet
  facet normal -0.555586 -0.831459 0
    outer loop
      vertex 67.2606 -6.07009 0
      vertex 67.75 -6.39711 11.9
      vertex 67.2606 -6.07009 11.9
    endloop
  endfacet
  facet normal -0.555586 -0.831459 -0
    outer loop
      vertex 67.75 -6.39711 11.9
      vertex 67.2606 -6.07009 0
      vertex 67.75 -6.39711 0
    endloop
  endfacet
  facet normal -0.831538 0.555468 0
    outer loop
      vertex 66.1029 -0.25 0
      vertex 66.2699 0 11.9
      vertex 66.2699 0 0
    endloop
  endfacet
  facet normal -0.831538 0.555468 0
    outer loop
      vertex 66.2699 0 11.9
      vertex 66.1029 -0.25 0
      vertex 66.1029 -0.25 11.9
    endloop
  endfacet
  facet normal -0.442314 -0.89686 0
    outer loop
      vertex 67.75 -6.39711 0
      vertex 68.2779 -6.65746 11.9
      vertex 67.75 -6.39711 11.9
    endloop
  endfacet
  facet normal -0.442314 -0.89686 -0
    outer loop
      vertex 68.2779 -6.65746 11.9
      vertex 67.75 -6.39711 0
      vertex 68.2779 -6.65746 0
    endloop
  endfacet
  facet normal -0.896835 0.442365 0
    outer loop
      vertex 65.8425 -0.777925 0
      vertex 66.1029 -0.25 11.9
      vertex 66.1029 -0.25 0
    endloop
  endfacet
  facet normal -0.896835 0.442365 0
    outer loop
      vertex 66.1029 -0.25 11.9
      vertex 65.8425 -0.777925 0
      vertex 65.8425 -0.777925 11.9
    endloop
  endfacet
  facet normal -0.195087 -0.980786 0
    outer loop
      vertex 68.8353 -6.84667 0
      vertex 69.4126 -6.9615 11.9
      vertex 68.8353 -6.84667 11.9
    endloop
  endfacet
  facet normal -0.195087 -0.980786 -0
    outer loop
      vertex 69.4126 -6.9615 11.9
      vertex 68.8353 -6.84667 0
      vertex 69.4126 -6.9615 0
    endloop
  endfacet
  facet normal -0.321437 -0.946931 0
    outer loop
      vertex 68.2779 -6.65746 0
      vertex 68.8353 -6.84667 11.9
      vertex 68.2779 -6.65746 11.9
    endloop
  endfacet
  facet normal -0.321437 -0.946931 -0
    outer loop
      vertex 68.8353 -6.84667 11.9
      vertex 68.2779 -6.65746 0
      vertex 68.8353 -6.84667 0
    endloop
  endfacet
  facet normal -0.0653902 0.99786 0
    outer loop
      vertex 70.2611 -4.48289 0
      vertex 70 -4.5 11.9
      vertex 70.2611 -4.48289 11.9
    endloop
  endfacet
  facet normal -0.0653902 0.99786 0
    outer loop
      vertex 70 -4.5 11.9
      vertex 70.2611 -4.48289 0
      vertex 70 -4.5 0
    endloop
  endfacet
  facet normal -0.980814 -0.194947 0
    outer loop
      vertex 71.9829 -2.23895 0
      vertex 71.9319 -1.98236 11.9
      vertex 71.9319 -1.98236 0
    endloop
  endfacet
  facet normal -0.980814 -0.194947 0
    outer loop
      vertex 71.9319 -1.98236 11.9
      vertex 71.9829 -2.23895 0
      vertex 71.9829 -2.23895 11.9
    endloop
  endfacet
  facet normal -0.997861 -0.0653646 0
    outer loop
      vertex 72 -2.5 0
      vertex 71.9829 -2.23895 11.9
      vertex 71.9829 -2.23895 0
    endloop
  endfacet
  facet normal -0.997861 -0.0653646 0
    outer loop
      vertex 71.9829 -2.23895 11.9
      vertex 72 -2.5 0
      vertex 72 -2.5 11.9
    endloop
  endfacet
  facet normal -0.980814 0.194947 0
    outer loop
      vertex 71.9319 -3.01764 0
      vertex 71.9829 -2.76105 11.9
      vertex 71.9829 -2.76105 0
    endloop
  endfacet
  facet normal -0.980814 0.194947 0
    outer loop
      vertex 71.9829 -2.76105 11.9
      vertex 71.9319 -3.01764 0
      vertex 71.9319 -3.01764 11.9
    endloop
  endfacet
  facet normal 0.442338 -0.896848 0
    outer loop
      vertex 69 -0.767949 0
      vertex 69.2346 -0.652241 11.9
      vertex 69 -0.767949 11.9
    endloop
  endfacet
  facet normal 0.442338 -0.896848 0
    outer loop
      vertex 69.2346 -0.652241 11.9
      vertex 69 -0.767949 0
      vertex 69.2346 -0.652241 0
    endloop
  endfacet
  facet normal -0.946922 0.321463 0
    outer loop
      vertex 71.8478 -3.26537 0
      vertex 71.9319 -3.01764 11.9
      vertex 71.9319 -3.01764 0
    endloop
  endfacet
  facet normal -0.946922 0.321463 0
    outer loop
      vertex 71.9319 -3.01764 11.9
      vertex 71.8478 -3.26537 0
      vertex 71.8478 -3.26537 11.9
    endloop
  endfacet
  facet normal 0.321348 0.946961 -0
    outer loop
      vertex 69.4824 -4.43185 0
      vertex 69.2346 -4.34776 11.9
      vertex 69.4824 -4.43185 11.9
    endloop
  endfacet
  facet normal 0.321348 0.946961 0
    outer loop
      vertex 69.2346 -4.34776 11.9
      vertex 69.4824 -4.43185 0
      vertex 69.2346 -4.34776 0
    endloop
  endfacet
  facet normal 0.19516 0.980771 -0
    outer loop
      vertex 69.7389 -4.48289 0
      vertex 69.4824 -4.43185 11.9
      vertex 69.7389 -4.48289 11.9
    endloop
  endfacet
  facet normal 0.19516 0.980771 0
    outer loop
      vertex 69.4824 -4.43185 11.9
      vertex 69.7389 -4.48289 0
      vertex 69.4824 -4.43185 0
    endloop
  endfacet
  facet normal 0.659343 0.751842 -0
    outer loop
      vertex 68.7825 -4.08671 0
      vertex 68.5858 -3.91421 11.9
      vertex 68.7825 -4.08671 11.9
    endloop
  endfacet
  facet normal 0.659343 0.751842 0
    outer loop
      vertex 68.5858 -3.91421 11.9
      vertex 68.7825 -4.08671 0
      vertex 68.5858 -3.91421 0
    endloop
  endfacet
  facet normal -0.442338 -0.896848 0
    outer loop
      vertex 70.7654 -0.652241 0
      vertex 71 -0.767949 11.9
      vertex 70.7654 -0.652241 11.9
    endloop
  endfacet
  facet normal -0.442338 -0.896848 -0
    outer loop
      vertex 71 -0.767949 11.9
      vertex 70.7654 -0.652241 0
      vertex 71 -0.767949 0
    endloop
  endfacet
  facet normal 0.55561 -0.831443 0
    outer loop
      vertex 68.7825 -0.913293 0
      vertex 69 -0.767949 11.9
      vertex 68.7825 -0.913293 11.9
    endloop
  endfacet
  facet normal 0.55561 -0.831443 0
    outer loop
      vertex 69 -0.767949 11.9
      vertex 68.7825 -0.913293 0
      vertex 69 -0.767949 0
    endloop
  endfacet
  facet normal -0.896731 -0.442575 0
    outer loop
      vertex 71.8478 -1.73463 0
      vertex 71.732 -1.5 11.9
      vertex 71.732 -1.5 0
    endloop
  endfacet
  facet normal -0.896731 -0.442575 0
    outer loop
      vertex 71.732 -1.5 11.9
      vertex 71.8478 -1.73463 0
      vertex 71.8478 -1.73463 11.9
    endloop
  endfacet
  facet normal 0.0653902 0.99786 -0
    outer loop
      vertex 70 -4.5 0
      vertex 69.7389 -4.48289 11.9
      vertex 70 -4.5 11.9
    endloop
  endfacet
  facet normal 0.0653902 0.99786 0
    outer loop
      vertex 69.7389 -4.48289 11.9
      vertex 70 -4.5 0
      vertex 69.7389 -4.48289 0
    endloop
  endfacet
  facet normal -0.19516 0.980771 0
    outer loop
      vertex 70.5176 -4.43185 0
      vertex 70.2611 -4.48289 11.9
      vertex 70.5176 -4.43185 11.9
    endloop
  endfacet
  facet normal -0.19516 0.980771 0
    outer loop
      vertex 70.2611 -4.48289 11.9
      vertex 70.5176 -4.43185 0
      vertex 70.2611 -4.48289 0
    endloop
  endfacet
  facet normal -0.442344 0.896845 0
    outer loop
      vertex 71 -4.23205 0
      vertex 70.7654 -4.34776 11.9
      vertex 71 -4.23205 11.9
    endloop
  endfacet
  facet normal -0.442344 0.896845 0
    outer loop
      vertex 70.7654 -4.34776 11.9
      vertex 71 -4.23205 0
      vertex 70.7654 -4.34776 0
    endloop
  endfacet
  facet normal -0.321348 0.946961 0
    outer loop
      vertex 70.7654 -4.34776 0
      vertex 70.5176 -4.43185 11.9
      vertex 70.7654 -4.34776 11.9
    endloop
  endfacet
  facet normal -0.321348 0.946961 0
    outer loop
      vertex 70.5176 -4.43185 11.9
      vertex 70.7654 -4.34776 0
      vertex 70.5176 -4.43185 0
    endloop
  endfacet
  facet normal -0.5556 0.83145 0
    outer loop
      vertex 71.2175 -4.08671 0
      vertex 71 -4.23205 11.9
      vertex 71.2175 -4.08671 11.9
    endloop
  endfacet
  facet normal -0.5556 0.83145 0
    outer loop
      vertex 71 -4.23205 11.9
      vertex 71.2175 -4.08671 0
      vertex 71 -4.23205 0
    endloop
  endfacet
  facet normal 0.946922 -0.321463 0
    outer loop
      vertex 68.0681 -1.98236 11.9
      vertex 68.1522 -1.73463 0
      vertex 68.1522 -1.73463 11.9
    endloop
  endfacet
  facet normal 0.946922 -0.321463 0
    outer loop
      vertex 68.1522 -1.73463 0
      vertex 68.0681 -1.98236 11.9
      vertex 68.0681 -1.98236 0
    endloop
  endfacet
  facet normal -0.751826 0.659362 0
    outer loop
      vertex 71.4142 -3.91421 0
      vertex 71.5867 -3.71752 11.9
      vertex 71.5867 -3.71752 0
    endloop
  endfacet
  facet normal -0.751826 0.659362 0
    outer loop
      vertex 71.5867 -3.71752 11.9
      vertex 71.4142 -3.91421 0
      vertex 71.4142 -3.91421 11.9
    endloop
  endfacet
  facet normal -0.831544 -0.555459 0
    outer loop
      vertex 71.732 -1.5 0
      vertex 71.5867 -1.28248 11.9
      vertex 71.5867 -1.28248 0
    endloop
  endfacet
  facet normal -0.831544 -0.555459 0
    outer loop
      vertex 71.5867 -1.28248 11.9
      vertex 71.732 -1.5 0
      vertex 71.732 -1.5 11.9
    endloop
  endfacet
  facet normal 0.5556 0.83145 -0
    outer loop
      vertex 69 -4.23205 0
      vertex 68.7825 -4.08671 11.9
      vertex 69 -4.23205 11.9
    endloop
  endfacet
  facet normal 0.5556 0.83145 0
    outer loop
      vertex 68.7825 -4.08671 11.9
      vertex 69 -4.23205 0
      vertex 68.7825 -4.08671 0
    endloop
  endfacet
  facet normal 0.980814 -0.194947 0
    outer loop
      vertex 68.0171 -2.23895 11.9
      vertex 68.0681 -1.98236 0
      vertex 68.0681 -1.98236 11.9
    endloop
  endfacet
  facet normal 0.980814 -0.194947 0
    outer loop
      vertex 68.0681 -1.98236 0
      vertex 68.0171 -2.23895 11.9
      vertex 68.0171 -2.23895 0
    endloop
  endfacet
  facet normal -0.321358 -0.946958 0
    outer loop
      vertex 70.5176 -0.568148 0
      vertex 70.7654 -0.652241 11.9
      vertex 70.5176 -0.568148 11.9
    endloop
  endfacet
  facet normal -0.321358 -0.946958 -0
    outer loop
      vertex 70.7654 -0.652241 11.9
      vertex 70.5176 -0.568148 0
      vertex 70.7654 -0.652241 0
    endloop
  endfacet
  facet normal -0.997861 0.0653646 0
    outer loop
      vertex 71.9829 -2.76105 0
      vertex 72 -2.5 11.9
      vertex 72 -2.5 0
    endloop
  endfacet
  facet normal -0.997861 0.0653646 0
    outer loop
      vertex 72 -2.5 11.9
      vertex 71.9829 -2.76105 0
      vertex 71.9829 -2.76105 11.9
    endloop
  endfacet
  facet normal 0.321358 -0.946958 0
    outer loop
      vertex 69.2346 -0.652241 0
      vertex 69.4824 -0.568148 11.9
      vertex 69.2346 -0.652241 11.9
    endloop
  endfacet
  facet normal 0.321358 -0.946958 0
    outer loop
      vertex 69.4824 -0.568148 11.9
      vertex 69.2346 -0.652241 0
      vertex 69.4824 -0.568148 0
    endloop
  endfacet
  facet normal -0.751826 -0.659362 0
    outer loop
      vertex 71.5867 -1.28248 0
      vertex 71.4142 -1.08579 11.9
      vertex 71.4142 -1.08579 0
    endloop
  endfacet
  facet normal -0.751826 -0.659362 0
    outer loop
      vertex 71.4142 -1.08579 11.9
      vertex 71.5867 -1.28248 0
      vertex 71.5867 -1.28248 11.9
    endloop
  endfacet
  facet normal -0.55561 -0.831443 0
    outer loop
      vertex 71 -0.767949 0
      vertex 71.2175 -0.913293 11.9
      vertex 71 -0.767949 11.9
    endloop
  endfacet
  facet normal -0.55561 -0.831443 -0
    outer loop
      vertex 71.2175 -0.913293 11.9
      vertex 71 -0.767949 0
      vertex 71.2175 -0.913293 0
    endloop
  endfacet
  facet normal -0.896731 0.442575 0
    outer loop
      vertex 71.732 -3.5 0
      vertex 71.8478 -3.26537 11.9
      vertex 71.8478 -3.26537 0
    endloop
  endfacet
  facet normal -0.896731 0.442575 0
    outer loop
      vertex 71.8478 -3.26537 11.9
      vertex 71.732 -3.5 0
      vertex 71.732 -3.5 11.9
    endloop
  endfacet
  facet normal -0.831544 0.555459 0
    outer loop
      vertex 71.5867 -3.71752 0
      vertex 71.732 -3.5 11.9
      vertex 71.732 -3.5 0
    endloop
  endfacet
  facet normal -0.831544 0.555459 0
    outer loop
      vertex 71.732 -3.5 11.9
      vertex 71.5867 -3.71752 0
      vertex 71.5867 -3.71752 11.9
    endloop
  endfacet
  facet normal 0.751826 -0.659362 0
    outer loop
      vertex 68.4133 -1.28248 11.9
      vertex 68.5858 -1.08579 0
      vertex 68.5858 -1.08579 11.9
    endloop
  endfacet
  facet normal 0.751826 -0.659362 0
    outer loop
      vertex 68.5858 -1.08579 0
      vertex 68.4133 -1.28248 11.9
      vertex 68.4133 -1.28248 0
    endloop
  endfacet
  facet normal 0.195153 -0.980773 0
    outer loop
      vertex 69.4824 -0.568148 0
      vertex 69.7389 -0.51711 11.9
      vertex 69.4824 -0.568148 11.9
    endloop
  endfacet
  facet normal 0.195153 -0.980773 0
    outer loop
      vertex 69.7389 -0.51711 11.9
      vertex 69.4824 -0.568148 0
      vertex 69.7389 -0.51711 0
    endloop
  endfacet
  facet normal 0.0653902 -0.99786 0
    outer loop
      vertex 69.7389 -0.51711 0
      vertex 70 -0.5 11.9
      vertex 69.7389 -0.51711 11.9
    endloop
  endfacet
  facet normal 0.0653902 -0.99786 0
    outer loop
      vertex 70 -0.5 11.9
      vertex 69.7389 -0.51711 0
      vertex 70 -0.5 0
    endloop
  endfacet
  facet normal -0.659337 -0.751848 0
    outer loop
      vertex 71.2175 -0.913293 0
      vertex 71.4142 -1.08579 11.9
      vertex 71.2175 -0.913293 11.9
    endloop
  endfacet
  facet normal -0.659337 -0.751848 -0
    outer loop
      vertex 71.4142 -1.08579 11.9
      vertex 71.2175 -0.913293 0
      vertex 71.4142 -1.08579 0
    endloop
  endfacet
  facet normal 0.946922 0.321463 0
    outer loop
      vertex 68.1522 -3.26537 11.9
      vertex 68.0681 -3.01764 0
      vertex 68.0681 -3.01764 11.9
    endloop
  endfacet
  facet normal 0.946922 0.321463 0
    outer loop
      vertex 68.0681 -3.01764 0
      vertex 68.1522 -3.26537 11.9
      vertex 68.1522 -3.26537 0
    endloop
  endfacet
  facet normal -0.946922 -0.321463 0
    outer loop
      vertex 71.9319 -1.98236 0
      vertex 71.8478 -1.73463 11.9
      vertex 71.8478 -1.73463 0
    endloop
  endfacet
  facet normal -0.946922 -0.321463 0
    outer loop
      vertex 71.8478 -1.73463 11.9
      vertex 71.9319 -1.98236 0
      vertex 71.9319 -1.98236 11.9
    endloop
  endfacet
  facet normal 0.831544 0.555459 0
    outer loop
      vertex 68.4133 -3.71752 11.9
      vertex 68.268 -3.5 0
      vertex 68.268 -3.5 11.9
    endloop
  endfacet
  facet normal 0.831544 0.555459 0
    outer loop
      vertex 68.268 -3.5 0
      vertex 68.4133 -3.71752 11.9
      vertex 68.4133 -3.71752 0
    endloop
  endfacet
  facet normal -0.195153 -0.980773 0
    outer loop
      vertex 70.2611 -0.51711 0
      vertex 70.5176 -0.568148 11.9
      vertex 70.2611 -0.51711 11.9
    endloop
  endfacet
  facet normal -0.195153 -0.980773 -0
    outer loop
      vertex 70.5176 -0.568148 11.9
      vertex 70.2611 -0.51711 0
      vertex 70.5176 -0.568148 0
    endloop
  endfacet
  facet normal 0.980814 0.194947 0
    outer loop
      vertex 68.0681 -3.01764 11.9
      vertex 68.0171 -2.76105 0
      vertex 68.0171 -2.76105 11.9
    endloop
  endfacet
  facet normal 0.980814 0.194947 0
    outer loop
      vertex 68.0171 -2.76105 0
      vertex 68.0681 -3.01764 11.9
      vertex 68.0681 -3.01764 0
    endloop
  endfacet
  facet normal 0.659337 -0.751848 0
    outer loop
      vertex 68.5858 -1.08579 0
      vertex 68.7825 -0.913293 11.9
      vertex 68.5858 -1.08579 11.9
    endloop
  endfacet
  facet normal 0.659337 -0.751848 0
    outer loop
      vertex 68.7825 -0.913293 11.9
      vertex 68.5858 -1.08579 0
      vertex 68.7825 -0.913293 0
    endloop
  endfacet
  facet normal -0.0653902 -0.99786 0
    outer loop
      vertex 70 -0.5 0
      vertex 70.2611 -0.51711 11.9
      vertex 70 -0.5 11.9
    endloop
  endfacet
  facet normal -0.0653902 -0.99786 -0
    outer loop
      vertex 70.2611 -0.51711 11.9
      vertex 70 -0.5 0
      vertex 70.2611 -0.51711 0
    endloop
  endfacet
  facet normal 0.997861 -0.0653646 0
    outer loop
      vertex 68 -2.5 11.9
      vertex 68.0171 -2.23895 0
      vertex 68.0171 -2.23895 11.9
    endloop
  endfacet
  facet normal 0.997861 -0.0653646 0
    outer loop
      vertex 68.0171 -2.23895 0
      vertex 68 -2.5 11.9
      vertex 68 -2.5 0
    endloop
  endfacet
  facet normal 0.831544 -0.555459 0
    outer loop
      vertex 68.268 -1.5 11.9
      vertex 68.4133 -1.28248 0
      vertex 68.4133 -1.28248 11.9
    endloop
  endfacet
  facet normal 0.831544 -0.555459 0
    outer loop
      vertex 68.4133 -1.28248 0
      vertex 68.268 -1.5 11.9
      vertex 68.268 -1.5 0
    endloop
  endfacet
  facet normal 0.751826 0.659362 0
    outer loop
      vertex 68.5858 -3.91421 11.9
      vertex 68.4133 -3.71752 0
      vertex 68.4133 -3.71752 11.9
    endloop
  endfacet
  facet normal 0.751826 0.659362 0
    outer loop
      vertex 68.4133 -3.71752 0
      vertex 68.5858 -3.91421 11.9
      vertex 68.5858 -3.91421 0
    endloop
  endfacet
  facet normal 0.896731 0.442575 0
    outer loop
      vertex 68.268 -3.5 11.9
      vertex 68.1522 -3.26537 0
      vertex 68.1522 -3.26537 11.9
    endloop
  endfacet
  facet normal 0.896731 0.442575 0
    outer loop
      vertex 68.1522 -3.26537 0
      vertex 68.268 -3.5 11.9
      vertex 68.268 -3.5 0
    endloop
  endfacet
  facet normal 0.997861 0.0653646 0
    outer loop
      vertex 68.0171 -2.76105 11.9
      vertex 68 -2.5 0
      vertex 68 -2.5 11.9
    endloop
  endfacet
  facet normal 0.997861 0.0653646 0
    outer loop
      vertex 68 -2.5 0
      vertex 68.0171 -2.76105 11.9
      vertex 68.0171 -2.76105 0
    endloop
  endfacet
  facet normal -0.659343 0.751842 0
    outer loop
      vertex 71.4142 -3.91421 0
      vertex 71.2175 -4.08671 11.9
      vertex 71.4142 -3.91421 11.9
    endloop
  endfacet
  facet normal -0.659343 0.751842 0
    outer loop
      vertex 71.2175 -4.08671 11.9
      vertex 71.4142 -3.91421 0
      vertex 71.2175 -4.08671 0
    endloop
  endfacet
  facet normal 0.442344 0.896845 -0
    outer loop
      vertex 69.2346 -4.34776 0
      vertex 69 -4.23205 11.9
      vertex 69.2346 -4.34776 11.9
    endloop
  endfacet
  facet normal 0.442344 0.896845 0
    outer loop
      vertex 69 -4.23205 11.9
      vertex 69.2346 -4.34776 0
      vertex 69 -4.23205 0
    endloop
  endfacet
  facet normal 0.896731 -0.442575 0
    outer loop
      vertex 68.1522 -1.73463 11.9
      vertex 68.268 -1.5 0
      vertex 68.268 -1.5 11.9
    endloop
  endfacet
  facet normal 0.896731 -0.442575 0
    outer loop
      vertex 68.268 -1.5 0
      vertex 68.1522 -1.73463 11.9
      vertex 68.1522 -1.73463 0
    endloop
  endfacet
  facet normal 0 -0.321452 0.946926
    outer loop
      vertex 0.589999 15.8394 2.91642
      vertex 1.60001 15.4059 2.76926
      vertex 1.60001 15.8394 2.91642
    endloop
  endfacet
  facet normal 0 -0.321452 0.946926
    outer loop
      vertex 1.60001 15.4059 2.76926
      vertex 0.589999 15.8394 2.91642
      vertex 0.589999 15.4059 2.76926
    endloop
  endfacet
  facet normal 0 -0.896864 0.442305
    outer loop
      vertex 0.589999 17.5311 4.4
      vertex 1.60001 17.7336 4.81061
      vertex 0.589999 17.7336 4.81061
    endloop
  endfacet
  facet normal 0 -0.896864 0.442305
    outer loop
      vertex 1.60001 17.7336 4.81061
      vertex 0.589999 17.5311 4.4
      vertex 1.60001 17.5311 4.4
    endloop
  endfacet
  facet normal 0 0.831425 0.555637
    outer loop
      vertex 1.60001 11.7233 4.01933
      vertex 0.589999 11.4689 4.4
      vertex 1.60001 11.4689 4.4
    endloop
  endfacet
  facet normal 0 0.831425 0.555637
    outer loop
      vertex 0.589999 11.4689 4.4
      vertex 1.60001 11.7233 4.01933
      vertex 0.589999 11.7233 4.01933
    endloop
  endfacet
  facet normal 0 0.195066 -0.98079
    outer loop
      vertex 0.589999 13.5941 9.53074
      vertex 1.60001 14.0432 9.62006
      vertex 1.60001 13.5941 9.53074
    endloop
  endfacet
  facet normal 0 0.195066 -0.98079
    outer loop
      vertex 1.60001 14.0432 9.62006
      vertex 0.589999 13.5941 9.53074
      vertex 0.589999 14.0432 9.62006
    endloop
  endfacet
  facet normal 0 0.94697 0.321322
    outer loop
      vertex 1.60001 11.2664 4.81061
      vertex 0.589999 11.1193 5.24413
      vertex 1.60001 11.1193 5.24413
    endloop
  endfacet
  facet normal 0 0.94697 0.321322
    outer loop
      vertex 0.589999 11.1193 5.24413
      vertex 1.60001 11.2664 4.81061
      vertex 0.589999 11.2664 4.81061
    endloop
  endfacet
  facet normal 0 -0.0654026 0.997859
    outer loop
      vertex 0.589999 14.9568 2.67994
      vertex 1.60001 14.5 2.65
      vertex 1.60001 14.9568 2.67994
    endloop
  endfacet
  facet normal 0 -0.0654026 0.997859
    outer loop
      vertex 1.60001 14.5 2.65
      vertex 0.589999 14.9568 2.67994
      vertex 0.589999 14.5 2.65
    endloop
  endfacet
  facet normal 0 -0.195066 -0.98079
    outer loop
      vertex 0.589999 14.9568 9.62006
      vertex 1.60001 15.4059 9.53074
      vertex 1.60001 14.9568 9.62006
    endloop
  endfacet
  facet normal -0 -0.195066 -0.98079
    outer loop
      vertex 1.60001 15.4059 9.53074
      vertex 0.589999 14.9568 9.62006
      vertex 0.589999 15.4059 9.53074
    endloop
  endfacet
  facet normal -0 0.321452 0.946926
    outer loop
      vertex 0.589999 13.5941 2.76926
      vertex 1.60001 13.1606 2.91642
      vertex 1.60001 13.5941 2.76926
    endloop
  endfacet
  facet normal 0 0.321452 0.946926
    outer loop
      vertex 1.60001 13.1606 2.91642
      vertex 0.589999 13.5941 2.76926
      vertex 0.589999 13.1606 2.91642
    endloop
  endfacet
  facet normal 0 0.980751 -0.195263
    outer loop
      vertex 1.60001 11.0299 6.60684
      vertex 0.589999 11.1193 7.05587
      vertex 1.60001 11.1193 7.05587
    endloop
  endfacet
  facet normal 0 0.980751 -0.195263
    outer loop
      vertex 0.589999 11.1193 7.05587
      vertex 1.60001 11.0299 6.60684
      vertex 0.589999 11.0299 6.60684
    endloop
  endfacet
  facet normal -0 0.0654026 0.997859
    outer loop
      vertex 0.589999 14.5 2.65
      vertex 1.60001 14.0432 2.67994
      vertex 1.60001 14.5 2.65
    endloop
  endfacet
  facet normal 0 0.0654026 0.997859
    outer loop
      vertex 1.60001 14.0432 2.67994
      vertex 0.589999 14.5 2.65
      vertex 0.589999 14.0432 2.67994
    endloop
  endfacet
  facet normal 0 -0.321452 -0.946926
    outer loop
      vertex 0.589999 15.4059 9.53074
      vertex 1.60001 15.8394 9.38358
      vertex 1.60001 15.4059 9.53074
    endloop
  endfacet
  facet normal -0 -0.321452 -0.946926
    outer loop
      vertex 1.60001 15.8394 9.38358
      vertex 0.589999 15.4059 9.53074
      vertex 0.589999 15.8394 9.38358
    endloop
  endfacet
  facet normal 0 0.896864 -0.442305
    outer loop
      vertex 1.60001 11.2664 7.48939
      vertex 0.589999 11.4689 7.9
      vertex 1.60001 11.4689 7.9
    endloop
  endfacet
  facet normal 0 0.896864 -0.442305
    outer loop
      vertex 0.589999 11.4689 7.9
      vertex 1.60001 11.2664 7.48939
      vertex 0.589999 11.2664 7.48939
    endloop
  endfacet
  facet normal 0 0.555532 -0.831495
    outer loop
      vertex 0.589999 12.3693 8.92674
      vertex 1.60001 12.75 9.18109
      vertex 1.60001 12.3693 8.92674
    endloop
  endfacet
  facet normal 0 0.555532 -0.831495
    outer loop
      vertex 1.60001 12.75 9.18109
      vertex 0.589999 12.3693 8.92674
      vertex 0.589999 12.75 9.18109
    endloop
  endfacet
  facet normal 0 -0.195066 0.98079
    outer loop
      vertex 0.589999 15.4059 2.76926
      vertex 1.60001 14.9568 2.67994
      vertex 1.60001 15.4059 2.76926
    endloop
  endfacet
  facet normal 0 -0.195066 0.98079
    outer loop
      vertex 1.60001 14.9568 2.67994
      vertex 0.589999 15.4059 2.76926
      vertex 0.589999 14.9568 2.67994
    endloop
  endfacet
  facet normal 0 -0.896864 -0.442305
    outer loop
      vertex 0.589999 17.7336 7.48939
      vertex 1.60001 17.5311 7.9
      vertex 0.589999 17.5311 7.9
    endloop
  endfacet
  facet normal 0 -0.896864 -0.442305
    outer loop
      vertex 1.60001 17.5311 7.9
      vertex 0.589999 17.7336 7.48939
      vertex 1.60001 17.7336 7.48939
    endloop
  endfacet
  facet normal 0 -0.0654026 -0.997859
    outer loop
      vertex 0.589999 14.5 9.65
      vertex 1.60001 14.9568 9.62006
      vertex 1.60001 14.5 9.65
    endloop
  endfacet
  facet normal -0 -0.0654026 -0.997859
    outer loop
      vertex 1.60001 14.9568 9.62006
      vertex 0.589999 14.5 9.65
      vertex 0.589999 14.9568 9.62006
    endloop
  endfacet
  facet normal 0 -0.980751 0.195263
    outer loop
      vertex 0.589999 17.8807 5.24413
      vertex 1.60001 17.9701 5.69316
      vertex 0.589999 17.9701 5.69316
    endloop
  endfacet
  facet normal 0 -0.980751 0.195263
    outer loop
      vertex 1.60001 17.9701 5.69316
      vertex 0.589999 17.8807 5.24413
      vertex 1.60001 17.8807 5.24413
    endloop
  endfacet
  facet normal 0 -0.980751 -0.195263
    outer loop
      vertex 0.589999 17.9701 6.60684
      vertex 1.60001 17.8807 7.05587
      vertex 0.589999 17.8807 7.05587
    endloop
  endfacet
  facet normal 0 -0.980751 -0.195263
    outer loop
      vertex 1.60001 17.8807 7.05587
      vertex 0.589999 17.9701 6.60684
      vertex 1.60001 17.9701 6.60684
    endloop
  endfacet
  facet normal 0 -0.831425 0.555637
    outer loop
      vertex 0.589999 17.2767 4.01933
      vertex 1.60001 17.5311 4.4
      vertex 0.589999 17.5311 4.4
    endloop
  endfacet
  facet normal 0 -0.831425 0.555637
    outer loop
      vertex 1.60001 17.5311 4.4
      vertex 0.589999 17.2767 4.01933
      vertex 1.60001 17.2767 4.01933
    endloop
  endfacet
  facet normal 0 -0.442297 0.896869
    outer loop
      vertex 0.589999 16.25 3.11891
      vertex 1.60001 15.8394 2.91642
      vertex 1.60001 16.25 3.11891
    endloop
  endfacet
  facet normal 0 -0.442297 0.896869
    outer loop
      vertex 1.60001 15.8394 2.91642
      vertex 0.589999 16.25 3.11891
      vertex 0.589999 15.8394 2.91642
    endloop
  endfacet
  facet normal 0 0.980751 0.195263
    outer loop
      vertex 1.60001 11.1193 5.24413
      vertex 0.589999 11.0299 5.69316
      vertex 1.60001 11.0299 5.69316
    endloop
  endfacet
  facet normal 0 0.980751 0.195263
    outer loop
      vertex 0.589999 11.0299 5.69316
      vertex 1.60001 11.1193 5.24413
      vertex 0.589999 11.1193 5.24413
    endloop
  endfacet
  facet normal -0 0.442297 0.896869
    outer loop
      vertex 0.589999 13.1606 2.91642
      vertex 1.60001 12.75 3.11891
      vertex 1.60001 13.1606 2.91642
    endloop
  endfacet
  facet normal 0 0.442297 0.896869
    outer loop
      vertex 1.60001 12.75 3.11891
      vertex 0.589999 13.1606 2.91642
      vertex 0.589999 12.75 3.11891
    endloop
  endfacet
  facet normal 0 -0.555532 0.831495
    outer loop
      vertex 0.589999 16.6307 3.37326
      vertex 1.60001 16.25 3.11891
      vertex 1.60001 16.6307 3.37326
    endloop
  endfacet
  facet normal 0 -0.555532 0.831495
    outer loop
      vertex 1.60001 16.25 3.11891
      vertex 0.589999 16.6307 3.37326
      vertex 0.589999 16.25 3.11891
    endloop
  endfacet
  facet normal 0 -0.831418 -0.555647
    outer loop
      vertex 0.589999 17.5311 7.9
      vertex 1.60001 17.2767 8.28066
      vertex 0.589999 17.2767 8.28066
    endloop
  endfacet
  facet normal 0 -0.831418 -0.555647
    outer loop
      vertex 1.60001 17.2767 8.28066
      vertex 0.589999 17.5311 7.9
      vertex 1.60001 17.5311 7.9
    endloop
  endfacet
  facet normal 0 -0.659364 0.751824
    outer loop
      vertex 0.589999 16.9749 3.67513
      vertex 1.60001 16.6307 3.37326
      vertex 1.60001 16.9749 3.67513
    endloop
  endfacet
  facet normal 0 -0.659364 0.751824
    outer loop
      vertex 1.60001 16.6307 3.37326
      vertex 0.589999 16.9749 3.67513
      vertex 0.589999 16.6307 3.37326
    endloop
  endfacet
  facet normal -0 0.659364 0.751824
    outer loop
      vertex 0.589999 12.3693 3.37326
      vertex 1.60001 12.0251 3.67513
      vertex 1.60001 12.3693 3.37326
    endloop
  endfacet
  facet normal 0 0.659364 0.751824
    outer loop
      vertex 1.60001 12.0251 3.67513
      vertex 0.589999 12.3693 3.37326
      vertex 0.589999 12.0251 3.67513
    endloop
  endfacet
  facet normal 0 -0.94697 -0.321322
    outer loop
      vertex 0.589999 17.8807 7.05587
      vertex 1.60001 17.7336 7.48939
      vertex 0.589999 17.7336 7.48939
    endloop
  endfacet
  facet normal 0 -0.94697 -0.321322
    outer loop
      vertex 1.60001 17.7336 7.48939
      vertex 0.589999 17.8807 7.05587
      vertex 1.60001 17.8807 7.05587
    endloop
  endfacet
  facet normal 0 0.659364 -0.751824
    outer loop
      vertex 0.589999 12.0251 8.62487
      vertex 1.60001 12.3693 8.92674
      vertex 1.60001 12.0251 8.62487
    endloop
  endfacet
  facet normal 0 0.659364 -0.751824
    outer loop
      vertex 1.60001 12.3693 8.92674
      vertex 0.589999 12.0251 8.62487
      vertex 0.589999 12.3693 8.92674
    endloop
  endfacet
  facet normal 0 -0.7519 0.659278
    outer loop
      vertex 0.589999 16.9749 3.67513
      vertex 1.60001 17.2767 4.01933
      vertex 0.589999 17.2767 4.01933
    endloop
  endfacet
  facet normal 0 -0.7519 0.659278
    outer loop
      vertex 1.60001 17.2767 4.01933
      vertex 0.589999 16.9749 3.67513
      vertex 1.60001 16.9749 3.67513
    endloop
  endfacet
  facet normal 0 -0.997865 0.0653099
    outer loop
      vertex 0.589999 17.9701 5.69316
      vertex 1.60001 18 6.15
      vertex 0.589999 18 6.15
    endloop
  endfacet
  facet normal 0 -0.997865 0.0653099
    outer loop
      vertex 1.60001 18 6.15
      vertex 0.589999 17.9701 5.69316
      vertex 1.60001 17.9701 5.69316
    endloop
  endfacet
  facet normal -0 0.195066 0.98079
    outer loop
      vertex 0.589999 14.0432 2.67994
      vertex 1.60001 13.5941 2.76926
      vertex 1.60001 14.0432 2.67994
    endloop
  endfacet
  facet normal 0 0.195066 0.98079
    outer loop
      vertex 1.60001 13.5941 2.76926
      vertex 0.589999 14.0432 2.67994
      vertex 0.589999 13.5941 2.76926
    endloop
  endfacet
  facet normal 0 0.321452 -0.946926
    outer loop
      vertex 0.589999 13.1606 9.38358
      vertex 1.60001 13.5941 9.53074
      vertex 1.60001 13.1606 9.38358
    endloop
  endfacet
  facet normal 0 0.321452 -0.946926
    outer loop
      vertex 1.60001 13.5941 9.53074
      vertex 0.589999 13.1606 9.38358
      vertex 0.589999 13.5941 9.53074
    endloop
  endfacet
  facet normal -0 0.555532 0.831495
    outer loop
      vertex 0.589999 12.75 3.11891
      vertex 1.60001 12.3693 3.37326
      vertex 1.60001 12.75 3.11891
    endloop
  endfacet
  facet normal 0 0.555532 0.831495
    outer loop
      vertex 1.60001 12.3693 3.37326
      vertex 0.589999 12.75 3.11891
      vertex 0.589999 12.3693 3.37326
    endloop
  endfacet
  facet normal 0 0.896864 0.442305
    outer loop
      vertex 1.60001 11.4689 4.4
      vertex 0.589999 11.2664 4.81061
      vertex 1.60001 11.2664 4.81061
    endloop
  endfacet
  facet normal 0 0.896864 0.442305
    outer loop
      vertex 0.589999 11.2664 4.81061
      vertex 1.60001 11.4689 4.4
      vertex 0.589999 11.4689 4.4
    endloop
  endfacet
  facet normal 0 -0.94697 0.321322
    outer loop
      vertex 0.589999 17.7336 4.81061
      vertex 1.60001 17.8807 5.24413
      vertex 0.589999 17.8807 5.24413
    endloop
  endfacet
  facet normal 0 -0.94697 0.321322
    outer loop
      vertex 1.60001 17.8807 5.24413
      vertex 0.589999 17.7336 4.81061
      vertex 1.60001 17.7336 4.81061
    endloop
  endfacet
  facet normal 0 -0.442297 -0.896869
    outer loop
      vertex 0.589999 15.8394 9.38358
      vertex 1.60001 16.25 9.18109
      vertex 1.60001 15.8394 9.38358
    endloop
  endfacet
  facet normal -0 -0.442297 -0.896869
    outer loop
      vertex 1.60001 16.25 9.18109
      vertex 0.589999 15.8394 9.38358
      vertex 0.589999 16.25 9.18109
    endloop
  endfacet
  facet normal 0 -0.997865 -0.0653099
    outer loop
      vertex 0.589999 18 6.15
      vertex 1.60001 17.9701 6.60684
      vertex 0.589999 17.9701 6.60684
    endloop
  endfacet
  facet normal 0 -0.997865 -0.0653099
    outer loop
      vertex 1.60001 17.9701 6.60684
      vertex 0.589999 18 6.15
      vertex 1.60001 18 6.15
    endloop
  endfacet
  facet normal 0 -0.751909 -0.659267
    outer loop
      vertex 0.589999 17.2767 8.28066
      vertex 1.60001 16.9749 8.62487
      vertex 0.589999 16.9749 8.62487
    endloop
  endfacet
  facet normal 0 -0.751909 -0.659267
    outer loop
      vertex 1.60001 16.9749 8.62487
      vertex 0.589999 17.2767 8.28066
      vertex 1.60001 17.2767 8.28066
    endloop
  endfacet
  facet normal 0 0.442297 -0.896869
    outer loop
      vertex 0.589999 12.75 9.18109
      vertex 1.60001 13.1606 9.38358
      vertex 1.60001 12.75 9.18109
    endloop
  endfacet
  facet normal 0 0.442297 -0.896869
    outer loop
      vertex 1.60001 13.1606 9.38358
      vertex 0.589999 12.75 9.18109
      vertex 0.589999 13.1606 9.38358
    endloop
  endfacet
  facet normal 0 -0.555532 -0.831495
    outer loop
      vertex 0.589999 16.25 9.18109
      vertex 1.60001 16.6307 8.92674
      vertex 1.60001 16.25 9.18109
    endloop
  endfacet
  facet normal -0 -0.555532 -0.831495
    outer loop
      vertex 1.60001 16.6307 8.92674
      vertex 0.589999 16.25 9.18109
      vertex 0.589999 16.6307 8.92674
    endloop
  endfacet
  facet normal 0 0.831418 -0.555647
    outer loop
      vertex 1.60001 11.4689 7.9
      vertex 0.589999 11.7233 8.28066
      vertex 1.60001 11.7233 8.28066
    endloop
  endfacet
  facet normal 0 0.831418 -0.555647
    outer loop
      vertex 0.589999 11.7233 8.28066
      vertex 1.60001 11.4689 7.9
      vertex 0.589999 11.4689 7.9
    endloop
  endfacet
  facet normal 0 0.997865 0.0653099
    outer loop
      vertex 1.60001 11.0299 5.69316
      vertex 0.589999 11 6.15
      vertex 1.60001 11 6.15
    endloop
  endfacet
  facet normal 0 0.997865 0.0653099
    outer loop
      vertex 0.589999 11 6.15
      vertex 1.60001 11.0299 5.69316
      vertex 0.589999 11.0299 5.69316
    endloop
  endfacet
  facet normal 0 0.0654026 -0.997859
    outer loop
      vertex 0.589999 14.0432 9.62006
      vertex 1.60001 14.5 9.65
      vertex 1.60001 14.0432 9.62006
    endloop
  endfacet
  facet normal 0 0.0654026 -0.997859
    outer loop
      vertex 1.60001 14.5 9.65
      vertex 0.589999 14.0432 9.62006
      vertex 0.589999 14.5 9.65
    endloop
  endfacet
  facet normal 0 0.997865 -0.0653099
    outer loop
      vertex 1.60001 11 6.15
      vertex 0.589999 11.0299 6.60684
      vertex 1.60001 11.0299 6.60684
    endloop
  endfacet
  facet normal 0 0.997865 -0.0653099
    outer loop
      vertex 0.589999 11.0299 6.60684
      vertex 1.60001 11 6.15
      vertex 0.589999 11 6.15
    endloop
  endfacet
  facet normal 0 0.7519 0.659278
    outer loop
      vertex 1.60001 12.0251 3.67513
      vertex 0.589999 11.7233 4.01933
      vertex 1.60001 11.7233 4.01933
    endloop
  endfacet
  facet normal 0 0.7519 0.659278
    outer loop
      vertex 0.589999 11.7233 4.01933
      vertex 1.60001 12.0251 3.67513
      vertex 0.589999 12.0251 3.67513
    endloop
  endfacet
  facet normal 0 0.94697 -0.321322
    outer loop
      vertex 1.60001 11.1193 7.05587
      vertex 0.589999 11.2664 7.48939
      vertex 1.60001 11.2664 7.48939
    endloop
  endfacet
  facet normal 0 0.94697 -0.321322
    outer loop
      vertex 0.589999 11.2664 7.48939
      vertex 1.60001 11.1193 7.05587
      vertex 0.589999 11.1193 7.05587
    endloop
  endfacet
  facet normal 0 0.751909 -0.659267
    outer loop
      vertex 1.60001 11.7233 8.28066
      vertex 0.589999 12.0251 8.62487
      vertex 1.60001 12.0251 8.62487
    endloop
  endfacet
  facet normal 0 0.751909 -0.659267
    outer loop
      vertex 0.589999 12.0251 8.62487
      vertex 1.60001 11.7233 8.28066
      vertex 0.589999 11.7233 8.28066
    endloop
  endfacet
  facet normal 0 -0.659364 -0.751824
    outer loop
      vertex 0.589999 16.6307 8.92674
      vertex 1.60001 16.9749 8.62487
      vertex 1.60001 16.6307 8.92674
    endloop
  endfacet
  facet normal -0 -0.659364 -0.751824
    outer loop
      vertex 1.60001 16.9749 8.62487
      vertex 0.589999 16.6307 8.92674
      vertex 0.589999 16.9749 8.62487
    endloop
  endfacet
  facet normal 0 -0.831468 0.555572
    outer loop
      vertex 0 18.8634 2.80181
      vertex 0.589999 19.2631 3.4
      vertex 0 19.2631 3.4
    endloop
  endfacet
  facet normal 0 -0.831468 0.555572
    outer loop
      vertex 0.589999 19.2631 3.4
      vertex 0 18.8634 2.80181
      vertex 0.589999 18.8634 2.80181
    endloop
  endfacet
  facet normal 0 -0.321418 0.946937
    outer loop
      vertex 0 16.6048 1.06866
      vertex 0.589999 15.9235 0.837407
      vertex 0.589999 16.6048 1.06866
    endloop
  endfacet
  facet normal 0 -0.321418 0.946937
    outer loop
      vertex 0.589999 15.9235 0.837407
      vertex 0 16.6048 1.06866
      vertex 0 15.9235 0.837407
    endloop
  endfacet
  facet normal 0 -0.896871 0.442292
    outer loop
      vertex 0 19.2631 3.4
      vertex 0.589999 19.5813 4.04524
      vertex 0 19.5813 4.04524
    endloop
  endfacet
  facet normal 0 -0.896871 0.442292
    outer loop
      vertex 0.589999 19.5813 4.04524
      vertex 0 19.2631 3.4
      vertex 0.589999 19.2631 3.4
    endloop
  endfacet
  facet normal 0 -0.555566 -0.831472
    outer loop
      vertex 0 17.25 10.9131
      vertex 0.589999 17.8482 10.5134
      vertex 0.589999 17.25 10.9131
    endloop
  endfacet
  facet normal -0 -0.555566 -0.831472
    outer loop
      vertex 0.589999 17.8482 10.5134
      vertex 0 17.25 10.9131
      vertex 0 17.8482 10.5134
    endloop
  endfacet
  facet normal 0 0.831443 0.555611
    outer loop
      vertex 0.589999 10.1366 2.80181
      vertex 0 9.73686 3.4
      vertex 0.589999 9.73686 3.4
    endloop
  endfacet
  facet normal 0 0.831443 0.555611
    outer loop
      vertex 0 9.73686 3.4
      vertex 0.589999 10.1366 2.80181
      vertex 0 10.1366 2.80181
    endloop
  endfacet
  facet normal 0 -0.442314 0.89686
    outer loop
      vertex 0 17.25 1.38686
      vertex 0.589999 16.6048 1.06866
      vertex 0.589999 17.25 1.38686
    endloop
  endfacet
  facet normal 0 -0.442314 0.89686
    outer loop
      vertex 0.589999 16.6048 1.06866
      vertex 0 17.25 1.38686
      vertex 0 16.6048 1.06866
    endloop
  endfacet
  facet normal 0 0.831443 -0.555611
    outer loop
      vertex 0.589999 9.73686 8.9
      vertex 0 10.1366 9.49819
      vertex 0.589999 10.1366 9.49819
    endloop
  endfacet
  facet normal 0 0.831443 -0.555611
    outer loop
      vertex 0 10.1366 9.49819
      vertex 0.589999 9.73686 8.9
      vertex 0 9.73686 8.9
    endloop
  endfacet
  facet normal 0 -0.0654022 0.997859
    outer loop
      vertex 0 15.2179 0.697053
      vertex 0.589999 14.5 0.65
      vertex 0.589999 15.2179 0.697053
    endloop
  endfacet
  facet normal 0 -0.0654022 0.997859
    outer loop
      vertex 0.589999 14.5 0.65
      vertex 0 15.2179 0.697053
      vertex 0 14.5 0.65
    endloop
  endfacet
  facet normal 0 0.321477 -0.946918
    outer loop
      vertex 0 12.3952 11.2313
      vertex 0.589999 13.0765 11.4626
      vertex 0.589999 12.3952 11.2313
    endloop
  endfacet
  facet normal 0 0.321477 -0.946918
    outer loop
      vertex 0.589999 13.0765 11.4626
      vertex 0 12.3952 11.2313
      vertex 0 13.0765 11.4626
    endloop
  endfacet
  facet normal -0 0.0654022 0.997859
    outer loop
      vertex 0 14.5 0.65
      vertex 0.589999 13.7821 0.697053
      vertex 0.589999 14.5 0.65
    endloop
  endfacet
  facet normal 0 0.0654022 0.997859
    outer loop
      vertex 0.589999 13.7821 0.697053
      vertex 0 14.5 0.65
      vertex 0 13.7821 0.697053
    endloop
  endfacet
  facet normal 0 -0.659301 -0.751879
    outer loop
      vertex 0 17.8482 10.5134
      vertex 0.589999 18.3891 10.0391
      vertex 0.589999 17.8482 10.5134
    endloop
  endfacet
  facet normal -0 -0.659301 -0.751879
    outer loop
      vertex 0.589999 18.3891 10.0391
      vertex 0 17.8482 10.5134
      vertex 0 18.3891 10.0391
    endloop
  endfacet
  facet normal 0 0.946931 0.321435
    outer loop
      vertex 0.589999 9.41866 4.04524
      vertex 0 9.18741 4.72649
      vertex 0.589999 9.18741 4.72649
    endloop
  endfacet
  facet normal 0 0.946931 0.321435
    outer loop
      vertex 0 9.18741 4.72649
      vertex 0.589999 9.41866 4.04524
      vertex 0 9.41866 4.04524
    endloop
  endfacet
  facet normal -0 0.195092 0.980785
    outer loop
      vertex 0 13.7821 0.697053
      vertex 0.589999 13.0765 0.837407
      vertex 0.589999 13.7821 0.697053
    endloop
  endfacet
  facet normal 0 0.195092 0.980785
    outer loop
      vertex 0.589999 13.0765 0.837407
      vertex 0 13.7821 0.697053
      vertex 0 13.0765 0.837407
    endloop
  endfacet
  facet normal -0 0.442314 0.89686
    outer loop
      vertex 0 12.3952 1.06866
      vertex 0.589999 11.75 1.38686
      vertex 0.589999 12.3952 1.06866
    endloop
  endfacet
  facet normal 0 0.442314 0.89686
    outer loop
      vertex 0.589999 11.75 1.38686
      vertex 0 12.3952 1.06866
      vertex 0 11.75 1.38686
    endloop
  endfacet
  facet normal 0 -0.321477 -0.946918
    outer loop
      vertex 0 15.9235 11.4626
      vertex 0.589999 16.6048 11.2313
      vertex 0.589999 15.9235 11.4626
    endloop
  endfacet
  facet normal -0 -0.321477 -0.946918
    outer loop
      vertex 0.589999 16.6048 11.2313
      vertex 0 15.9235 11.4626
      vertex 0 16.6048 11.2313
    endloop
  endfacet
  facet normal 0 0.442314 -0.89686
    outer loop
      vertex 0 11.75 10.9131
      vertex 0.589999 12.3952 11.2313
      vertex 0.589999 11.75 10.9131
    endloop
  endfacet
  facet normal 0 0.442314 -0.89686
    outer loop
      vertex 0.589999 12.3952 11.2313
      vertex 0 11.75 10.9131
      vertex 0 12.3952 11.2313
    endloop
  endfacet
  facet normal 0 -0.9808 -0.195017
    outer loop
      vertex 0 19.9529 6.86789
      vertex 0.589999 19.8126 7.5735
      vertex 0 19.8126 7.5735
    endloop
  endfacet
  facet normal 0 -0.9808 -0.195017
    outer loop
      vertex 0.589999 19.8126 7.5735
      vertex 0 19.9529 6.86789
      vertex 0.589999 19.9529 6.86789
    endloop
  endfacet
  facet normal 0 0.896871 0.442292
    outer loop
      vertex 0.589999 9.73686 3.4
      vertex 0 9.41866 4.04524
      vertex 0.589999 9.41866 4.04524
    endloop
  endfacet
  facet normal 0 0.896871 0.442292
    outer loop
      vertex 0 9.41866 4.04524
      vertex 0.589999 9.73686 3.4
      vertex 0 9.73686 3.4
    endloop
  endfacet
  facet normal 0 -0.19502 -0.980799
    outer loop
      vertex 0 15.2179 11.6029
      vertex 0.589999 15.9235 11.4626
      vertex 0.589999 15.2179 11.6029
    endloop
  endfacet
  facet normal -0 -0.19502 -0.980799
    outer loop
      vertex 0.589999 15.9235 11.4626
      vertex 0 15.2179 11.6029
      vertex 0 15.9235 11.4626
    endloop
  endfacet
  facet normal 0 0.980784 0.195095
    outer loop
      vertex 0.589999 9.18741 4.72649
      vertex 0 9.04705 5.43211
      vertex 0.589999 9.04705 5.43211
    endloop
  endfacet
  facet normal 0 0.980784 0.195095
    outer loop
      vertex 0 9.04705 5.43211
      vertex 0.589999 9.18741 4.72649
      vertex 0 9.18741 4.72649
    endloop
  endfacet
  facet normal 0 -0.442314 -0.89686
    outer loop
      vertex 0 16.6048 11.2313
      vertex 0.589999 17.25 10.9131
      vertex 0.589999 16.6048 11.2313
    endloop
  endfacet
  facet normal -0 -0.442314 -0.89686
    outer loop
      vertex 0.589999 17.25 10.9131
      vertex 0 16.6048 11.2313
      vertex 0 17.25 10.9131
    endloop
  endfacet
  facet normal 0 -0.9808 0.195015
    outer loop
      vertex 0 19.8126 4.72649
      vertex 0.589999 19.9529 5.43211
      vertex 0 19.9529 5.43211
    endloop
  endfacet
  facet normal 0 -0.9808 0.195015
    outer loop
      vertex 0.589999 19.9529 5.43211
      vertex 0 19.8126 4.72649
      vertex 0.589999 19.8126 4.72649
    endloop
  endfacet
  facet normal 0 0.997859 0.065399
    outer loop
      vertex 0.589999 9.04705 5.43211
      vertex 0 9 6.15
      vertex 0.589999 9 6.15
    endloop
  endfacet
  facet normal 0 0.997859 0.065399
    outer loop
      vertex 0 9 6.15
      vertex 0.589999 9.04705 5.43211
      vertex 0 9.04705 5.43211
    endloop
  endfacet
  facet normal 0 -0.831468 -0.555572
    outer loop
      vertex 0 19.2631 8.9
      vertex 0.589999 18.8634 9.49819
      vertex 0 18.8634 9.49819
    endloop
  endfacet
  facet normal 0 -0.831468 -0.555572
    outer loop
      vertex 0.589999 18.8634 9.49819
      vertex 0 19.2631 8.9
      vertex 0.589999 19.2631 8.9
    endloop
  endfacet
  facet normal 0 -0.94691 0.321498
    outer loop
      vertex 0 19.5813 4.04524
      vertex 0.589999 19.8126 4.72649
      vertex 0 19.8126 4.72649
    endloop
  endfacet
  facet normal 0 -0.94691 0.321498
    outer loop
      vertex 0.589999 19.8126 4.72649
      vertex 0 19.5813 4.04524
      vertex 0.589999 19.5813 4.04524
    endloop
  endfacet
  facet normal 0 -0.555566 0.831472
    outer loop
      vertex 0 17.8482 1.78656
      vertex 0.589999 17.25 1.38686
      vertex 0.589999 17.8482 1.78656
    endloop
  endfacet
  facet normal 0 -0.555566 0.831472
    outer loop
      vertex 0.589999 17.25 1.38686
      vertex 0 17.8482 1.78656
      vertex 0 17.25 1.38686
    endloop
  endfacet
  facet normal -1 0 0
    outer loop
      vertex 0.589999 18 6.15
      vertex 0.589999 20 6.15
      vertex 0.589999 19.9529 5.43211
    endloop
  endfacet
  facet normal -1 0 0
    outer loop
      vertex 0.589999 17.9701 5.69316
      vertex 0.589999 19.9529 5.43211
      vertex 0.589999 19.8126 4.72649
    endloop
  endfacet
  facet normal -1 0 0
    outer loop
      vertex 0.589999 20 6.15
      vertex 0.589999 18 6.15
      vertex 0.589999 19.9529 6.86789
    endloop
  endfacet
  facet normal -1 0 0
    outer loop
      vertex 0.589999 17.8807 5.24413
      vertex 0.589999 19.8126 4.72649
      vertex 0.589999 19.5813 4.04524
    endloop
  endfacet
  facet normal -1 0 0
    outer loop
      vertex 0.589999 17.9701 6.60684
      vertex 0.589999 19.9529 6.86789
      vertex 0.589999 18 6.15
    endloop
  endfacet
  facet normal -1 0 0
    outer loop
      vertex 0.589999 17.7336 4.81061
      vertex 0.589999 19.5813 4.04524
      vertex 0.589999 19.2631 3.4
    endloop
  endfacet
  facet normal -1 -0 0
    outer loop
      vertex 0.589999 19.9529 6.86789
      vertex 0.589999 17.9701 6.60684
      vertex 0.589999 19.8126 7.5735
    endloop
  endfacet
  facet normal -1 0 0
    outer loop
      vertex 0.589999 17.5311 4.4
      vertex 0.589999 19.2631 3.4
      vertex 0.589999 18.8634 2.80181
    endloop
  endfacet
  facet normal -1 0 0
    outer loop
      vertex 0.589999 17.8807 7.05587
      vertex 0.589999 19.8126 7.5735
      vertex 0.589999 17.9701 6.60684
    endloop
  endfacet
  facet normal -1 0 0
    outer loop
      vertex 0.589999 17.2767 4.01933
      vertex 0.589999 18.8634 2.80181
      vertex 0.589999 18.3891 2.26091
    endloop
  endfacet
  facet normal -1 -0 0
    outer loop
      vertex 0.589999 19.8126 7.5735
      vertex 0.589999 17.8807 7.05587
      vertex 0.589999 19.5813 8.25476
    endloop
  endfacet
  facet normal -1 0 0
    outer loop
      vertex 0.589999 17.7336 7.48939
      vertex 0.589999 19.5813 8.25476
      vertex 0.589999 17.8807 7.05587
    endloop
  endfacet
  facet normal -1 0 0
    outer loop
      vertex 0.589999 19.9529 5.43211
      vertex 0.589999 17.9701 5.69316
      vertex 0.589999 18 6.15
    endloop
  endfacet
  facet normal -1 0 0
    outer loop
      vertex 0.589999 19.8126 4.72649
      vertex 0.589999 17.8807 5.24413
      vertex 0.589999 17.9701 5.69316
    endloop
  endfacet
  facet normal -1 0 0
    outer loop
      vertex 0.589999 16.9749 3.67513
      vertex 0.589999 18.3891 2.26091
      vertex 0.589999 17.8482 1.78656
    endloop
  endfacet
  facet normal -1 0 0
    outer loop
      vertex 0.589999 19.5813 4.04524
      vertex 0.589999 17.7336 4.81061
      vertex 0.589999 17.8807 5.24413
    endloop
  endfacet
  facet normal -1 0 0
    outer loop
      vertex 0.589999 19.2631 3.4
      vertex 0.589999 17.5311 4.4
      vertex 0.589999 17.7336 4.81061
    endloop
  endfacet
  facet normal -1 0 0
    outer loop
      vertex 0.589999 18.8634 2.80181
      vertex 0.589999 17.2767 4.01933
      vertex 0.589999 17.5311 4.4
    endloop
  endfacet
  facet normal -1 0 0
    outer loop
      vertex 0.589999 16.6307 3.37326
      vertex 0.589999 17.8482 1.78656
      vertex 0.589999 17.25 1.38686
    endloop
  endfacet
  facet normal -1 0 0
    outer loop
      vertex 0.589999 18.3891 2.26091
      vertex 0.589999 16.9749 3.67513
      vertex 0.589999 17.2767 4.01933
    endloop
  endfacet
  facet normal -1 0 0
    outer loop
      vertex 0.589999 17.8482 1.78656
      vertex 0.589999 16.6307 3.37326
      vertex 0.589999 16.9749 3.67513
    endloop
  endfacet
  facet normal -1 0 0
    outer loop
      vertex 0.589999 16.25 3.11891
      vertex 0.589999 17.25 1.38686
      vertex 0.589999 16.6048 1.06866
    endloop
  endfacet
  facet normal -1 0 0
    outer loop
      vertex 0.589999 17.25 1.38686
      vertex 0.589999 16.25 3.11891
      vertex 0.589999 16.6307 3.37326
    endloop
  endfacet
  facet normal -1 0 0
    outer loop
      vertex 0.589999 15.8394 2.91642
      vertex 0.589999 16.6048 1.06866
      vertex 0.589999 15.9235 0.837407
    endloop
  endfacet
  facet normal -1 0 0
    outer loop
      vertex 0.589999 16.6048 1.06866
      vertex 0.589999 15.8394 2.91642
      vertex 0.589999 16.25 3.11891
    endloop
  endfacet
  facet normal -1 0 0
    outer loop
      vertex 0.589999 15.9235 0.837407
      vertex 0.589999 15.4059 2.76926
      vertex 0.589999 15.8394 2.91642
    endloop
  endfacet
  facet normal -1 0 0
    outer loop
      vertex 0.589999 15.2179 0.697053
      vertex 0.589999 15.4059 2.76926
      vertex 0.589999 15.9235 0.837407
    endloop
  endfacet
  facet normal -1 0 0
    outer loop
      vertex 0.589999 15.2179 0.697053
      vertex 0.589999 14.9568 2.67994
      vertex 0.589999 15.4059 2.76926
    endloop
  endfacet
  facet normal -1 0 0
    outer loop
      vertex 0.589999 14.5 0.65
      vertex 0.589999 14.9568 2.67994
      vertex 0.589999 15.2179 0.697053
    endloop
  endfacet
  facet normal -1 0 0
    outer loop
      vertex 0.589999 14.5 0.65
      vertex 0.589999 14.5 2.65
      vertex 0.589999 14.9568 2.67994
    endloop
  endfacet
  facet normal -1 0 0
    outer loop
      vertex 0.589999 14.5 0.65
      vertex 0.589999 14.0432 2.67994
      vertex 0.589999 14.5 2.65
    endloop
  endfacet
  facet normal -1 0 0
    outer loop
      vertex 0.589999 13.7821 0.697053
      vertex 0.589999 14.0432 2.67994
      vertex 0.589999 14.5 0.65
    endloop
  endfacet
  facet normal -1 0 0
    outer loop
      vertex 0.589999 13.7821 0.697053
      vertex 0.589999 13.5941 2.76926
      vertex 0.589999 14.0432 2.67994
    endloop
  endfacet
  facet normal -1 0 0
    outer loop
      vertex 0.589999 13.0765 0.837407
      vertex 0.589999 13.5941 2.76926
      vertex 0.589999 13.7821 0.697053
    endloop
  endfacet
  facet normal -1 -0 0
    outer loop
      vertex 0.589999 13.5941 2.76926
      vertex 0.589999 13.0765 0.837407
      vertex 0.589999 13.1606 2.91642
    endloop
  endfacet
  facet normal -1 0 0
    outer loop
      vertex 0.589999 12.3952 1.06866
      vertex 0.589999 13.1606 2.91642
      vertex 0.589999 13.0765 0.837407
    endloop
  endfacet
  facet normal -1 -0 0
    outer loop
      vertex 0.589999 13.1606 2.91642
      vertex 0.589999 12.3952 1.06866
      vertex 0.589999 12.75 3.11891
    endloop
  endfacet
  facet normal -1 0 0
    outer loop
      vertex 0.589999 11.75 1.38686
      vertex 0.589999 12.75 3.11891
      vertex 0.589999 12.3952 1.06866
    endloop
  endfacet
  facet normal -1 -0 0
    outer loop
      vertex 0.589999 12.75 3.11891
      vertex 0.589999 11.75 1.38686
      vertex 0.589999 12.3693 3.37326
    endloop
  endfacet
  facet normal -1 0 0
    outer loop
      vertex 0.589999 11.1518 1.78656
      vertex 0.589999 12.3693 3.37326
      vertex 0.589999 11.75 1.38686
    endloop
  endfacet
  facet normal -1 -0 0
    outer loop
      vertex 0.589999 12.3693 3.37326
      vertex 0.589999 11.1518 1.78656
      vertex 0.589999 12.0251 3.67513
    endloop
  endfacet
  facet normal -1 0 0
    outer loop
      vertex 0.589999 10.6109 2.26091
      vertex 0.589999 12.0251 3.67513
      vertex 0.589999 11.1518 1.78656
    endloop
  endfacet
  facet normal -1 -0 0
    outer loop
      vertex 0.589999 12.0251 3.67513
      vertex 0.589999 10.6109 2.26091
      vertex 0.589999 11.7233 4.01933
    endloop
  endfacet
  facet normal -1 0 0
    outer loop
      vertex 0.589999 10.1366 2.80181
      vertex 0.589999 11.7233 4.01933
      vertex 0.589999 10.6109 2.26091
    endloop
  endfacet
  facet normal -1 -0 0
    outer loop
      vertex 0.589999 11.7233 4.01933
      vertex 0.589999 10.1366 2.80181
      vertex 0.589999 11.4689 4.4
    endloop
  endfacet
  facet normal -1 0 0
    outer loop
      vertex 0.589999 9.73686 3.4
      vertex 0.589999 11.4689 4.4
      vertex 0.589999 10.1366 2.80181
    endloop
  endfacet
  facet normal -1 -0 0
    outer loop
      vertex 0.589999 11.4689 4.4
      vertex 0.589999 9.73686 3.4
      vertex 0.589999 11.2664 4.81061
    endloop
  endfacet
  facet normal -1 0 0
    outer loop
      vertex 0.589999 9.41866 4.04524
      vertex 0.589999 11.2664 4.81061
      vertex 0.589999 9.73686 3.4
    endloop
  endfacet
  facet normal -1 -0 0
    outer loop
      vertex 0.589999 19.5813 8.25476
      vertex 0.589999 17.7336 7.48939
      vertex 0.589999 19.2631 8.9
    endloop
  endfacet
  facet normal -1 0 0
    outer loop
      vertex 0.589999 17.5311 7.9
      vertex 0.589999 19.2631 8.9
      vertex 0.589999 17.7336 7.48939
    endloop
  endfacet
  facet normal -1 -0 0
    outer loop
      vertex 0.589999 19.2631 8.9
      vertex 0.589999 17.5311 7.9
      vertex 0.589999 18.8634 9.49819
    endloop
  endfacet
  facet normal -1 0 0
    outer loop
      vertex 0.589999 17.2767 8.28066
      vertex 0.589999 18.8634 9.49819
      vertex 0.589999 17.5311 7.9
    endloop
  endfacet
  facet normal -1 -0 0
    outer loop
      vertex 0.589999 18.8634 9.49819
      vertex 0.589999 17.2767 8.28066
      vertex 0.589999 18.3891 10.0391
    endloop
  endfacet
  facet normal -1 0 0
    outer loop
      vertex 0.589999 16.9749 8.62487
      vertex 0.589999 18.3891 10.0391
      vertex 0.589999 17.2767 8.28066
    endloop
  endfacet
  facet normal -1 -0 0
    outer loop
      vertex 0.589999 18.3891 10.0391
      vertex 0.589999 16.9749 8.62487
      vertex 0.589999 17.8482 10.5134
    endloop
  endfacet
  facet normal -1 0 0
    outer loop
      vertex 0.589999 16.6307 8.92674
      vertex 0.589999 17.8482 10.5134
      vertex 0.589999 16.9749 8.62487
    endloop
  endfacet
  facet normal -1 -0 0
    outer loop
      vertex 0.589999 17.8482 10.5134
      vertex 0.589999 16.6307 8.92674
      vertex 0.589999 17.25 10.9131
    endloop
  endfacet
  facet normal -1 0 0
    outer loop
      vertex 0.589999 16.25 9.18109
      vertex 0.589999 17.25 10.9131
      vertex 0.589999 16.6307 8.92674
    endloop
  endfacet
  facet normal -1 -0 0
    outer loop
      vertex 0.589999 17.25 10.9131
      vertex 0.589999 16.25 9.18109
      vertex 0.589999 16.6048 11.2313
    endloop
  endfacet
  facet normal -1 0 0
    outer loop
      vertex 0.589999 15.8394 9.38358
      vertex 0.589999 16.6048 11.2313
      vertex 0.589999 16.25 9.18109
    endloop
  endfacet
  facet normal -1 -0 0
    outer loop
      vertex 0.589999 16.6048 11.2313
      vertex 0.589999 15.8394 9.38358
      vertex 0.589999 15.9235 11.4626
    endloop
  endfacet
  facet normal -1 0 0
    outer loop
      vertex 0.589999 15.4059 9.53074
      vertex 0.589999 15.9235 11.4626
      vertex 0.589999 15.8394 9.38358
    endloop
  endfacet
  facet normal -1 0 0
    outer loop
      vertex 0.589999 15.4059 9.53074
      vertex 0.589999 15.2179 11.6029
      vertex 0.589999 15.9235 11.4626
    endloop
  endfacet
  facet normal -1 0 0
    outer loop
      vertex 0.589999 14.9568 9.62006
      vertex 0.589999 15.2179 11.6029
      vertex 0.589999 15.4059 9.53074
    endloop
  endfacet
  facet normal -1 0 0
    outer loop
      vertex 0.589999 14.5 9.65
      vertex 0.589999 15.2179 11.6029
      vertex 0.589999 14.9568 9.62006
    endloop
  endfacet
  facet normal -1 0 0
    outer loop
      vertex 0.589999 14.5 9.65
      vertex 0.589999 14.5 11.65
      vertex 0.589999 15.2179 11.6029
    endloop
  endfacet
  facet normal -1 0 0
    outer loop
      vertex 0.589999 14.0432 9.62006
      vertex 0.589999 14.5 11.65
      vertex 0.589999 14.5 9.65
    endloop
  endfacet
  facet normal -1 0 0
    outer loop
      vertex 0.589999 14.0432 9.62006
      vertex 0.589999 13.7821 11.6029
      vertex 0.589999 14.5 11.65
    endloop
  endfacet
  facet normal -1 0 0
    outer loop
      vertex 0.589999 13.5941 9.53074
      vertex 0.589999 13.7821 11.6029
      vertex 0.589999 14.0432 9.62006
    endloop
  endfacet
  facet normal -1 0 0
    outer loop
      vertex 0.589999 13.0765 11.4626
      vertex 0.589999 13.5941 9.53074
      vertex 0.589999 13.1606 9.38358
    endloop
  endfacet
  facet normal -1 0 0
    outer loop
      vertex 0.589999 13.5941 9.53074
      vertex 0.589999 13.0765 11.4626
      vertex 0.589999 13.7821 11.6029
    endloop
  endfacet
  facet normal -1 0 0
    outer loop
      vertex 0.589999 12.3952 11.2313
      vertex 0.589999 13.1606 9.38358
      vertex 0.589999 12.75 9.18109
    endloop
  endfacet
  facet normal -1 0 0
    outer loop
      vertex 0.589999 13.1606 9.38358
      vertex 0.589999 12.3952 11.2313
      vertex 0.589999 13.0765 11.4626
    endloop
  endfacet
  facet normal -1 0 0
    outer loop
      vertex 0.589999 11.75 10.9131
      vertex 0.589999 12.75 9.18109
      vertex 0.589999 12.3693 8.92674
    endloop
  endfacet
  facet normal -1 0 0
    outer loop
      vertex 0.589999 11.1518 10.5134
      vertex 0.589999 12.3693 8.92674
      vertex 0.589999 12.0251 8.62487
    endloop
  endfacet
  facet normal -1 0 0
    outer loop
      vertex 0.589999 12.75 9.18109
      vertex 0.589999 11.75 10.9131
      vertex 0.589999 12.3952 11.2313
    endloop
  endfacet
  facet normal -1 0 0
    outer loop
      vertex 0.589999 10.6109 10.0391
      vertex 0.589999 12.0251 8.62487
      vertex 0.589999 11.7233 8.28066
    endloop
  endfacet
  facet normal -1 0 0
    outer loop
      vertex 0.589999 10.1366 9.49819
      vertex 0.589999 11.7233 8.28066
      vertex 0.589999 11.4689 7.9
    endloop
  endfacet
  facet normal -1 0 0
    outer loop
      vertex 0.589999 9.73686 8.9
      vertex 0.589999 11.4689 7.9
      vertex 0.589999 11.2664 7.48939
    endloop
  endfacet
  facet normal -1 0 0
    outer loop
      vertex 0.589999 12.3693 8.92674
      vertex 0.589999 11.1518 10.5134
      vertex 0.589999 11.75 10.9131
    endloop
  endfacet
  facet normal -1 0 0
    outer loop
      vertex 0.589999 9.41866 8.25476
      vertex 0.589999 11.2664 7.48939
      vertex 0.589999 11.1193 7.05587
    endloop
  endfacet
  facet normal -1 0 0
    outer loop
      vertex 0.589999 9.18741 7.5735
      vertex 0.589999 11.1193 7.05587
      vertex 0.589999 11.0299 6.60684
    endloop
  endfacet
  facet normal -1 0 0
    outer loop
      vertex 0.589999 9.04705 6.86789
      vertex 0.589999 11.0299 6.60684
      vertex 0.589999 11 6.15
    endloop
  endfacet
  facet normal -1 -0 0
    outer loop
      vertex 0.589999 11.2664 4.81061
      vertex 0.589999 9.41866 4.04524
      vertex 0.589999 11.1193 5.24413
    endloop
  endfacet
  facet normal -1 0 0
    outer loop
      vertex 0.589999 12.0251 8.62487
      vertex 0.589999 10.6109 10.0391
      vertex 0.589999 11.1518 10.5134
    endloop
  endfacet
  facet normal -1 0 0
    outer loop
      vertex 0.589999 9.18741 4.72649
      vertex 0.589999 11.1193 5.24413
      vertex 0.589999 9.41866 4.04524
    endloop
  endfacet
  facet normal -1 0 0
    outer loop
      vertex 0.589999 11.7233 8.28066
      vertex 0.589999 10.1366 9.49819
      vertex 0.589999 10.6109 10.0391
    endloop
  endfacet
  facet normal -1 -0 0
    outer loop
      vertex 0.589999 11.1193 5.24413
      vertex 0.589999 9.18741 4.72649
      vertex 0.589999 11.0299 5.69316
    endloop
  endfacet
  facet normal -1 0 0
    outer loop
      vertex 0.589999 11.4689 7.9
      vertex 0.589999 9.73686 8.9
      vertex 0.589999 10.1366 9.49819
    endloop
  endfacet
  facet normal -1 0 0
    outer loop
      vertex 0.589999 9.04705 5.43211
      vertex 0.589999 11.0299 5.69316
      vertex 0.589999 9.18741 4.72649
    endloop
  endfacet
  facet normal -1 0 0
    outer loop
      vertex 0.589999 11.2664 7.48939
      vertex 0.589999 9.41866 8.25476
      vertex 0.589999 9.73686 8.9
    endloop
  endfacet
  facet normal -1 -0 0
    outer loop
      vertex 0.589999 11.0299 5.69316
      vertex 0.589999 9.04705 5.43211
      vertex 0.589999 11 6.15
    endloop
  endfacet
  facet normal -1 0 0
    outer loop
      vertex 0.589999 11.1193 7.05587
      vertex 0.589999 9.18741 7.5735
      vertex 0.589999 9.41866 8.25476
    endloop
  endfacet
  facet normal -1 0 0
    outer loop
      vertex 0.589999 9 6.15
      vertex 0.589999 11 6.15
      vertex 0.589999 9.04705 5.43211
    endloop
  endfacet
  facet normal -1 0 0
    outer loop
      vertex 0.589999 11.0299 6.60684
      vertex 0.589999 9.04705 6.86789
      vertex 0.589999 9.18741 7.5735
    endloop
  endfacet
  facet normal -1 0 0
    outer loop
      vertex 0.589999 11 6.15
      vertex 0.589999 9 6.15
      vertex 0.589999 9.04705 6.86789
    endloop
  endfacet
  facet normal 0 0.0654673 -0.997855
    outer loop
      vertex 0 13.7821 11.6029
      vertex 0.589999 14.5 11.65
      vertex 0.589999 13.7821 11.6029
    endloop
  endfacet
  facet normal 0 0.0654673 -0.997855
    outer loop
      vertex 0.589999 14.5 11.65
      vertex 0 13.7821 11.6029
      vertex 0 14.5 11.65
    endloop
  endfacet
  facet normal 0 -0.751879 0.659301
    outer loop
      vertex 0 18.3891 2.26091
      vertex 0.589999 18.8634 2.80181
      vertex 0 18.8634 2.80181
    endloop
  endfacet
  facet normal 0 -0.751879 0.659301
    outer loop
      vertex 0.589999 18.8634 2.80181
      vertex 0 18.3891 2.26091
      vertex 0.589999 18.3891 2.26091
    endloop
  endfacet
  facet normal 0 -0.195092 0.980785
    outer loop
      vertex 0 15.9235 0.837407
      vertex 0.589999 15.2179 0.697053
      vertex 0.589999 15.9235 0.837407
    endloop
  endfacet
  facet normal 0 -0.195092 0.980785
    outer loop
      vertex 0.589999 15.2179 0.697053
      vertex 0 15.9235 0.837407
      vertex 0 15.2179 0.697053
    endloop
  endfacet
  facet normal 0 -0.896871 -0.442292
    outer loop
      vertex 0 19.5813 8.25476
      vertex 0.589999 19.2631 8.9
      vertex 0 19.2631 8.9
    endloop
  endfacet
  facet normal 0 -0.896871 -0.442292
    outer loop
      vertex 0.589999 19.2631 8.9
      vertex 0 19.5813 8.25476
      vertex 0.589999 19.5813 8.25476
    endloop
  endfacet
  facet normal -0 0.321418 0.946937
    outer loop
      vertex 0 13.0765 0.837407
      vertex 0.589999 12.3952 1.06866
      vertex 0.589999 13.0765 0.837407
    endloop
  endfacet
  facet normal 0 0.321418 0.946937
    outer loop
      vertex 0.589999 12.3952 1.06866
      vertex 0 13.0765 0.837407
      vertex 0 12.3952 1.06866
    endloop
  endfacet
  facet normal 0 -0.659341 0.751844
    outer loop
      vertex 0 18.3891 2.26091
      vertex 0.589999 17.8482 1.78656
      vertex 0.589999 18.3891 2.26091
    endloop
  endfacet
  facet normal 0 -0.659341 0.751844
    outer loop
      vertex 0.589999 17.8482 1.78656
      vertex 0 18.3891 2.26091
      vertex 0 17.8482 1.78656
    endloop
  endfacet
  facet normal 0 0.751885 -0.659294
    outer loop
      vertex 0.589999 10.1366 9.49819
      vertex 0 10.6109 10.0391
      vertex 0.589999 10.6109 10.0391
    endloop
  endfacet
  facet normal 0 0.751885 -0.659294
    outer loop
      vertex 0 10.6109 10.0391
      vertex 0.589999 10.1366 9.49819
      vertex 0 10.1366 9.49819
    endloop
  endfacet
  facet normal -0 0.659341 0.751844
    outer loop
      vertex 0 11.1518 1.78656
      vertex 0.589999 10.6109 2.26091
      vertex 0.589999 11.1518 1.78656
    endloop
  endfacet
  facet normal 0 0.659341 0.751844
    outer loop
      vertex 0.589999 10.6109 2.26091
      vertex 0 11.1518 1.78656
      vertex 0 10.6109 2.26091
    endloop
  endfacet
  facet normal 0 0.555566 -0.831472
    outer loop
      vertex 0 11.1518 10.5134
      vertex 0.589999 11.75 10.9131
      vertex 0.589999 11.1518 10.5134
    endloop
  endfacet
  facet normal 0 0.555566 -0.831472
    outer loop
      vertex 0.589999 11.75 10.9131
      vertex 0 11.1518 10.5134
      vertex 0 11.75 10.9131
    endloop
  endfacet
  facet normal 0 0.896871 -0.442292
    outer loop
      vertex 0.589999 9.41866 8.25476
      vertex 0 9.73686 8.9
      vertex 0.589999 9.73686 8.9
    endloop
  endfacet
  facet normal 0 0.896871 -0.442292
    outer loop
      vertex 0 9.73686 8.9
      vertex 0.589999 9.41866 8.25476
      vertex 0 9.41866 8.25476
    endloop
  endfacet
  facet normal 0 0.980784 -0.195098
    outer loop
      vertex 0.589999 9.04705 6.86789
      vertex 0 9.18741 7.5735
      vertex 0.589999 9.18741 7.5735
    endloop
  endfacet
  facet normal 0 0.980784 -0.195098
    outer loop
      vertex 0 9.18741 7.5735
      vertex 0.589999 9.04705 6.86789
      vertex 0 9.04705 6.86789
    endloop
  endfacet
  facet normal 0 -0.946912 -0.321494
    outer loop
      vertex 0 19.8126 7.5735
      vertex 0.589999 19.5813 8.25476
      vertex 0 19.5813 8.25476
    endloop
  endfacet
  facet normal 0 -0.946912 -0.321494
    outer loop
      vertex 0.589999 19.5813 8.25476
      vertex 0 19.8126 7.5735
      vertex 0.589999 19.8126 7.5735
    endloop
  endfacet
  facet normal 0 0.19502 -0.980799
    outer loop
      vertex 0 13.0765 11.4626
      vertex 0.589999 13.7821 11.6029
      vertex 0.589999 13.0765 11.4626
    endloop
  endfacet
  facet normal 0 0.19502 -0.980799
    outer loop
      vertex 0.589999 13.7821 11.6029
      vertex 0 13.0765 11.4626
      vertex 0 13.7821 11.6029
    endloop
  endfacet
  facet normal 0 -0.997855 0.0654682
    outer loop
      vertex 0 19.9529 5.43211
      vertex 0.589999 20 6.15
      vertex 0 20 6.15
    endloop
  endfacet
  facet normal 0 -0.997855 0.0654682
    outer loop
      vertex 0.589999 20 6.15
      vertex 0 19.9529 5.43211
      vertex 0.589999 19.9529 5.43211
    endloop
  endfacet
  facet normal -0 0.555566 0.831472
    outer loop
      vertex 0 11.75 1.38686
      vertex 0.589999 11.1518 1.78656
      vertex 0.589999 11.75 1.38686
    endloop
  endfacet
  facet normal 0 0.555566 0.831472
    outer loop
      vertex 0.589999 11.1518 1.78656
      vertex 0 11.75 1.38686
      vertex 0 11.1518 1.78656
    endloop
  endfacet
  facet normal 0 0.751879 0.659301
    outer loop
      vertex 0.589999 10.6109 2.26091
      vertex 0 10.1366 2.80181
      vertex 0.589999 10.1366 2.80181
    endloop
  endfacet
  facet normal 0 0.751879 0.659301
    outer loop
      vertex 0 10.1366 2.80181
      vertex 0.589999 10.6109 2.26091
      vertex 0 10.6109 2.26091
    endloop
  endfacet
  facet normal 0 -0.997855 -0.0654682
    outer loop
      vertex 0 20 6.15
      vertex 0.589999 19.9529 6.86789
      vertex 0 19.9529 6.86789
    endloop
  endfacet
  facet normal 0 -0.997855 -0.0654682
    outer loop
      vertex 0.589999 19.9529 6.86789
      vertex 0 20 6.15
      vertex 0.589999 20 6.15
    endloop
  endfacet
  facet normal 0 0.946933 -0.321431
    outer loop
      vertex 0.589999 9.18741 7.5735
      vertex 0 9.41866 8.25476
      vertex 0.589999 9.41866 8.25476
    endloop
  endfacet
  facet normal 0 0.946933 -0.321431
    outer loop
      vertex 0 9.41866 8.25476
      vertex 0.589999 9.18741 7.5735
      vertex 0 9.18741 7.5735
    endloop
  endfacet
  facet normal 0 -0.0654673 -0.997855
    outer loop
      vertex 0 14.5 11.65
      vertex 0.589999 15.2179 11.6029
      vertex 0.589999 14.5 11.65
    endloop
  endfacet
  facet normal -0 -0.0654673 -0.997855
    outer loop
      vertex 0.589999 15.2179 11.6029
      vertex 0 14.5 11.65
      vertex 0 15.2179 11.6029
    endloop
  endfacet
  facet normal 0 -0.751885 -0.659294
    outer loop
      vertex 0 18.8634 9.49819
      vertex 0.589999 18.3891 10.0391
      vertex 0 18.3891 10.0391
    endloop
  endfacet
  facet normal 0 -0.751885 -0.659294
    outer loop
      vertex 0.589999 18.3891 10.0391
      vertex 0 18.8634 9.49819
      vertex 0.589999 18.8634 9.49819
    endloop
  endfacet
  facet normal 0 0.659301 -0.751879
    outer loop
      vertex 0 10.6109 10.0391
      vertex 0.589999 11.1518 10.5134
      vertex 0.589999 10.6109 10.0391
    endloop
  endfacet
  facet normal 0 0.659301 -0.751879
    outer loop
      vertex 0.589999 11.1518 10.5134
      vertex 0 10.6109 10.0391
      vertex 0 11.1518 10.5134
    endloop
  endfacet
  facet normal 0 0.997859 -0.065399
    outer loop
      vertex 0.589999 9 6.15
      vertex 0 9.04705 6.86789
      vertex 0.589999 9.04705 6.86789
    endloop
  endfacet
  facet normal 0 0.997859 -0.065399
    outer loop
      vertex 0 9.04705 6.86789
      vertex 0.589999 9 6.15
      vertex 0 9 6.15
    endloop
  endfacet
  facet normal -1 0 0
    outer loop
      vertex 22.4 27.4 4.3
      vertex 22.4 29 11.3
      vertex 22.4 29 4.3
    endloop
  endfacet
  facet normal -1 -0 0
    outer loop
      vertex 22.4 29 11.3
      vertex 22.4 27.4 4.3
      vertex 22.4 27.4 11.3
    endloop
  endfacet
  facet normal 0 0 -1
    outer loop
      vertex 9.4 27.4 11.3
      vertex 22.4 29 11.3
      vertex 22.4 27.4 11.3
    endloop
  endfacet
  facet normal -0 0 -1
    outer loop
      vertex 22.4 29 11.3
      vertex 9.4 27.4 11.3
      vertex 9.4 29 11.3
    endloop
  endfacet
  facet normal -0 0 1
    outer loop
      vertex 9.4 29 4.3
      vertex 22.4 27.4 4.3
      vertex 22.4 29 4.3
    endloop
  endfacet
  facet normal 0 0 1
    outer loop
      vertex 22.4 27.4 4.3
      vertex 9.4 29 4.3
      vertex 9.4 27.4 4.3
    endloop
  endfacet
  facet normal 1 -0 0
    outer loop
      vertex 9.4 27.4 11.3
      vertex 9.4 29 4.3
      vertex 9.4 29 11.3
    endloop
  endfacet
  facet normal 1 0 0
    outer loop
      vertex 9.4 29 4.3
      vertex 9.4 27.4 11.3
      vertex 9.4 27.4 4.3
    endloop
  endfacet
  facet normal -0.98078 0 0.195116
    outer loop
      vertex 8.12444 27.4 8.60589
      vertex 8.14358 29 8.7021
      vertex 8.12444 29 8.60589
    endloop
  endfacet
  facet normal -0.98078 0 0.195116
    outer loop
      vertex 8.14358 29 8.7021
      vertex 8.12444 27.4 8.60589
      vertex 8.14358 27.4 8.7021
    endloop
  endfacet
  facet normal -0.997857 0 0.0654366
    outer loop
      vertex 8.14358 27.4 8.7021
      vertex 8.15 29 8.8
      vertex 8.14358 29 8.7021
    endloop
  endfacet
  facet normal -0.997857 0 0.0654366
    outer loop
      vertex 8.15 29 8.8
      vertex 8.14358 27.4 8.7021
      vertex 8.15 27.4 8.8
    endloop
  endfacet
  facet normal -0.65937 0 0.751819
    outer loop
      vertex 7.85657 29 8.20498
      vertex 7.93033 27.4 8.26967
      vertex 7.93033 29 8.26967
    endloop
  endfacet
  facet normal -0.65937 0 0.751819
    outer loop
      vertex 7.93033 27.4 8.26967
      vertex 7.85657 29 8.20498
      vertex 7.85657 27.4 8.20498
    endloop
  endfacet
  facet normal -0.442273 0 -0.89688
    outer loop
      vertex 7.68701 27.4 9.49291
      vertex 7.775 29 9.44952
      vertex 7.775 27.4 9.44952
    endloop
  endfacet
  facet normal -0.442273 0 -0.89688
    outer loop
      vertex 7.775 29 9.44952
      vertex 7.68701 27.4 9.49291
      vertex 7.68701 29 9.49291
    endloop
  endfacet
  facet normal -0.195097 0 -0.980784
    outer loop
      vertex 7.49789 27.4 9.54358
      vertex 7.59411 29 9.52444
      vertex 7.59411 27.4 9.52444
    endloop
  endfacet
  facet normal -0.195097 0 -0.980784
    outer loop
      vertex 7.59411 29 9.52444
      vertex 7.49789 27.4 9.54358
      vertex 7.49789 29 9.54358
    endloop
  endfacet
  facet normal 0.946947 0 -0.321391
    outer loop
      vertex 6.70709 27.4 9.08701
      vertex 6.67556 29 8.99411
      vertex 6.70709 29 9.08701
    endloop
  endfacet
  facet normal 0.946947 0 -0.321391
    outer loop
      vertex 6.67556 29 8.99411
      vertex 6.70709 27.4 9.08701
      vertex 6.67556 27.4 8.99411
    endloop
  endfacet
  facet normal -0.997856 0 -0.0654432
    outer loop
      vertex 8.15 27.4 8.8
      vertex 8.14358 29 8.89789
      vertex 8.15 29 8.8
    endloop
  endfacet
  facet normal -0.997856 -0 -0.0654432
    outer loop
      vertex 8.14358 29 8.89789
      vertex 8.15 27.4 8.8
      vertex 8.14358 27.4 8.89789
    endloop
  endfacet
  facet normal -0.831438 0 0.555617
    outer loop
      vertex 7.99501 27.4 8.34343
      vertex 8.04952 29 8.425
      vertex 7.99501 29 8.34343
    endloop
  endfacet
  facet normal -0.831438 0 0.555617
    outer loop
      vertex 8.04952 29 8.425
      vertex 7.99501 27.4 8.34343
      vertex 8.04952 27.4 8.425
    endloop
  endfacet
  facet normal 0.555617 0 -0.831438
    outer loop
      vertex 6.94343 27.4 9.39501
      vertex 7.025 29 9.44952
      vertex 7.025 27.4 9.44952
    endloop
  endfacet
  facet normal 0.555617 0 -0.831438
    outer loop
      vertex 7.025 29 9.44952
      vertex 6.94343 27.4 9.39501
      vertex 6.94343 29 9.39501
    endloop
  endfacet
  facet normal 0.980784 0 -0.195097
    outer loop
      vertex 6.67556 27.4 8.99411
      vertex 6.65642 29 8.89789
      vertex 6.67556 29 8.99411
    endloop
  endfacet
  facet normal 0.980784 0 -0.195097
    outer loop
      vertex 6.65642 29 8.89789
      vertex 6.67556 27.4 8.99411
      vertex 6.65642 27.4 8.89789
    endloop
  endfacet
  facet normal -0.751869 0 -0.659312
    outer loop
      vertex 7.99501 27.4 9.25657
      vertex 7.93033 29 9.33033
      vertex 7.99501 29 9.25657
    endloop
  endfacet
  facet normal -0.751869 -0 -0.659312
    outer loop
      vertex 7.93033 29 9.33033
      vertex 7.99501 27.4 9.25657
      vertex 7.93033 27.4 9.33033
    endloop
  endfacet
  facet normal -0.980784 0 -0.195097
    outer loop
      vertex 8.14358 27.4 8.89789
      vertex 8.12444 29 8.99411
      vertex 8.14358 29 8.89789
    endloop
  endfacet
  facet normal -0.980784 -0 -0.195097
    outer loop
      vertex 8.12444 29 8.99411
      vertex 8.14358 27.4 8.89789
      vertex 8.12444 27.4 8.99411
    endloop
  endfacet
  facet normal -0.946947 0 -0.321391
    outer loop
      vertex 8.12444 27.4 8.99411
      vertex 8.09291 29 9.08701
      vertex 8.12444 29 8.99411
    endloop
  endfacet
  facet normal -0.946947 -0 -0.321391
    outer loop
      vertex 8.09291 29 9.08701
      vertex 8.12444 27.4 8.99411
      vertex 8.09291 27.4 9.08701
    endloop
  endfacet
  facet normal 0.65937 0 0.751819
    outer loop
      vertex 6.86967 29 8.26967
      vertex 6.94343 27.4 8.20498
      vertex 6.94343 29 8.20498
    endloop
  endfacet
  facet normal 0.65937 0 0.751819
    outer loop
      vertex 6.94343 27.4 8.20498
      vertex 6.86967 29 8.26967
      vertex 6.86967 27.4 8.26967
    endloop
  endfacet
  facet normal 0.555547 0 0.831485
    outer loop
      vertex 6.94343 29 8.20498
      vertex 7.025 27.4 8.15048
      vertex 7.025 29 8.15048
    endloop
  endfacet
  facet normal 0.555547 0 0.831485
    outer loop
      vertex 7.025 27.4 8.15048
      vertex 6.94343 29 8.20498
      vertex 6.94343 27.4 8.20498
    endloop
  endfacet
  facet normal -0.555547 0 0.831485
    outer loop
      vertex 7.775 29 8.15048
      vertex 7.85657 27.4 8.20498
      vertex 7.85657 29 8.20498
    endloop
  endfacet
  facet normal -0.555547 0 0.831485
    outer loop
      vertex 7.85657 27.4 8.20498
      vertex 7.775 29 8.15048
      vertex 7.775 27.4 8.15048
    endloop
  endfacet
  facet normal 0.195097 0 -0.980784
    outer loop
      vertex 7.20588 27.4 9.52444
      vertex 7.3021 29 9.54358
      vertex 7.3021 27.4 9.54358
    endloop
  endfacet
  facet normal 0.195097 0 -0.980784
    outer loop
      vertex 7.3021 29 9.54358
      vertex 7.20588 27.4 9.52444
      vertex 7.20588 29 9.52444
    endloop
  endfacet
  facet normal 0.831485 0 -0.555547
    outer loop
      vertex 6.80498 27.4 9.25657
      vertex 6.75048 29 9.175
      vertex 6.80498 29 9.25657
    endloop
  endfacet
  facet normal 0.831485 0 -0.555547
    outer loop
      vertex 6.75048 29 9.175
      vertex 6.80498 27.4 9.25657
      vertex 6.75048 27.4 9.175
    endloop
  endfacet
  facet normal -0.321391 0 -0.946947
    outer loop
      vertex 7.59411 27.4 9.52444
      vertex 7.68701 29 9.49291
      vertex 7.68701 27.4 9.49291
    endloop
  endfacet
  facet normal -0.321391 0 -0.946947
    outer loop
      vertex 7.68701 29 9.49291
      vertex 7.59411 27.4 9.52444
      vertex 7.59411 29 9.52444
    endloop
  endfacet
  facet normal 0.321513 0 0.946905
    outer loop
      vertex 7.11299 29 8.10709
      vertex 7.20588 27.4 8.07555
      vertex 7.20588 29 8.07555
    endloop
  endfacet
  facet normal 0.321513 0 0.946905
    outer loop
      vertex 7.20588 27.4 8.07555
      vertex 7.11299 29 8.10709
      vertex 7.11299 27.4 8.10709
    endloop
  endfacet
  facet normal -0.0654432 0 0.997856
    outer loop
      vertex 7.4 29 8.05
      vertex 7.49789 27.4 8.05642
      vertex 7.49789 29 8.05642
    endloop
  endfacet
  facet normal -0.0654432 0 0.997856
    outer loop
      vertex 7.49789 27.4 8.05642
      vertex 7.4 29 8.05
      vertex 7.4 27.4 8.05
    endloop
  endfacet
  facet normal -0.659312 0 -0.751869
    outer loop
      vertex 7.85657 27.4 9.39501
      vertex 7.93033 29 9.33033
      vertex 7.93033 27.4 9.33033
    endloop
  endfacet
  facet normal -0.659312 0 -0.751869
    outer loop
      vertex 7.93033 29 9.33033
      vertex 7.85657 27.4 9.39501
      vertex 7.85657 29 9.39501
    endloop
  endfacet
  facet normal -0.0654432 0 -0.997856
    outer loop
      vertex 7.4 27.4 9.55
      vertex 7.49789 29 9.54358
      vertex 7.49789 27.4 9.54358
    endloop
  endfacet
  facet normal -0.0654432 0 -0.997856
    outer loop
      vertex 7.49789 29 9.54358
      vertex 7.4 27.4 9.55
      vertex 7.4 29 9.55
    endloop
  endfacet
  facet normal -0.89688 0 0.442273
    outer loop
      vertex 8.04952 27.4 8.425
      vertex 8.09291 29 8.51299
      vertex 8.04952 29 8.425
    endloop
  endfacet
  facet normal -0.89688 0 0.442273
    outer loop
      vertex 8.09291 29 8.51299
      vertex 8.04952 27.4 8.425
      vertex 8.09291 27.4 8.51299
    endloop
  endfacet
  facet normal -0.555617 0 -0.831438
    outer loop
      vertex 7.775 27.4 9.44952
      vertex 7.85657 29 9.39501
      vertex 7.85657 27.4 9.39501
    endloop
  endfacet
  facet normal -0.555617 0 -0.831438
    outer loop
      vertex 7.85657 29 9.39501
      vertex 7.775 27.4 9.44952
      vertex 7.775 29 9.44952
    endloop
  endfacet
  facet normal 0.442273 0 0.89688
    outer loop
      vertex 7.025 29 8.15048
      vertex 7.11299 27.4 8.10709
      vertex 7.11299 29 8.10709
    endloop
  endfacet
  facet normal 0.442273 0 0.89688
    outer loop
      vertex 7.11299 27.4 8.10709
      vertex 7.025 29 8.15048
      vertex 7.025 27.4 8.15048
    endloop
  endfacet
  facet normal 0.194999 0 0.980804
    outer loop
      vertex 7.20588 29 8.07555
      vertex 7.3021 27.4 8.05642
      vertex 7.3021 29 8.05642
    endloop
  endfacet
  facet normal 0.194999 0 0.980804
    outer loop
      vertex 7.3021 27.4 8.05642
      vertex 7.20588 29 8.07555
      vertex 7.20588 27.4 8.07555
    endloop
  endfacet
  facet normal -0.442273 0 0.89688
    outer loop
      vertex 7.68701 29 8.10709
      vertex 7.775 27.4 8.15048
      vertex 7.775 29 8.15048
    endloop
  endfacet
  facet normal -0.442273 0 0.89688
    outer loop
      vertex 7.775 27.4 8.15048
      vertex 7.68701 29 8.10709
      vertex 7.68701 27.4 8.10709
    endloop
  endfacet
  facet normal 0.89688 -0 0.442273
    outer loop
      vertex 6.70709 27.4 8.51299
      vertex 6.75048 29 8.425
      vertex 6.70709 29 8.51299
    endloop
  endfacet
  facet normal 0.89688 0 0.442273
    outer loop
      vertex 6.75048 29 8.425
      vertex 6.70709 27.4 8.51299
      vertex 6.75048 27.4 8.425
    endloop
  endfacet
  facet normal -0.321482 0 0.946916
    outer loop
      vertex 7.59411 29 8.07555
      vertex 7.68701 27.4 8.10709
      vertex 7.68701 29 8.10709
    endloop
  endfacet
  facet normal -0.321482 0 0.946916
    outer loop
      vertex 7.68701 27.4 8.10709
      vertex 7.59411 29 8.07555
      vertex 7.59411 27.4 8.07555
    endloop
  endfacet
  facet normal -0.831438 0 -0.555617
    outer loop
      vertex 8.04952 27.4 9.175
      vertex 7.99501 29 9.25657
      vertex 8.04952 29 9.175
    endloop
  endfacet
  facet normal -0.831438 -0 -0.555617
    outer loop
      vertex 7.99501 29 9.25657
      vertex 8.04952 27.4 9.175
      vertex 7.99501 27.4 9.25657
    endloop
  endfacet
  facet normal 0.831485 -0 0.555547
    outer loop
      vertex 6.75048 27.4 8.425
      vertex 6.80498 29 8.34343
      vertex 6.75048 29 8.425
    endloop
  endfacet
  facet normal 0.831485 0 0.555547
    outer loop
      vertex 6.80498 29 8.34343
      vertex 6.75048 27.4 8.425
      vertex 6.80498 27.4 8.34343
    endloop
  endfacet
  facet normal -0.194999 0 0.980804
    outer loop
      vertex 7.49789 29 8.05642
      vertex 7.59411 27.4 8.07555
      vertex 7.59411 29 8.07555
    endloop
  endfacet
  facet normal -0.194999 0 0.980804
    outer loop
      vertex 7.59411 27.4 8.07555
      vertex 7.49789 29 8.05642
      vertex 7.49789 27.4 8.05642
    endloop
  endfacet
  facet normal 0.0654366 0 -0.997857
    outer loop
      vertex 7.3021 27.4 9.54358
      vertex 7.4 29 9.55
      vertex 7.4 27.4 9.55
    endloop
  endfacet
  facet normal 0.0654366 0 -0.997857
    outer loop
      vertex 7.4 29 9.55
      vertex 7.3021 27.4 9.54358
      vertex 7.3021 29 9.54358
    endloop
  endfacet
  facet normal 0.751819 0 -0.65937
    outer loop
      vertex 6.86967 27.4 9.33033
      vertex 6.80498 29 9.25657
      vertex 6.86967 29 9.33033
    endloop
  endfacet
  facet normal 0.751819 0 -0.65937
    outer loop
      vertex 6.80498 29 9.25657
      vertex 6.86967 27.4 9.33033
      vertex 6.80498 27.4 9.25657
    endloop
  endfacet
  facet normal 0.997856 0 -0.0654432
    outer loop
      vertex 6.65642 27.4 8.89789
      vertex 6.65 29 8.8
      vertex 6.65642 29 8.89789
    endloop
  endfacet
  facet normal 0.997856 0 -0.0654432
    outer loop
      vertex 6.65 29 8.8
      vertex 6.65642 27.4 8.89789
      vertex 6.65 27.4 8.8
    endloop
  endfacet
  facet normal 0.321422 0 -0.946936
    outer loop
      vertex 7.11299 27.4 9.49291
      vertex 7.20588 29 9.52444
      vertex 7.20588 27.4 9.52444
    endloop
  endfacet
  facet normal 0.321422 0 -0.946936
    outer loop
      vertex 7.20588 29 9.52444
      vertex 7.11299 27.4 9.49291
      vertex 7.11299 29 9.49291
    endloop
  endfacet
  facet normal -0.751869 0 0.659312
    outer loop
      vertex 7.93033 27.4 8.26967
      vertex 7.99501 29 8.34343
      vertex 7.93033 29 8.26967
    endloop
  endfacet
  facet normal -0.751869 0 0.659312
    outer loop
      vertex 7.99501 29 8.34343
      vertex 7.93033 27.4 8.26967
      vertex 7.99501 27.4 8.34343
    endloop
  endfacet
  facet normal -0.946947 0 0.321391
    outer loop
      vertex 8.09291 27.4 8.51299
      vertex 8.12444 29 8.60589
      vertex 8.09291 29 8.51299
    endloop
  endfacet
  facet normal -0.946947 0 0.321391
    outer loop
      vertex 8.12444 29 8.60589
      vertex 8.09291 27.4 8.51299
      vertex 8.12444 27.4 8.60589
    endloop
  endfacet
  facet normal 0.946947 -0 0.321391
    outer loop
      vertex 6.67556 27.4 8.60589
      vertex 6.70709 29 8.51299
      vertex 6.67556 29 8.60589
    endloop
  endfacet
  facet normal 0.946947 0 0.321391
    outer loop
      vertex 6.70709 29 8.51299
      vertex 6.67556 27.4 8.60589
      vertex 6.70709 27.4 8.51299
    endloop
  endfacet
  facet normal 0.442273 0 -0.89688
    outer loop
      vertex 7.025 27.4 9.44952
      vertex 7.11299 29 9.49291
      vertex 7.11299 27.4 9.49291
    endloop
  endfacet
  facet normal 0.442273 0 -0.89688
    outer loop
      vertex 7.11299 29 9.49291
      vertex 7.025 27.4 9.44952
      vertex 7.025 29 9.44952
    endloop
  endfacet
  facet normal 0.98078 -0 0.195116
    outer loop
      vertex 6.65642 27.4 8.7021
      vertex 6.67556 29 8.60589
      vertex 6.65642 29 8.7021
    endloop
  endfacet
  facet normal 0.98078 0 0.195116
    outer loop
      vertex 6.67556 29 8.60589
      vertex 6.65642 27.4 8.7021
      vertex 6.67556 27.4 8.60589
    endloop
  endfacet
  facet normal 0.997857 -0 0.0654366
    outer loop
      vertex 6.65 27.4 8.8
      vertex 6.65642 29 8.7021
      vertex 6.65 29 8.8
    endloop
  endfacet
  facet normal 0.997857 0 0.0654366
    outer loop
      vertex 6.65642 29 8.7021
      vertex 6.65 27.4 8.8
      vertex 6.65642 27.4 8.7021
    endloop
  endfacet
  facet normal 0.89688 0 -0.442273
    outer loop
      vertex 6.75048 27.4 9.175
      vertex 6.70709 29 9.08701
      vertex 6.75048 29 9.175
    endloop
  endfacet
  facet normal 0.89688 0 -0.442273
    outer loop
      vertex 6.70709 29 9.08701
      vertex 6.75048 27.4 9.175
      vertex 6.70709 27.4 9.08701
    endloop
  endfacet
  facet normal 0.751819 -0 0.65937
    outer loop
      vertex 6.80498 27.4 8.34343
      vertex 6.86967 29 8.26967
      vertex 6.80498 29 8.34343
    endloop
  endfacet
  facet normal 0.751819 0 0.65937
    outer loop
      vertex 6.86967 29 8.26967
      vertex 6.80498 27.4 8.34343
      vertex 6.86967 27.4 8.26967
    endloop
  endfacet
  facet normal 0.659312 0 -0.751869
    outer loop
      vertex 6.86967 27.4 9.33033
      vertex 6.94343 29 9.39501
      vertex 6.94343 27.4 9.39501
    endloop
  endfacet
  facet normal 0.659312 0 -0.751869
    outer loop
      vertex 6.94343 29 9.39501
      vertex 6.86967 27.4 9.33033
      vertex 6.86967 29 9.33033
    endloop
  endfacet
  facet normal 0.0654366 0 0.997857
    outer loop
      vertex 7.3021 29 8.05642
      vertex 7.4 27.4 8.05
      vertex 7.4 29 8.05
    endloop
  endfacet
  facet normal 0.0654366 0 0.997857
    outer loop
      vertex 7.4 27.4 8.05
      vertex 7.3021 29 8.05642
      vertex 7.3021 27.4 8.05642
    endloop
  endfacet
  facet normal -0.89688 0 -0.442273
    outer loop
      vertex 8.09291 27.4 9.08701
      vertex 8.04952 29 9.175
      vertex 8.09291 29 9.08701
    endloop
  endfacet
  facet normal -0.89688 -0 -0.442273
    outer loop
      vertex 8.04952 29 9.175
      vertex 8.09291 27.4 9.08701
      vertex 8.04952 27.4 9.175
    endloop
  endfacet
  facet normal 0 0.896874 -0.442286
    outer loop
      vertex 74 8.46746 5.8419
      vertex 72.4 8.59474 6.1
      vertex 74 8.59474 6.1
    endloop
  endfacet
  facet normal 0 0.896874 -0.442286
    outer loop
      vertex 72.4 8.59474 6.1
      vertex 74 8.46746 5.8419
      vertex 72.4 8.46746 5.8419
    endloop
  endfacet
  facet normal 0 -0.896984 0.442063
    outer loop
      vertex 72.4 12.4053 3.9
      vertex 74 12.5325 4.1581
      vertex 72.4 12.5325 4.1581
    endloop
  endfacet
  facet normal 0 -0.896984 0.442063
    outer loop
      vertex 74 12.5325 4.1581
      vertex 72.4 12.4053 3.9
      vertex 74 12.4053 3.9
    endloop
  endfacet
  facet normal 0 0.751844 0.659341
    outer loop
      vertex 74 8.94436 3.44436
      vertex 72.4 8.75462 3.66072
      vertex 74 8.75462 3.66072
    endloop
  endfacet
  facet normal 0 0.751844 0.659341
    outer loop
      vertex 72.4 8.75462 3.66072
      vertex 74 8.94436 3.44436
      vertex 72.4 8.94436 3.44436
    endloop
  endfacet
  facet normal 0 -0.065389 0.99786
    outer loop
      vertex 72.4 10.7872 2.81882
      vertex 74 10.5 2.8
      vertex 74 10.7872 2.81882
    endloop
  endfacet
  facet normal 0 -0.065389 0.99786
    outer loop
      vertex 74 10.5 2.8
      vertex 72.4 10.7872 2.81882
      vertex 72.4 10.5 2.8
    endloop
  endfacet
  facet normal 0 0.997859 0.0653981
    outer loop
      vertex 74 8.31882 4.71284
      vertex 72.4 8.3 5
      vertex 74 8.3 5
    endloop
  endfacet
  facet normal 0 0.997859 0.0653981
    outer loop
      vertex 72.4 8.3 5
      vertex 74 8.31882 4.71284
      vertex 72.4 8.31882 4.71284
    endloop
  endfacet
  facet normal 0 -0.659444 0.751754
    outer loop
      vertex 72.4 12.0556 3.44436
      vertex 74 11.8393 3.25462
      vertex 74 12.0556 3.44436
    endloop
  endfacet
  facet normal 0 -0.659444 0.751754
    outer loop
      vertex 74 11.8393 3.25462
      vertex 72.4 12.0556 3.44436
      vertex 72.4 11.8393 3.25462
    endloop
  endfacet
  facet normal -0 0.321435 0.946931
    outer loop
      vertex 72.4 9.9306 2.87496
      vertex 74 9.6581 2.96746
      vertex 74 9.9306 2.87496
    endloop
  endfacet
  facet normal 0 0.321435 0.946931
    outer loop
      vertex 74 9.6581 2.96746
      vertex 72.4 9.9306 2.87496
      vertex 72.4 9.6581 2.96746
    endloop
  endfacet
  facet normal -0 0.065389 0.99786
    outer loop
      vertex 72.4 10.5 2.8
      vertex 74 10.2128 2.81882
      vertex 74 10.5 2.8
    endloop
  endfacet
  facet normal 0 0.065389 0.99786
    outer loop
      vertex 74 10.2128 2.81882
      vertex 72.4 10.5 2.8
      vertex 72.4 10.2128 2.81882
    endloop
  endfacet
  facet normal 0 -0.997864 -0.0653289
    outer loop
      vertex 72.4 12.7 5
      vertex 74 12.6812 5.28716
      vertex 72.4 12.6812 5.28716
    endloop
  endfacet
  facet normal 0 -0.997864 -0.0653289
    outer loop
      vertex 74 12.6812 5.28716
      vertex 72.4 12.7 5
      vertex 74 12.7 5
    endloop
  endfacet
  facet normal 0 -0.555534 -0.831494
    outer loop
      vertex 72.4 11.6 6.90526
      vertex 74 11.8393 6.74538
      vertex 74 11.6 6.90526
    endloop
  endfacet
  facet normal -0 -0.555534 -0.831494
    outer loop
      vertex 74 11.8393 6.74538
      vertex 72.4 11.6 6.90526
      vertex 72.4 11.8393 6.74538
    endloop
  endfacet
  facet normal -0 0.555566 0.831472
    outer loop
      vertex 72.4 9.4 3.09474
      vertex 74 9.16072 3.25462
      vertex 74 9.4 3.09474
    endloop
  endfacet
  facet normal 0 0.555566 0.831472
    outer loop
      vertex 74 9.16072 3.25462
      vertex 72.4 9.4 3.09474
      vertex 72.4 9.16072 3.25462
    endloop
  endfacet
  facet normal -0 0.442286 0.896874
    outer loop
      vertex 72.4 9.6581 2.96746
      vertex 74 9.4 3.09474
      vertex 74 9.6581 2.96746
    endloop
  endfacet
  facet normal 0 0.442286 0.896874
    outer loop
      vertex 74 9.4 3.09474
      vertex 72.4 9.6581 2.96746
      vertex 72.4 9.4 3.09474
    endloop
  endfacet
  facet normal 0 0.896874 0.442286
    outer loop
      vertex 74 8.59474 3.9
      vertex 72.4 8.46746 4.1581
      vertex 74 8.46746 4.1581
    endloop
  endfacet
  facet normal 0 0.896874 0.442286
    outer loop
      vertex 72.4 8.46746 4.1581
      vertex 74 8.59474 3.9
      vertex 72.4 8.59474 3.9
    endloop
  endfacet
  facet normal 0 -0.195113 0.980781
    outer loop
      vertex 72.4 11.0694 2.87496
      vertex 74 10.7872 2.81882
      vertex 74 11.0694 2.87496
    endloop
  endfacet
  facet normal 0 -0.195113 0.980781
    outer loop
      vertex 74 10.7872 2.81882
      vertex 72.4 11.0694 2.87496
      vertex 72.4 10.7872 2.81882
    endloop
  endfacet
  facet normal 0 0.195113 -0.980781
    outer loop
      vertex 72.4 9.9306 7.12504
      vertex 74 10.2128 7.18118
      vertex 74 9.9306 7.12504
    endloop
  endfacet
  facet normal 0 0.195113 -0.980781
    outer loop
      vertex 74 10.2128 7.18118
      vertex 72.4 9.9306 7.12504
      vertex 72.4 10.2128 7.18118
    endloop
  endfacet
  facet normal 0 -0.442286 0.896874
    outer loop
      vertex 72.4 11.6 3.09474
      vertex 74 11.3419 2.96746
      vertex 74 11.6 3.09474
    endloop
  endfacet
  facet normal 0 -0.442286 0.896874
    outer loop
      vertex 74 11.3419 2.96746
      vertex 72.4 11.6 3.09474
      vertex 72.4 11.3419 2.96746
    endloop
  endfacet
  facet normal 0 0.980786 0.195087
    outer loop
      vertex 74 8.37496 4.4306
      vertex 72.4 8.31882 4.71284
      vertex 74 8.31882 4.71284
    endloop
  endfacet
  facet normal 0 0.980786 0.195087
    outer loop
      vertex 72.4 8.31882 4.71284
      vertex 74 8.37496 4.4306
      vertex 72.4 8.37496 4.4306
    endloop
  endfacet
  facet normal 0 0.980786 -0.195087
    outer loop
      vertex 74 8.31882 5.28716
      vertex 72.4 8.37496 5.5694
      vertex 74 8.37496 5.5694
    endloop
  endfacet
  facet normal 0 0.980786 -0.195087
    outer loop
      vertex 72.4 8.37496 5.5694
      vertex 74 8.31882 5.28716
      vertex 72.4 8.31882 5.28716
    endloop
  endfacet
  facet normal 0 0.831472 0.555566
    outer loop
      vertex 74 8.75462 3.66072
      vertex 72.4 8.59474 3.9
      vertex 74 8.59474 3.9
    endloop
  endfacet
  facet normal 0 0.831472 0.555566
    outer loop
      vertex 72.4 8.59474 3.9
      vertex 74 8.75462 3.66072
      vertex 72.4 8.75462 3.66072
    endloop
  endfacet
  facet normal 0 -0.659464 -0.751736
    outer loop
      vertex 72.4 11.8393 6.74538
      vertex 74 12.0556 6.55563
      vertex 74 11.8393 6.74538
    endloop
  endfacet
  facet normal -0 -0.659464 -0.751736
    outer loop
      vertex 74 12.0556 6.55563
      vertex 72.4 11.8393 6.74538
      vertex 72.4 12.0556 6.55563
    endloop
  endfacet
  facet normal -0 0.659341 0.751844
    outer loop
      vertex 72.4 9.16072 3.25462
      vertex 74 8.94436 3.44436
      vertex 74 9.16072 3.25462
    endloop
  endfacet
  facet normal 0 0.659341 0.751844
    outer loop
      vertex 74 8.94436 3.44436
      vertex 72.4 9.16072 3.25462
      vertex 72.4 8.94436 3.44436
    endloop
  endfacet
  facet normal 0 -0.555534 0.831494
    outer loop
      vertex 72.4 11.8393 3.25462
      vertex 74 11.6 3.09474
      vertex 74 11.8393 3.25462
    endloop
  endfacet
  facet normal 0 -0.555534 0.831494
    outer loop
      vertex 74 11.6 3.09474
      vertex 72.4 11.8393 3.25462
      vertex 72.4 11.6 3.09474
    endloop
  endfacet
  facet normal 0 -0.946931 0.321435
    outer loop
      vertex 72.4 12.5325 4.1581
      vertex 74 12.625 4.4306
      vertex 72.4 12.625 4.4306
    endloop
  endfacet
  facet normal 0 -0.946931 0.321435
    outer loop
      vertex 74 12.625 4.4306
      vertex 72.4 12.5325 4.1581
      vertex 74 12.5325 4.1581
    endloop
  endfacet
  facet normal 0 -0.751741 0.659458
    outer loop
      vertex 72.4 12.0556 3.44436
      vertex 74 12.2454 3.66072
      vertex 72.4 12.2454 3.66072
    endloop
  endfacet
  facet normal 0 -0.751741 0.659458
    outer loop
      vertex 74 12.2454 3.66072
      vertex 72.4 12.0556 3.44436
      vertex 74 12.0556 3.44436
    endloop
  endfacet
  facet normal 0 -0.83144 0.555614
    outer loop
      vertex 72.4 12.2454 3.66072
      vertex 74 12.4053 3.9
      vertex 72.4 12.4053 3.9
    endloop
  endfacet
  facet normal 0 -0.83144 0.555614
    outer loop
      vertex 74 12.4053 3.9
      vertex 72.4 12.2454 3.66072
      vertex 74 12.2454 3.66072
    endloop
  endfacet
  facet normal 0 -0.980746 0.195287
    outer loop
      vertex 72.4 12.625 4.4306
      vertex 74 12.6812 4.71284
      vertex 72.4 12.6812 4.71284
    endloop
  endfacet
  facet normal 0 -0.980746 0.195287
    outer loop
      vertex 74 12.6812 4.71284
      vertex 72.4 12.625 4.4306
      vertex 74 12.625 4.4306
    endloop
  endfacet
  facet normal 0 0.946931 0.321435
    outer loop
      vertex 74 8.46746 4.1581
      vertex 72.4 8.37496 4.4306
      vertex 74 8.37496 4.4306
    endloop
  endfacet
  facet normal 0 0.946931 0.321435
    outer loop
      vertex 72.4 8.37496 4.4306
      vertex 74 8.46746 4.1581
      vertex 72.4 8.46746 4.1581
    endloop
  endfacet
  facet normal 0 -0.980746 -0.195287
    outer loop
      vertex 72.4 12.6812 5.28716
      vertex 74 12.625 5.5694
      vertex 72.4 12.625 5.5694
    endloop
  endfacet
  facet normal 0 -0.980746 -0.195287
    outer loop
      vertex 74 12.625 5.5694
      vertex 72.4 12.6812 5.28716
      vertex 74 12.6812 5.28716
    endloop
  endfacet
  facet normal -0 0.195113 0.980781
    outer loop
      vertex 72.4 10.2128 2.81882
      vertex 74 9.9306 2.87496
      vertex 74 10.2128 2.81882
    endloop
  endfacet
  facet normal 0 0.195113 0.980781
    outer loop
      vertex 74 9.9306 2.87496
      vertex 72.4 10.2128 2.81882
      vertex 72.4 9.9306 2.87496
    endloop
  endfacet
  facet normal 0 -0.751741 -0.659458
    outer loop
      vertex 72.4 12.2454 6.33927
      vertex 74 12.0556 6.55563
      vertex 72.4 12.0556 6.55563
    endloop
  endfacet
  facet normal 0 -0.751741 -0.659458
    outer loop
      vertex 74 12.0556 6.55563
      vertex 72.4 12.2454 6.33927
      vertex 74 12.2454 6.33927
    endloop
  endfacet
  facet normal 0 -0.997864 0.0653289
    outer loop
      vertex 72.4 12.6812 4.71284
      vertex 74 12.7 5
      vertex 72.4 12.7 5
    endloop
  endfacet
  facet normal 0 -0.997864 0.0653289
    outer loop
      vertex 74 12.7 5
      vertex 72.4 12.6812 4.71284
      vertex 74 12.6812 4.71284
    endloop
  endfacet
  facet normal 0 -0.321467 -0.946921
    outer loop
      vertex 72.4 11.0694 7.12504
      vertex 74 11.3419 7.03253
      vertex 74 11.0694 7.12504
    endloop
  endfacet
  facet normal -0 -0.321467 -0.946921
    outer loop
      vertex 74 11.3419 7.03253
      vertex 72.4 11.0694 7.12504
      vertex 72.4 11.3419 7.03253
    endloop
  endfacet
  facet normal 0 0.946931 -0.321435
    outer loop
      vertex 74 8.37496 5.5694
      vertex 72.4 8.46746 5.8419
      vertex 74 8.46746 5.8419
    endloop
  endfacet
  facet normal 0 0.946931 -0.321435
    outer loop
      vertex 72.4 8.46746 5.8419
      vertex 74 8.37496 5.5694
      vertex 72.4 8.37496 5.5694
    endloop
  endfacet
  facet normal 0 -0.065389 -0.99786
    outer loop
      vertex 72.4 10.5 7.2
      vertex 74 10.7872 7.18118
      vertex 74 10.5 7.2
    endloop
  endfacet
  facet normal -0 -0.065389 -0.99786
    outer loop
      vertex 74 10.7872 7.18118
      vertex 72.4 10.5 7.2
      vertex 72.4 10.7872 7.18118
    endloop
  endfacet
  facet normal 0 0.442258 -0.896888
    outer loop
      vertex 72.4 9.4 6.90526
      vertex 74 9.6581 7.03253
      vertex 74 9.4 6.90526
    endloop
  endfacet
  facet normal 0 0.442258 -0.896888
    outer loop
      vertex 74 9.6581 7.03253
      vertex 72.4 9.4 6.90526
      vertex 72.4 9.6581 7.03253
    endloop
  endfacet
  facet normal 0 -0.321435 0.946931
    outer loop
      vertex 72.4 11.3419 2.96746
      vertex 74 11.0694 2.87496
      vertex 74 11.3419 2.96746
    endloop
  endfacet
  facet normal 0 -0.321435 0.946931
    outer loop
      vertex 74 11.0694 2.87496
      vertex 72.4 11.3419 2.96746
      vertex 72.4 11.0694 2.87496
    endloop
  endfacet
  facet normal 0 -0.946931 -0.321435
    outer loop
      vertex 72.4 12.625 5.5694
      vertex 74 12.5325 5.8419
      vertex 72.4 12.5325 5.8419
    endloop
  endfacet
  facet normal 0 -0.946931 -0.321435
    outer loop
      vertex 74 12.5325 5.8419
      vertex 72.4 12.625 5.5694
      vertex 74 12.625 5.5694
    endloop
  endfacet
  facet normal 0 -0.195113 -0.980781
    outer loop
      vertex 72.4 10.7872 7.18118
      vertex 74 11.0694 7.12504
      vertex 74 10.7872 7.18118
    endloop
  endfacet
  facet normal -0 -0.195113 -0.980781
    outer loop
      vertex 74 11.0694 7.12504
      vertex 72.4 10.7872 7.18118
      vertex 72.4 11.0694 7.12504
    endloop
  endfacet
  facet normal 0 -0.896984 -0.442063
    outer loop
      vertex 72.4 12.5325 5.8419
      vertex 74 12.4053 6.1
      vertex 72.4 12.4053 6.1
    endloop
  endfacet
  facet normal 0 -0.896984 -0.442063
    outer loop
      vertex 74 12.4053 6.1
      vertex 72.4 12.5325 5.8419
      vertex 74 12.5325 5.8419
    endloop
  endfacet
  facet normal 0 0.065389 -0.99786
    outer loop
      vertex 72.4 10.2128 7.18118
      vertex 74 10.5 7.2
      vertex 74 10.2128 7.18118
    endloop
  endfacet
  facet normal 0 0.065389 -0.99786
    outer loop
      vertex 74 10.5 7.2
      vertex 72.4 10.2128 7.18118
      vertex 72.4 10.5 7.2
    endloop
  endfacet
  facet normal 0 0.65936 -0.751827
    outer loop
      vertex 72.4 8.94436 6.55563
      vertex 74 9.16072 6.74538
      vertex 74 8.94436 6.55563
    endloop
  endfacet
  facet normal 0 0.65936 -0.751827
    outer loop
      vertex 74 9.16072 6.74538
      vertex 72.4 8.94436 6.55563
      vertex 72.4 9.16072 6.74538
    endloop
  endfacet
  facet normal 0 0.555566 -0.831472
    outer loop
      vertex 72.4 9.16072 6.74538
      vertex 74 9.4 6.90526
      vertex 74 9.16072 6.74538
    endloop
  endfacet
  facet normal 0 0.555566 -0.831472
    outer loop
      vertex 74 9.4 6.90526
      vertex 72.4 9.16072 6.74538
      vertex 72.4 9.4 6.90526
    endloop
  endfacet
  facet normal 0 0.321467 -0.946921
    outer loop
      vertex 72.4 9.6581 7.03253
      vertex 74 9.9306 7.12504
      vertex 74 9.6581 7.03253
    endloop
  endfacet
  facet normal 0 0.321467 -0.946921
    outer loop
      vertex 74 9.9306 7.12504
      vertex 72.4 9.6581 7.03253
      vertex 72.4 9.9306 7.12504
    endloop
  endfacet
  facet normal 0 -0.83143 -0.55563
    outer loop
      vertex 72.4 12.4053 6.1
      vertex 74 12.2454 6.33927
      vertex 72.4 12.2454 6.33927
    endloop
  endfacet
  facet normal 0 -0.83143 -0.55563
    outer loop
      vertex 74 12.2454 6.33927
      vertex 72.4 12.4053 6.1
      vertex 74 12.4053 6.1
    endloop
  endfacet
  facet normal 0 0.997859 -0.0653981
    outer loop
      vertex 74 8.3 5
      vertex 72.4 8.31882 5.28716
      vertex 74 8.31882 5.28716
    endloop
  endfacet
  facet normal 0 0.997859 -0.0653981
    outer loop
      vertex 72.4 8.31882 5.28716
      vertex 74 8.3 5
      vertex 72.4 8.3 5
    endloop
  endfacet
  facet normal 0 0.831462 -0.555582
    outer loop
      vertex 74 8.59474 6.1
      vertex 72.4 8.75462 6.33927
      vertex 74 8.75462 6.33927
    endloop
  endfacet
  facet normal 0 0.831462 -0.555582
    outer loop
      vertex 72.4 8.75462 6.33927
      vertex 74 8.59474 6.1
      vertex 72.4 8.59474 6.1
    endloop
  endfacet
  facet normal 0 -0.442258 -0.896888
    outer loop
      vertex 72.4 11.3419 7.03253
      vertex 74 11.6 6.90526
      vertex 74 11.3419 7.03253
    endloop
  endfacet
  facet normal -0 -0.442258 -0.896888
    outer loop
      vertex 74 11.6 6.90526
      vertex 72.4 11.3419 7.03253
      vertex 72.4 11.6 6.90526
    endloop
  endfacet
  facet normal 0 0.751844 -0.659341
    outer loop
      vertex 74 8.75462 6.33927
      vertex 72.4 8.94436 6.55563
      vertex 74 8.94436 6.55563
    endloop
  endfacet
  facet normal 0 0.751844 -0.659341
    outer loop
      vertex 72.4 8.94436 6.55563
      vertex 74 8.75462 6.33927
      vertex 72.4 8.75462 6.33927
    endloop
  endfacet
  facet normal 0 0 -1
    outer loop
      vertex 72.4 19 5
      vertex 74 24 5
      vertex 74 19 5
    endloop
  endfacet
  facet normal -0 0 -1
    outer loop
      vertex 74 24 5
      vertex 72.4 19 5
      vertex 72.4 24 5
    endloop
  endfacet
  facet normal -0 0 1
    outer loop
      vertex 72.4 24 3
      vertex 74 19 3
      vertex 74 24 3
    endloop
  endfacet
  facet normal 0 0 1
    outer loop
      vertex 74 19 3
      vertex 72.4 24 3
      vertex 72.4 19 3
    endloop
  endfacet
  facet normal 0 -1 0
    outer loop
      vertex 72.4 24 3
      vertex 74 24 5
      vertex 72.4 24 5
    endloop
  endfacet
  facet normal 0 -1 -0
    outer loop
      vertex 74 24 5
      vertex 72.4 24 3
      vertex 74 24 3
    endloop
  endfacet
  facet normal 0 1 -0
    outer loop
      vertex 74 19 3
      vertex 72.4 19 5
      vertex 74 19 5
    endloop
  endfacet
  facet normal 0 1 0
    outer loop
      vertex 72.4 19 5
      vertex 74 19 3
      vertex 72.4 19 3
    endloop
  endfacet
  facet normal 0 -0.321537 0.946897
    outer loop
      vertex 0 22.7296 5.59567
      vertex 1.60001 22.6553 5.57044
      vertex 1.60001 22.7296 5.59567
    endloop
  endfacet
  facet normal 0 -0.321537 0.946897
    outer loop
      vertex 1.60001 22.6553 5.57044
      vertex 0 22.7296 5.59567
      vertex 0 22.6553 5.57044
    endloop
  endfacet
  facet normal 0 -0.659406 0.751787
    outer loop
      vertex 0 22.9243 5.72574
      vertex 1.60001 22.8653 5.67399
      vertex 1.60001 22.9243 5.72574
    endloop
  endfacet
  facet normal 0 -0.659406 0.751787
    outer loop
      vertex 1.60001 22.8653 5.67399
      vertex 0 22.9243 5.72574
      vertex 0 22.8653 5.67399
    endloop
  endfacet
  facet normal 0 -0.442212 0.89691
    outer loop
      vertex 0 22.8 5.63038
      vertex 1.60001 22.7296 5.59567
      vertex 1.60001 22.8 5.63038
    endloop
  endfacet
  facet normal 0 -0.442212 0.89691
    outer loop
      vertex 1.60001 22.7296 5.59567
      vertex 0 22.8 5.63038
      vertex 0 22.7296 5.59567
    endloop
  endfacet
  facet normal 0 -0.555376 0.831599
    outer loop
      vertex 0 22.8653 5.67399
      vertex 1.60001 22.8 5.63038
      vertex 1.60001 22.8653 5.67399
    endloop
  endfacet
  facet normal 0 -0.555376 0.831599
    outer loop
      vertex 1.60001 22.8 5.63038
      vertex 0 22.8653 5.67399
      vertex 0 22.8 5.63038
    endloop
  endfacet
  facet normal 0 -0.195014 -0.980801
    outer loop
      vertex 0 22.5783 6.74487
      vertex 1.60001 22.6553 6.72956
      vertex 1.60001 22.5783 6.74487
    endloop
  endfacet
  facet normal -0 -0.195014 -0.980801
    outer loop
      vertex 1.60001 22.6553 6.72956
      vertex 0 22.5783 6.74487
      vertex 0 22.6553 6.72956
    endloop
  endfacet
  facet normal 0 -0.0653771 0.997861
    outer loop
      vertex 0 22.5783 5.55513
      vertex 1.60001 22.5 5.55
      vertex 1.60001 22.5783 5.55513
    endloop
  endfacet
  facet normal 0 -0.0653771 0.997861
    outer loop
      vertex 1.60001 22.5 5.55
      vertex 0 22.5783 5.55513
      vertex 0 22.5 5.55
    endloop
  endfacet
  facet normal 0 0.321537 -0.946897
    outer loop
      vertex 0 22.2704 6.70433
      vertex 1.60001 22.3447 6.72956
      vertex 1.60001 22.2704 6.70433
    endloop
  endfacet
  facet normal 0 0.321537 -0.946897
    outer loop
      vertex 1.60001 22.3447 6.72956
      vertex 0 22.2704 6.70433
      vertex 0 22.3447 6.72956
    endloop
  endfacet
  facet normal -0 0.442212 0.89691
    outer loop
      vertex 0 22.2704 5.59567
      vertex 1.60001 22.2 5.63038
      vertex 1.60001 22.2704 5.59567
    endloop
  endfacet
  facet normal 0 0.442212 0.89691
    outer loop
      vertex 1.60001 22.2 5.63038
      vertex 0 22.2704 5.59567
      vertex 0 22.2 5.63038
    endloop
  endfacet
  facet normal 0 -0.659406 -0.751787
    outer loop
      vertex 0 22.8653 6.62601
      vertex 1.60001 22.9243 6.57426
      vertex 1.60001 22.8653 6.62601
    endloop
  endfacet
  facet normal -0 -0.659406 -0.751787
    outer loop
      vertex 1.60001 22.9243 6.57426
      vertex 0 22.8653 6.62601
      vertex 0 22.9243 6.57426
    endloop
  endfacet
  facet normal 0 -0.442315 -0.89686
    outer loop
      vertex 0 22.7296 6.70433
      vertex 1.60001 22.8 6.66961
      vertex 1.60001 22.7296 6.70433
    endloop
  endfacet
  facet normal -0 -0.442315 -0.89686
    outer loop
      vertex 1.60001 22.8 6.66961
      vertex 0 22.7296 6.70433
      vertex 0 22.8 6.66961
    endloop
  endfacet
  facet normal 0 0.195014 -0.980801
    outer loop
      vertex 0 22.3447 6.72956
      vertex 1.60001 22.4217 6.74487
      vertex 1.60001 22.3447 6.72956
    endloop
  endfacet
  facet normal 0 0.195014 -0.980801
    outer loop
      vertex 1.60001 22.4217 6.74487
      vertex 0 22.3447 6.72956
      vertex 0 22.4217 6.74487
    endloop
  endfacet
  facet normal 0 -0.997887 0.0649798
    outer loop
      vertex 0 23.0949 6.07168
      vertex 1.60001 23.1 6.15
      vertex 0 23.1 6.15
    endloop
  endfacet
  facet normal 0 -0.997887 0.0649798
    outer loop
      vertex 1.60001 23.1 6.15
      vertex 0 23.0949 6.07168
      vertex 1.60001 23.0949 6.07168
    endloop
  endfacet
  facet normal 0 0.442315 -0.89686
    outer loop
      vertex 0 22.2 6.66961
      vertex 1.60001 22.2704 6.70433
      vertex 1.60001 22.2 6.66961
    endloop
  endfacet
  facet normal 0 0.442315 -0.89686
    outer loop
      vertex 1.60001 22.2704 6.70433
      vertex 0 22.2 6.66961
      vertex 0 22.2704 6.70433
    endloop
  endfacet
  facet normal 0 -0.831501 0.555523
    outer loop
      vertex 0 22.976 5.78474
      vertex 1.60001 23.0196 5.85
      vertex 0 23.0196 5.85
    endloop
  endfacet
  facet normal 0 -0.831501 0.555523
    outer loop
      vertex 1.60001 23.0196 5.85
      vertex 0 22.976 5.78474
      vertex 1.60001 22.976 5.78474
    endloop
  endfacet
  facet normal 0 -0.752103 0.659046
    outer loop
      vertex 0 22.9243 5.72574
      vertex 1.60001 22.976 5.78474
      vertex 0 22.976 5.78474
    endloop
  endfacet
  facet normal 0 -0.752103 0.659046
    outer loop
      vertex 1.60001 22.976 5.78474
      vertex 0 22.9243 5.72574
      vertex 1.60001 22.9243 5.72574
    endloop
  endfacet
  facet normal 0 -0.0653771 -0.997861
    outer loop
      vertex 0 22.5 6.75
      vertex 1.60001 22.5783 6.74487
      vertex 1.60001 22.5 6.75
    endloop
  endfacet
  facet normal -0 -0.0653771 -0.997861
    outer loop
      vertex 1.60001 22.5783 6.74487
      vertex 0 22.5 6.75
      vertex 0 22.5783 6.74487
    endloop
  endfacet
  facet normal 0 0.896936 0.44216
    outer loop
      vertex 1.60001 21.9804 5.85
      vertex 0 21.9457 5.92039
      vertex 1.60001 21.9457 5.92039
    endloop
  endfacet
  facet normal 0 0.896936 0.44216
    outer loop
      vertex 0 21.9457 5.92039
      vertex 1.60001 21.9804 5.85
      vertex 0 21.9804 5.85
    endloop
  endfacet
  facet normal -0 0.0653771 0.997861
    outer loop
      vertex 0 22.5 5.55
      vertex 1.60001 22.4217 5.55513
      vertex 1.60001 22.5 5.55
    endloop
  endfacet
  facet normal 0 0.0653771 0.997861
    outer loop
      vertex 1.60001 22.4217 5.55513
      vertex 0 22.5 5.55
      vertex 0 22.4217 5.55513
    endloop
  endfacet
  facet normal 0 -0.896936 0.44216
    outer loop
      vertex 0 23.0196 5.85
      vertex 1.60001 23.0543 5.92039
      vertex 0 23.0543 5.92039
    endloop
  endfacet
  facet normal 0 -0.896936 0.44216
    outer loop
      vertex 1.60001 23.0543 5.92039
      vertex 0 23.0196 5.85
      vertex 1.60001 23.0196 5.85
    endloop
  endfacet
  facet normal 0 -0.946652 0.322259
    outer loop
      vertex 0 23.0543 5.92039
      vertex 1.60001 23.0796 5.99471
      vertex 0 23.0796 5.99471
    endloop
  endfacet
  facet normal 0 -0.946652 0.322259
    outer loop
      vertex 1.60001 23.0796 5.99471
      vertex 0 23.0543 5.92039
      vertex 1.60001 23.0543 5.92039
    endloop
  endfacet
  facet normal 0 -0.896936 -0.44216
    outer loop
      vertex 0 23.0543 6.37961
      vertex 1.60001 23.0196 6.45
      vertex 0 23.0196 6.45
    endloop
  endfacet
  facet normal 0 -0.896936 -0.44216
    outer loop
      vertex 1.60001 23.0196 6.45
      vertex 0 23.0543 6.37961
      vertex 1.60001 23.0543 6.37961
    endloop
  endfacet
  facet normal 0 0.752103 0.659046
    outer loop
      vertex 1.60001 22.0757 5.72574
      vertex 0 22.024 5.78474
      vertex 1.60001 22.024 5.78474
    endloop
  endfacet
  facet normal 0 0.752103 0.659046
    outer loop
      vertex 0 22.024 5.78474
      vertex 1.60001 22.0757 5.72574
      vertex 0 22.0757 5.72574
    endloop
  endfacet
  facet normal 0 -0.98081 0.194964
    outer loop
      vertex 0 23.0796 5.99471
      vertex 1.60001 23.0949 6.07168
      vertex 0 23.0949 6.07168
    endloop
  endfacet
  facet normal 0 -0.98081 0.194964
    outer loop
      vertex 1.60001 23.0949 6.07168
      vertex 0 23.0796 5.99471
      vertex 1.60001 23.0796 5.99471
    endloop
  endfacet
  facet normal 0 0.997887 -0.0649798
    outer loop
      vertex 1.60001 21.9 6.15
      vertex 0 21.9051 6.22832
      vertex 1.60001 21.9051 6.22832
    endloop
  endfacet
  facet normal 0 0.997887 -0.0649798
    outer loop
      vertex 0 21.9051 6.22832
      vertex 1.60001 21.9 6.15
      vertex 0 21.9 6.15
    endloop
  endfacet
  facet normal -0 0.321537 0.946897
    outer loop
      vertex 0 22.3447 5.57044
      vertex 1.60001 22.2704 5.59567
      vertex 1.60001 22.3447 5.57044
    endloop
  endfacet
  facet normal 0 0.321537 0.946897
    outer loop
      vertex 1.60001 22.2704 5.59567
      vertex 0 22.3447 5.57044
      vertex 0 22.2704 5.59567
    endloop
  endfacet
  facet normal -0 0.195014 0.980801
    outer loop
      vertex 0 22.4217 5.55513
      vertex 1.60001 22.3447 5.57044
      vertex 1.60001 22.4217 5.55513
    endloop
  endfacet
  facet normal 0 0.195014 0.980801
    outer loop
      vertex 1.60001 22.3447 5.57044
      vertex 0 22.4217 5.55513
      vertex 0 22.3447 5.57044
    endloop
  endfacet
  facet normal 0 0.946652 0.322259
    outer loop
      vertex 1.60001 21.9457 5.92039
      vertex 0 21.9204 5.99471
      vertex 1.60001 21.9204 5.99471
    endloop
  endfacet
  facet normal 0 0.946652 0.322259
    outer loop
      vertex 0 21.9204 5.99471
      vertex 1.60001 21.9457 5.92039
      vertex 0 21.9457 5.92039
    endloop
  endfacet
  facet normal 0 -0.195014 0.980801
    outer loop
      vertex 0 22.6553 5.57044
      vertex 1.60001 22.5783 5.55513
      vertex 1.60001 22.6553 5.57044
    endloop
  endfacet
  facet normal 0 -0.195014 0.980801
    outer loop
      vertex 1.60001 22.5783 5.55513
      vertex 0 22.6553 5.57044
      vertex 0 22.5783 5.55513
    endloop
  endfacet
  facet normal 0 -0.98081 -0.194964
    outer loop
      vertex 0 23.0949 6.22832
      vertex 1.60001 23.0796 6.30529
      vertex 0 23.0796 6.30529
    endloop
  endfacet
  facet normal 0 -0.98081 -0.194964
    outer loop
      vertex 1.60001 23.0796 6.30529
      vertex 0 23.0949 6.22832
      vertex 1.60001 23.0949 6.22832
    endloop
  endfacet
  facet normal 0 0.831501 -0.555523
    outer loop
      vertex 1.60001 21.9804 6.45
      vertex 0 22.024 6.51526
      vertex 1.60001 22.024 6.51526
    endloop
  endfacet
  facet normal 0 0.831501 -0.555523
    outer loop
      vertex 0 22.024 6.51526
      vertex 1.60001 21.9804 6.45
      vertex 0 21.9804 6.45
    endloop
  endfacet
  facet normal 0 -0.321537 -0.946897
    outer loop
      vertex 0 22.6553 6.72956
      vertex 1.60001 22.7296 6.70433
      vertex 1.60001 22.6553 6.72956
    endloop
  endfacet
  facet normal -0 -0.321537 -0.946897
    outer loop
      vertex 1.60001 22.7296 6.70433
      vertex 0 22.6553 6.72956
      vertex 0 22.7296 6.70433
    endloop
  endfacet
  facet normal 0 0.831501 0.555523
    outer loop
      vertex 1.60001 22.024 5.78474
      vertex 0 21.9804 5.85
      vertex 1.60001 21.9804 5.85
    endloop
  endfacet
  facet normal 0 0.831501 0.555523
    outer loop
      vertex 0 21.9804 5.85
      vertex 1.60001 22.024 5.78474
      vertex 0 22.024 5.78474
    endloop
  endfacet
  facet normal 0 0.752103 -0.659046
    outer loop
      vertex 1.60001 22.024 6.51526
      vertex 0 22.0757 6.57426
      vertex 1.60001 22.0757 6.57426
    endloop
  endfacet
  facet normal 0 0.752103 -0.659046
    outer loop
      vertex 0 22.0757 6.57426
      vertex 1.60001 22.024 6.51526
      vertex 0 22.024 6.51526
    endloop
  endfacet
  facet normal 0 0.98081 0.194964
    outer loop
      vertex 1.60001 21.9204 5.99471
      vertex 0 21.9051 6.07168
      vertex 1.60001 21.9051 6.07168
    endloop
  endfacet
  facet normal 0 0.98081 0.194964
    outer loop
      vertex 0 21.9051 6.07168
      vertex 1.60001 21.9204 5.99471
      vertex 0 21.9204 5.99471
    endloop
  endfacet
  facet normal -0 0.659406 0.751787
    outer loop
      vertex 0 22.1347 5.67399
      vertex 1.60001 22.0757 5.72574
      vertex 1.60001 22.1347 5.67399
    endloop
  endfacet
  facet normal 0 0.659406 0.751787
    outer loop
      vertex 1.60001 22.0757 5.72574
      vertex 0 22.1347 5.67399
      vertex 0 22.0757 5.72574
    endloop
  endfacet
  facet normal 0 0.659406 -0.751787
    outer loop
      vertex 0 22.0757 6.57426
      vertex 1.60001 22.1347 6.62601
      vertex 1.60001 22.0757 6.57426
    endloop
  endfacet
  facet normal 0 0.659406 -0.751787
    outer loop
      vertex 1.60001 22.1347 6.62601
      vertex 0 22.0757 6.57426
      vertex 0 22.1347 6.62601
    endloop
  endfacet
  facet normal 0 -0.831501 -0.555523
    outer loop
      vertex 0 23.0196 6.45
      vertex 1.60001 22.976 6.51526
      vertex 0 22.976 6.51526
    endloop
  endfacet
  facet normal 0 -0.831501 -0.555523
    outer loop
      vertex 1.60001 22.976 6.51526
      vertex 0 23.0196 6.45
      vertex 1.60001 23.0196 6.45
    endloop
  endfacet
  facet normal 0 -0.752103 -0.659046
    outer loop
      vertex 0 22.976 6.51526
      vertex 1.60001 22.9243 6.57426
      vertex 0 22.9243 6.57426
    endloop
  endfacet
  facet normal 0 -0.752103 -0.659046
    outer loop
      vertex 1.60001 22.9243 6.57426
      vertex 0 22.976 6.51526
      vertex 1.60001 22.976 6.51526
    endloop
  endfacet
  facet normal 0 0.997887 0.0649798
    outer loop
      vertex 1.60001 21.9051 6.07168
      vertex 0 21.9 6.15
      vertex 1.60001 21.9 6.15
    endloop
  endfacet
  facet normal 0 0.997887 0.0649798
    outer loop
      vertex 0 21.9 6.15
      vertex 1.60001 21.9051 6.07168
      vertex 0 21.9051 6.07168
    endloop
  endfacet
  facet normal 0 0.555288 -0.831658
    outer loop
      vertex 0 22.1347 6.62601
      vertex 1.60001 22.2 6.66961
      vertex 1.60001 22.1347 6.62601
    endloop
  endfacet
  facet normal 0 0.555288 -0.831658
    outer loop
      vertex 1.60001 22.2 6.66961
      vertex 0 22.1347 6.62601
      vertex 0 22.2 6.66961
    endloop
  endfacet
  facet normal 0 -0.946652 -0.322259
    outer loop
      vertex 0 23.0796 6.30529
      vertex 1.60001 23.0543 6.37961
      vertex 0 23.0543 6.37961
    endloop
  endfacet
  facet normal 0 -0.946652 -0.322259
    outer loop
      vertex 1.60001 23.0543 6.37961
      vertex 0 23.0796 6.30529
      vertex 1.60001 23.0796 6.30529
    endloop
  endfacet
  facet normal 0 0.0653771 -0.997861
    outer loop
      vertex 0 22.4217 6.74487
      vertex 1.60001 22.5 6.75
      vertex 1.60001 22.4217 6.74487
    endloop
  endfacet
  facet normal 0 0.0653771 -0.997861
    outer loop
      vertex 1.60001 22.5 6.75
      vertex 0 22.4217 6.74487
      vertex 0 22.5 6.75
    endloop
  endfacet
  facet normal 0 0.98081 -0.194964
    outer loop
      vertex 1.60001 21.9051 6.22832
      vertex 0 21.9204 6.30529
      vertex 1.60001 21.9204 6.30529
    endloop
  endfacet
  facet normal 0 0.98081 -0.194964
    outer loop
      vertex 0 21.9204 6.30529
      vertex 1.60001 21.9051 6.22832
      vertex 0 21.9051 6.22832
    endloop
  endfacet
  facet normal -0 0.555376 0.831599
    outer loop
      vertex 0 22.2 5.63038
      vertex 1.60001 22.1347 5.67399
      vertex 1.60001 22.2 5.63038
    endloop
  endfacet
  facet normal 0 0.555376 0.831599
    outer loop
      vertex 1.60001 22.1347 5.67399
      vertex 0 22.2 5.63038
      vertex 0 22.1347 5.67399
    endloop
  endfacet
  facet normal 0 -0.997887 -0.0649798
    outer loop
      vertex 0 23.1 6.15
      vertex 1.60001 23.0949 6.22832
      vertex 0 23.0949 6.22832
    endloop
  endfacet
  facet normal 0 -0.997887 -0.0649798
    outer loop
      vertex 1.60001 23.0949 6.22832
      vertex 0 23.1 6.15
      vertex 1.60001 23.1 6.15
    endloop
  endfacet
  facet normal 0 0.946652 -0.322259
    outer loop
      vertex 1.60001 21.9204 6.30529
      vertex 0 21.9457 6.37961
      vertex 1.60001 21.9457 6.37961
    endloop
  endfacet
  facet normal 0 0.946652 -0.322259
    outer loop
      vertex 0 21.9457 6.37961
      vertex 1.60001 21.9204 6.30529
      vertex 0 21.9204 6.30529
    endloop
  endfacet
  facet normal 0 -0.555288 -0.831658
    outer loop
      vertex 0 22.8 6.66961
      vertex 1.60001 22.8653 6.62601
      vertex 1.60001 22.8 6.66961
    endloop
  endfacet
  facet normal -0 -0.555288 -0.831658
    outer loop
      vertex 1.60001 22.8653 6.62601
      vertex 0 22.8 6.66961
      vertex 0 22.8653 6.62601
    endloop
  endfacet
  facet normal 0 0.896936 -0.44216
    outer loop
      vertex 1.60001 21.9457 6.37961
      vertex 0 21.9804 6.45
      vertex 1.60001 21.9804 6.45
    endloop
  endfacet
  facet normal 0 0.896936 -0.44216
    outer loop
      vertex 0 21.9804 6.45
      vertex 1.60001 21.9457 6.37961
      vertex 0 21.9457 6.37961
    endloop
  endfacet
  facet normal -0 0 1
    outer loop
      vertex 66.8 7.2 8.6
      vertex 72.4 6.2 8.6
      vertex 72.4 7.2 8.6
    endloop
  endfacet
  facet normal 0 0 1
    outer loop
      vertex 72.4 6.2 8.6
      vertex 66.8 7.2 8.6
      vertex 66.8 6.2 8.6
    endloop
  endfacet
  facet normal -1 0 0
    outer loop
      vertex 66.8 6.2 7.6
      vertex 66.8 7.2 8.6
      vertex 66.8 7.2 7.6
    endloop
  endfacet
  facet normal -1 -0 0
    outer loop
      vertex 66.8 7.2 8.6
      vertex 66.8 6.2 7.6
      vertex 66.8 6.2 8.6
    endloop
  endfacet
  facet normal 1 -0 0
    outer loop
      vertex 66.8 1.60001 7.6
      vertex 66.8 6.2 1.6
      vertex 66.8 6.2 7.6
    endloop
  endfacet
  facet normal 1 0 0
    outer loop
      vertex 66.8 6.2 1.6
      vertex 66.8 1.60001 7.6
      vertex 66.8 1.60001 1.6
    endloop
  endfacet
  facet normal 1 -0 0
    outer loop
      vertex 66.8 7.2 7.6
      vertex 66.8 13.8 1.6
      vertex 66.8 13.8 7.6
    endloop
  endfacet
  facet normal 1 0 0
    outer loop
      vertex 66.8 13.8 1.6
      vertex 66.8 7.2 7.6
      vertex 66.8 7.2 1.6
    endloop
  endfacet
  facet normal -1 0 0
    outer loop
      vertex 66.8 13.8 7.6
      vertex 66.8 14.8 8.6
      vertex 66.8 14.8 7.6
    endloop
  endfacet
  facet normal -1 -0 0
    outer loop
      vertex 66.8 14.8 8.6
      vertex 66.8 13.8 7.6
      vertex 66.8 13.8 8.6
    endloop
  endfacet
  facet normal 1 -0 0
    outer loop
      vertex 66.8 14.8 7.6
      vertex 66.8 27.4 1.6
      vertex 66.8 27.4 7.6
    endloop
  endfacet
  facet normal 1 0 0
    outer loop
      vertex 66.8 27.4 1.6
      vertex 66.8 14.8 7.6
      vertex 66.8 14.8 1.6
    endloop
  endfacet
  facet normal 0 1 0
    outer loop
      vertex 72.4 7.2 8.6
      vertex 66.8 7.2 7.6
      vertex 66.8 7.2 8.6
    endloop
  endfacet
  facet normal 0 1 -0
    outer loop
      vertex 72.4 7.2 1.6
      vertex 66.8 7.2 7.6
      vertex 72.4 7.2 8.6
    endloop
  endfacet
  facet normal 0 1 0
    outer loop
      vertex 66.8 7.2 7.6
      vertex 72.4 7.2 1.6
      vertex 66.8 7.2 1.6
    endloop
  endfacet
  facet normal 0 -1 0
    outer loop
      vertex 66.8 6.2 7.6
      vertex 72.4 6.2 8.6
      vertex 66.8 6.2 8.6
    endloop
  endfacet
  facet normal 0 -1 0
    outer loop
      vertex 72.4 6.2 1.6
      vertex 66.8 6.2 7.6
      vertex 66.8 6.2 1.6
    endloop
  endfacet
  facet normal 0 -1 0
    outer loop
      vertex 66.8 6.2 7.6
      vertex 72.4 6.2 1.6
      vertex 72.4 6.2 8.6
    endloop
  endfacet
  facet normal -0 0 1
    outer loop
      vertex 66.8 14.8 8.6
      vertex 72.4 13.8 8.6
      vertex 72.4 14.8 8.6
    endloop
  endfacet
  facet normal 0 0 1
    outer loop
      vertex 72.4 13.8 8.6
      vertex 66.8 14.8 8.6
      vertex 66.8 13.8 8.6
    endloop
  endfacet
  facet normal 0 1 0
    outer loop
      vertex 72.4 14.8 8.6
      vertex 66.8 14.8 7.6
      vertex 66.8 14.8 8.6
    endloop
  endfacet
  facet normal 0 1 -0
    outer loop
      vertex 72.4 14.8 1.6
      vertex 66.8 14.8 7.6
      vertex 72.4 14.8 8.6
    endloop
  endfacet
  facet normal 0 1 0
    outer loop
      vertex 66.8 14.8 7.6
      vertex 72.4 14.8 1.6
      vertex 66.8 14.8 1.6
    endloop
  endfacet
  facet normal 0 -1 0
    outer loop
      vertex 66.8 13.8 7.6
      vertex 72.4 13.8 8.6
      vertex 66.8 13.8 8.6
    endloop
  endfacet
  facet normal 0 -1 0
    outer loop
      vertex 72.4 13.8 1.6
      vertex 66.8 13.8 7.6
      vertex 66.8 13.8 1.6
    endloop
  endfacet
  facet normal 0 -1 0
    outer loop
      vertex 66.8 13.8 7.6
      vertex 72.4 13.8 1.6
      vertex 72.4 13.8 8.6
    endloop
  endfacet
  facet normal 1 -0 0
    outer loop
      vertex 7.5 8.95 10.1
      vertex 7.5 9.95 5.6
      vertex 7.5 9.95 10.1
    endloop
  endfacet
  facet normal 1 0 0
    outer loop
      vertex 7.5 9.95 5.6
      vertex 7.5 8.95 10.1
      vertex 7.5 8.95 5.6
    endloop
  endfacet
  facet normal -0 0 1
    outer loop
      vertex 1.60001 9.95 10.1
      vertex 7.5 8.95 10.1
      vertex 7.5 9.95 10.1
    endloop
  endfacet
  facet normal 0 0 1
    outer loop
      vertex 7.5 8.95 10.1
      vertex 1.60001 9.95 10.1
      vertex 1.60001 8.95 10.1
    endloop
  endfacet
  facet normal 0 1 0
    outer loop
      vertex 6.8 9.95 5.6
      vertex 7.5 9.95 10.1
      vertex 7.5 9.95 5.6
    endloop
  endfacet
  facet normal 0 1 0
    outer loop
      vertex 7.5 9.95 10.1
      vertex 6.8 9.95 5.6
      vertex 1.60001 9.95 10.1
    endloop
  endfacet
  facet normal 0 1 0
    outer loop
      vertex 1.60001 9.95 1.6
      vertex 6.8 9.95 5.6
      vertex 6.8 9.95 1.6
    endloop
  endfacet
  facet normal 0 1 0
    outer loop
      vertex 6.8 9.95 5.6
      vertex 1.60001 9.95 1.6
      vertex 1.60001 9.95 10.1
    endloop
  endfacet
  facet normal 0 -1 0
    outer loop
      vertex 1.60001 8.95 10.1
      vertex 7.5 8.95 5.6
      vertex 7.5 8.95 10.1
    endloop
  endfacet
  facet normal 0 -1 0
    outer loop
      vertex 1.60001 8.95 1.6
      vertex 7.5 8.95 5.6
      vertex 1.60001 8.95 10.1
    endloop
  endfacet
  facet normal 0 -1 0
    outer loop
      vertex 7.8 8.95 1.6
      vertex 7.5 8.95 5.6
      vertex 1.60001 8.95 1.6
    endloop
  endfacet
  facet normal 0 -1 0
    outer loop
      vertex 7.5 8.95 5.6
      vertex 7.8 8.95 1.6
      vertex 7.8 8.95 5.6
    endloop
  endfacet
  facet normal 1 -0 0
    outer loop
      vertex 7.5 19.05 10.1
      vertex 7.5 20.05 5.6
      vertex 7.5 20.05 10.1
    endloop
  endfacet
  facet normal 1 0 0
    outer loop
      vertex 7.5 20.05 5.6
      vertex 7.5 19.05 10.1
      vertex 7.5 19.05 5.6
    endloop
  endfacet
  facet normal -0 0 1
    outer loop
      vertex 1.60001 20.05 10.1
      vertex 7.5 19.05 10.1
      vertex 7.5 20.05 10.1
    endloop
  endfacet
  facet normal 0 0 1
    outer loop
      vertex 7.5 19.05 10.1
      vertex 1.60001 20.05 10.1
      vertex 1.60001 19.05 10.1
    endloop
  endfacet
  facet normal 0 1 0
    outer loop
      vertex 7.8 20.05 5.6
      vertex 7.8 20.05 1.6
      vertex 7.5 20.05 5.6
    endloop
  endfacet
  facet normal 0 1 -0
    outer loop
      vertex 7.5 20.05 5.6
      vertex 1.60001 20.05 10.1
      vertex 7.5 20.05 10.1
    endloop
  endfacet
  facet normal 0 1 0
    outer loop
      vertex 1.60001 20.05 1.6
      vertex 7.5 20.05 5.6
      vertex 7.8 20.05 1.6
    endloop
  endfacet
  facet normal 0 1 0
    outer loop
      vertex 7.5 20.05 5.6
      vertex 1.60001 20.05 1.6
      vertex 1.60001 20.05 10.1
    endloop
  endfacet
  facet normal 0 -1 0
    outer loop
      vertex 1.60001 19.05 10.1
      vertex 6.8 19.05 5.6
      vertex 7.5 19.05 10.1
    endloop
  endfacet
  facet normal 0 -1 0
    outer loop
      vertex 1.60001 19.05 1.6
      vertex 6.8 19.05 5.6
      vertex 1.60001 19.05 10.1
    endloop
  endfacet
  facet normal 0 -1 -0
    outer loop
      vertex 6.8 19.05 5.6
      vertex 1.60001 19.05 1.6
      vertex 6.8 19.05 1.6
    endloop
  endfacet
  facet normal 0 -1 -0
    outer loop
      vertex 7.5 19.05 10.1
      vertex 6.8 19.05 5.6
      vertex 7.5 19.05 5.6
    endloop
  endfacet
  facet normal 1 -0 0
    outer loop
      vertex 7.8 8.95 5.6
      vertex 7.8 20.05 1.6
      vertex 7.8 20.05 5.6
    endloop
  endfacet
  facet normal 1 0 0
    outer loop
      vertex 7.8 20.05 1.6
      vertex 7.8 8.95 5.6
      vertex 7.8 8.95 1.6
    endloop
  endfacet
  facet normal -0 0 1
    outer loop
      vertex 6.8 19.05 5.6
      vertex 7.5 9.95 5.6
      vertex 7.5 19.05 5.6
    endloop
  endfacet
  facet normal 0 0 1
    outer loop
      vertex 7.5 9.95 5.6
      vertex 6.8 19.05 5.6
      vertex 6.8 9.95 5.6
    endloop
  endfacet
  facet normal 0 0 1
    outer loop
      vertex 7.5 19.05 5.6
      vertex 7.8 20.05 5.6
      vertex 7.5 20.05 5.6
    endloop
  endfacet
  facet normal 0 0 1
    outer loop
      vertex 7.8 20.05 5.6
      vertex 7.5 19.05 5.6
      vertex 7.8 8.95 5.6
    endloop
  endfacet
  facet normal -0 0 1
    outer loop
      vertex 7.5 9.95 5.6
      vertex 7.8 8.95 5.6
      vertex 7.5 19.05 5.6
    endloop
  endfacet
  facet normal 0 0 1
    outer loop
      vertex 7.8 8.95 5.6
      vertex 7.5 9.95 5.6
      vertex 7.5 8.95 5.6
    endloop
  endfacet
  facet normal -1 0 0
    outer loop
      vertex 6.8 9.95 1.6
      vertex 6.8 19.05 5.6
      vertex 6.8 19.05 1.6
    endloop
  endfacet
  facet normal -1 -0 0
    outer loop
      vertex 6.8 19.05 5.6
      vertex 6.8 9.95 1.6
      vertex 6.8 9.95 5.6
    endloop
  endfacet
  facet normal 1 -0 0
    outer loop
      vertex 25.8 1.60001 7.6
      vertex 25.8 27.4 1.6
      vertex 25.8 27.4 7.6
    endloop
  endfacet
  facet normal 1 0 0
    outer loop
      vertex 25.8 27.4 1.6
      vertex 25.8 1.60001 7.6
      vertex 25.8 1.60001 1.6
    endloop
  endfacet
  facet normal -0 0 1
    outer loop
      vertex 24.8 27.4 7.6
      vertex 25.8 1.60001 7.6
      vertex 25.8 27.4 7.6
    endloop
  endfacet
  facet normal 0 0 1
    outer loop
      vertex 25.8 1.60001 7.6
      vertex 24.8 27.4 7.6
      vertex 24.8 1.60001 7.6
    endloop
  endfacet
  facet normal -1 0 0
    outer loop
      vertex 24.8 1.60001 1.6
      vertex 24.8 27.4 7.6
      vertex 24.8 27.4 1.6
    endloop
  endfacet
  facet normal -1 -0 0
    outer loop
      vertex 24.8 27.4 7.6
      vertex 24.8 1.60001 1.6
      vertex 24.8 1.60001 7.6
    endloop
  endfacet
  facet normal -0 0 1
    outer loop
      vertex 65.8 27.4 7.6
      vertex 66.8 14.8 7.6
      vertex 66.8 27.4 7.6
    endloop
  endfacet
  facet normal 0 0 1
    outer loop
      vertex 66.8 14.8 7.6
      vertex 65.8 27.4 7.6
      vertex 66.8 13.8 7.6
    endloop
  endfacet
  facet normal 0 0 1
    outer loop
      vertex 65.8 1.60001 7.6
      vertex 66.8 13.8 7.6
      vertex 65.8 27.4 7.6
    endloop
  endfacet
  facet normal 0 0 1
    outer loop
      vertex 66.8 13.8 7.6
      vertex 65.8 1.60001 7.6
      vertex 66.8 7.2 7.6
    endloop
  endfacet
  facet normal 0 0 1
    outer loop
      vertex 66.8 7.2 7.6
      vertex 65.8 1.60001 7.6
      vertex 66.8 6.2 7.6
    endloop
  endfacet
  facet normal 0 0 1
    outer loop
      vertex 66.8 6.2 7.6
      vertex 65.8 1.60001 7.6
      vertex 66.8 1.60001 7.6
    endloop
  endfacet
  facet normal -1 0 0
    outer loop
      vertex 65.8 1.60001 1.6
      vertex 65.8 27.4 7.6
      vertex 65.8 27.4 1.6
    endloop
  endfacet
  facet normal -1 -0 0
    outer loop
      vertex 65.8 27.4 7.6
      vertex 65.8 1.60001 1.6
      vertex 65.8 1.60001 7.6
    endloop
  endfacet
endsolid OpenSCAD_Model
