solid OpenSCAD_Model
  facet normal 0.321446 -0.946928 0
    outer loop
      vertex 43.7765 0.102219 0
      vertex 44.1481 0.228363 11.9
      vertex 43.7765 0.102219 11.9
    endloop
  endfacet
  facet normal 0.321446 -0.946928 0
    outer loop
      vertex 44.1481 0.228363 11.9
      vertex 43.7765 0.102219 0
      vertex 44.1481 0.228363 0
    endloop
  endfacet
  facet normal 0 -1 0
    outer loop
      vertex 16.2891 0 10.0391
      vertex 20.3217 0 8.74487
      vertex 20.4 0 8.75
    endloop
  endfacet
  facet normal 0 -1 0
    outer loop
      vertex 16.7634 0 9.49819
      vertex 20.2447 0 8.72956
      vertex 20.3217 0 8.74487
    endloop
  endfacet
  facet normal 0 -1 0
    outer loop
      vertex 16.7634 0 9.49819
      vertex 20.1704 0 8.70433
      vertex 20.2447 0 8.72956
    endloop
  endfacet
  facet normal 0 -1 0
    outer loop
      vertex 16.7634 0 9.49819
      vertex 20.1 0 8.66961
      vertex 20.1704 0 8.70433
    endloop
  endfacet
  facet normal 0 -1 0
    outer loop
      vertex 16.7634 0 9.49819
      vertex 20.0347 0 8.62601
      vertex 20.1 0 8.66961
    endloop
  endfacet
  facet normal 0 -1 0
    outer loop
      vertex 17.1631 0 8.9
      vertex 19.9757 0 8.57426
      vertex 20.0347 0 8.62601
    endloop
  endfacet
  facet normal 0 -1 0
    outer loop
      vertex 17.1631 0 8.9
      vertex 19.924 0 8.51526
      vertex 19.9757 0 8.57426
    endloop
  endfacet
  facet normal 0 -1 0
    outer loop
      vertex 17.1631 0 8.9
      vertex 19.8804 0 8.45
      vertex 19.924 0 8.51526
    endloop
  endfacet
  facet normal 0 -1 0
    outer loop
      vertex 17.4813 0 8.25476
      vertex 19.8804 0 8.45
      vertex 17.1631 0 8.9
    endloop
  endfacet
  facet normal 0 -1 0
    outer loop
      vertex 19.8804 0 8.45
      vertex 17.4813 0 8.25476
      vertex 19.8457 0 8.37961
    endloop
  endfacet
  facet normal 0 -1 0
    outer loop
      vertex 19.8457 0 8.37961
      vertex 17.4813 0 8.25476
      vertex 19.8204 0 8.30529
    endloop
  endfacet
  facet normal 0 -1 0
    outer loop
      vertex 17.4813 0 8.25476
      vertex 19.8051 0 8.22832
      vertex 19.8204 0 8.30529
    endloop
  endfacet
  facet normal 0 -1 0
    outer loop
      vertex 17.4813 0 8.25476
      vertex 19.8 0 8.15
      vertex 19.8051 0 8.22832
    endloop
  endfacet
  facet normal 0 -1 0
    outer loop
      vertex 17.7126 0 7.5735
      vertex 19.8 0 8.15
      vertex 17.4813 0 8.25476
    endloop
  endfacet
  facet normal 0 -1 -0
    outer loop
      vertex 19.8 0 8.15
      vertex 17.7126 0 7.5735
      vertex 19.8051 0 8.07168
    endloop
  endfacet
  facet normal 0 -1 -0
    outer loop
      vertex 19.8051 0 8.07168
      vertex 17.7126 0 7.5735
      vertex 19.8204 0 7.99471
    endloop
  endfacet
  facet normal 0 -1 -0
    outer loop
      vertex 19.8204 0 7.99471
      vertex 17.7126 0 7.5735
      vertex 19.8457 0 7.92039
    endloop
  endfacet
  facet normal 0 -1 0
    outer loop
      vertex 17.8529 0 6.86789
      vertex 19.8457 0 7.92039
      vertex 17.7126 0 7.5735
    endloop
  endfacet
  facet normal 0 -1 -0
    outer loop
      vertex 19.8457 0 7.92039
      vertex 17.8529 0 6.86789
      vertex 19.8804 0 7.85
    endloop
  endfacet
  facet normal 0 -1 -0
    outer loop
      vertex 19.8804 0 7.85
      vertex 17.8529 0 6.86789
      vertex 19.924 0 7.78474
    endloop
  endfacet
  facet normal 0 -1 -0
    outer loop
      vertex 19.924 0 7.78474
      vertex 17.8529 0 6.86789
      vertex 19.9757 0 7.72574
    endloop
  endfacet
  facet normal 0 -1 -0
    outer loop
      vertex 19.9757 0 7.72574
      vertex 17.8529 0 6.86789
      vertex 20.0347 0 7.67399
    endloop
  endfacet
  facet normal 0 -1 0
    outer loop
      vertex 17.9 0 6.15
      vertex 20.0347 0 7.67399
      vertex 17.8529 0 6.86789
    endloop
  endfacet
  facet normal 0 -1 -0
    outer loop
      vertex 20.0347 0 7.67399
      vertex 17.9 0 6.15
      vertex 20.1 0 7.63038
    endloop
  endfacet
  facet normal 0 -1 -0
    outer loop
      vertex 20.1 0 7.63038
      vertex 17.9 0 6.15
      vertex 20.1704 0 7.59567
    endloop
  endfacet
  facet normal 0 -1 -0
    outer loop
      vertex 20.1704 0 7.59567
      vertex 17.9 0 6.15
      vertex 20.2447 0 7.57044
    endloop
  endfacet
  facet normal 0 -1 0
    outer loop
      vertex 17.8529 0 5.43211
      vertex 20.2447 0 7.57044
      vertex 17.9 0 6.15
    endloop
  endfacet
  facet normal 0 -1 0
    outer loop
      vertex 3 0 11.9
      vertex 12.4 0 11.65
      vertex 43 0 11.9
    endloop
  endfacet
  facet normal 0 -1 0
    outer loop
      vertex 3 0 11.9
      vertex 11.6821 0 11.6029
      vertex 12.4 0 11.65
    endloop
  endfacet
  facet normal 0 -1 0
    outer loop
      vertex 3 0 11.9
      vertex 10.9765 0 11.4626
      vertex 11.6821 0 11.6029
    endloop
  endfacet
  facet normal 0 -1 0
    outer loop
      vertex 3 0 11.9
      vertex 10.2952 0 11.2313
      vertex 10.9765 0 11.4626
    endloop
  endfacet
  facet normal 0 -1 0
    outer loop
      vertex 3 0 11.9
      vertex 9.65 0 10.9131
      vertex 10.2952 0 11.2313
    endloop
  endfacet
  facet normal 0 -1 0
    outer loop
      vertex 3 0 11.9
      vertex 9.05181 0 10.5134
      vertex 9.65 0 10.9131
    endloop
  endfacet
  facet normal 0 -1 0
    outer loop
      vertex 3 0 11.9
      vertex 8.51091 0 10.0391
      vertex 9.05181 0 10.5134
    endloop
  endfacet
  facet normal 0 -1 0
    outer loop
      vertex 3 0 11.9
      vertex 8.03656 0 9.49819
      vertex 8.51091 0 10.0391
    endloop
  endfacet
  facet normal 0 -1 0
    outer loop
      vertex 3 0 11.9
      vertex 7.63686 0 8.9
      vertex 8.03656 0 9.49819
    endloop
  endfacet
  facet normal 0 -1 0
    outer loop
      vertex 3 0 11.9
      vertex 7.31866 0 8.25476
      vertex 7.63686 0 8.9
    endloop
  endfacet
  facet normal 0 -1 0
    outer loop
      vertex 3 0 11.9
      vertex 7.08741 0 7.5735
      vertex 7.31866 0 8.25476
    endloop
  endfacet
  facet normal 0 -1 0
    outer loop
      vertex 3 0 11.9
      vertex 6.94705 0 6.86789
      vertex 7.08741 0 7.5735
    endloop
  endfacet
  facet normal 0 -1 0
    outer loop
      vertex 3 0 11.9
      vertex 6.9 0 6.15
      vertex 6.94705 0 6.86789
    endloop
  endfacet
  facet normal 0 -1 0
    outer loop
      vertex 3 0 0
      vertex 6.9 0 6.15
      vertex 3 0 11.9
    endloop
  endfacet
  facet normal 0 -1 -0
    outer loop
      vertex 6.9 0 6.15
      vertex 3 0 0
      vertex 6.94705 0 5.43211
    endloop
  endfacet
  facet normal 0 -1 -0
    outer loop
      vertex 6.94705 0 5.43211
      vertex 3 0 0
      vertex 7.08741 0 4.72649
    endloop
  endfacet
  facet normal 0 -1 -0
    outer loop
      vertex 7.08741 0 4.72649
      vertex 3 0 0
      vertex 7.31866 0 4.04524
    endloop
  endfacet
  facet normal 0 -1 -0
    outer loop
      vertex 11.6821 0 0.697053
      vertex 3 0 0
      vertex 12.4 0 0.65
    endloop
  endfacet
  facet normal 0 -1 -0
    outer loop
      vertex 10.9765 0 0.837407
      vertex 3 0 0
      vertex 11.6821 0 0.697053
    endloop
  endfacet
  facet normal 0 -1 -0
    outer loop
      vertex 10.2952 0 1.06866
      vertex 3 0 0
      vertex 10.9765 0 0.837407
    endloop
  endfacet
  facet normal 0 -1 -0
    outer loop
      vertex 9.65 0 1.38686
      vertex 3 0 0
      vertex 10.2952 0 1.06866
    endloop
  endfacet
  facet normal 0 -1 -0
    outer loop
      vertex 9.05181 0 1.78656
      vertex 3 0 0
      vertex 9.65 0 1.38686
    endloop
  endfacet
  facet normal 0 -1 -0
    outer loop
      vertex 8.51091 0 2.26091
      vertex 3 0 0
      vertex 9.05181 0 1.78656
    endloop
  endfacet
  facet normal 0 -1 -0
    outer loop
      vertex 8.03656 0 2.80181
      vertex 3 0 0
      vertex 8.51091 0 2.26091
    endloop
  endfacet
  facet normal 0 -1 -0
    outer loop
      vertex 7.63686 0 3.4
      vertex 3 0 0
      vertex 8.03656 0 2.80181
    endloop
  endfacet
  facet normal 0 -1 -0
    outer loop
      vertex 7.31866 0 4.04524
      vertex 3 0 0
      vertex 7.63686 0 3.4
    endloop
  endfacet
  facet normal 0 -1 0
    outer loop
      vertex 13.1179 0 11.6029
      vertex 43 0 11.9
      vertex 12.4 0 11.65
    endloop
  endfacet
  facet normal 0 -1 0
    outer loop
      vertex 13.8235 0 11.4626
      vertex 43 0 11.9
      vertex 13.1179 0 11.6029
    endloop
  endfacet
  facet normal 0 -1 0
    outer loop
      vertex 14.5048 0 11.2313
      vertex 43 0 11.9
      vertex 13.8235 0 11.4626
    endloop
  endfacet
  facet normal 0 -1 0
    outer loop
      vertex 15.15 0 10.9131
      vertex 43 0 11.9
      vertex 14.5048 0 11.2313
    endloop
  endfacet
  facet normal 0 -1 0
    outer loop
      vertex 20.4783 0 8.74487
      vertex 15.15 0 10.9131
      vertex 15.7482 0 10.5134
    endloop
  endfacet
  facet normal 0 -1 0
    outer loop
      vertex 20.4 0 8.75
      vertex 15.7482 0 10.5134
      vertex 16.2891 0 10.0391
    endloop
  endfacet
  facet normal 0 -1 0
    outer loop
      vertex 20.3217 0 8.74487
      vertex 16.2891 0 10.0391
      vertex 16.7634 0 9.49819
    endloop
  endfacet
  facet normal 0 -1 0
    outer loop
      vertex 20.0347 0 8.62601
      vertex 16.7634 0 9.49819
      vertex 17.1631 0 8.9
    endloop
  endfacet
  facet normal 0 -1 0
    outer loop
      vertex 15.7482 0 10.5134
      vertex 20.4 0 8.75
      vertex 20.4783 0 8.74487
    endloop
  endfacet
  facet normal 0 -1 0
    outer loop
      vertex 15.15 0 10.9131
      vertex 20.4783 0 8.74487
      vertex 20.5553 0 8.72956
    endloop
  endfacet
  facet normal 0 -1 0
    outer loop
      vertex 15.15 0 10.9131
      vertex 20.5553 0 8.72956
      vertex 43 0 11.9
    endloop
  endfacet
  facet normal 0 -1 0
    outer loop
      vertex 20.6296 0 8.70433
      vertex 43 0 11.9
      vertex 20.5553 0 8.72956
    endloop
  endfacet
  facet normal 0 -1 0
    outer loop
      vertex 20.7 0 8.66961
      vertex 43 0 11.9
      vertex 20.6296 0 8.70433
    endloop
  endfacet
  facet normal 0 -1 0
    outer loop
      vertex 20.7653 0 8.62601
      vertex 43 0 11.9
      vertex 20.7 0 8.66961
    endloop
  endfacet
  facet normal 0 -1 0
    outer loop
      vertex 20.8243 0 8.57426
      vertex 43 0 11.9
      vertex 20.7653 0 8.62601
    endloop
  endfacet
  facet normal 0 -1 0
    outer loop
      vertex 20.876 0 8.51526
      vertex 43 0 11.9
      vertex 20.8243 0 8.57426
    endloop
  endfacet
  facet normal 0 -1 0
    outer loop
      vertex 20.9196 0 8.45
      vertex 43 0 11.9
      vertex 20.876 0 8.51526
    endloop
  endfacet
  facet normal 0 -1 0
    outer loop
      vertex 20.9543 0 8.37961
      vertex 43 0 11.9
      vertex 20.9196 0 8.45
    endloop
  endfacet
  facet normal 0 -1 0
    outer loop
      vertex 20.9796 0 8.30529
      vertex 43 0 11.9
      vertex 20.9543 0 8.37961
    endloop
  endfacet
  facet normal 0 -1 0
    outer loop
      vertex 20.9949 0 8.22832
      vertex 43 0 11.9
      vertex 20.9796 0 8.30529
    endloop
  endfacet
  facet normal 0 -1 0
    outer loop
      vertex 21 0 8.15
      vertex 43 0 11.9
      vertex 20.9949 0 8.22832
    endloop
  endfacet
  facet normal 0 -1 0
    outer loop
      vertex 20.9949 0 8.07168
      vertex 43 0 11.9
      vertex 21 0 8.15
    endloop
  endfacet
  facet normal 0 -1 0
    outer loop
      vertex 43 0 0
      vertex 20.9949 0 8.07168
      vertex 20.9796 0 7.99471
    endloop
  endfacet
  facet normal 0 -1 0
    outer loop
      vertex 43 0 0
      vertex 20.9796 0 7.99471
      vertex 20.9543 0 7.92039
    endloop
  endfacet
  facet normal 0 -1 0
    outer loop
      vertex 43 0 0
      vertex 20.9543 0 7.92039
      vertex 20.9196 0 7.85
    endloop
  endfacet
  facet normal 0 -1 0
    outer loop
      vertex 43 0 0
      vertex 20.9196 0 7.85
      vertex 20.876 0 7.78474
    endloop
  endfacet
  facet normal 0 -1 0
    outer loop
      vertex 43 0 0
      vertex 20.876 0 7.78474
      vertex 20.8243 0 7.72574
    endloop
  endfacet
  facet normal 0 -1 0
    outer loop
      vertex 43 0 0
      vertex 20.8243 0 7.72574
      vertex 20.7653 0 7.67399
    endloop
  endfacet
  facet normal 0 -1 0
    outer loop
      vertex 17.1631 0 3.4
      vertex 20.7653 0 7.67399
      vertex 20.7 0 7.63038
    endloop
  endfacet
  facet normal 0 -1 0
    outer loop
      vertex 17.4813 0 4.04524
      vertex 20.7 0 7.63038
      vertex 20.6296 0 7.59567
    endloop
  endfacet
  facet normal 0 -1 0
    outer loop
      vertex 17.7126 0 4.72649
      vertex 20.6296 0 7.59567
      vertex 20.5553 0 7.57044
    endloop
  endfacet
  facet normal 0 -1 0
    outer loop
      vertex 17.7126 0 4.72649
      vertex 20.5553 0 7.57044
      vertex 20.4783 0 7.55513
    endloop
  endfacet
  facet normal 0 -1 -0
    outer loop
      vertex 20.2447 0 7.57044
      vertex 17.8529 0 5.43211
      vertex 20.3217 0 7.55513
    endloop
  endfacet
  facet normal 0 -1 -0
    outer loop
      vertex 20.3217 0 7.55513
      vertex 17.8529 0 5.43211
      vertex 20.4 0 7.55
    endloop
  endfacet
  facet normal 0 -1 -0
    outer loop
      vertex 20.4 0 7.55
      vertex 17.8529 0 5.43211
      vertex 20.4783 0 7.55513
    endloop
  endfacet
  facet normal 0 -1 0
    outer loop
      vertex 17.7126 0 4.72649
      vertex 20.4783 0 7.55513
      vertex 17.8529 0 5.43211
    endloop
  endfacet
  facet normal 0 -1 0
    outer loop
      vertex 20.6296 0 7.59567
      vertex 17.7126 0 4.72649
      vertex 17.4813 0 4.04524
    endloop
  endfacet
  facet normal 0 -1 0
    outer loop
      vertex 20.7 0 7.63038
      vertex 17.4813 0 4.04524
      vertex 17.1631 0 3.4
    endloop
  endfacet
  facet normal 0 -1 -0
    outer loop
      vertex 20.7653 0 7.67399
      vertex 17.1631 0 3.4
      vertex 43 0 0
    endloop
  endfacet
  facet normal 0 -1 0
    outer loop
      vertex 43 0 0
      vertex 17.1631 0 3.4
      vertex 16.7634 0 2.80181
    endloop
  endfacet
  facet normal 0 -1 0
    outer loop
      vertex 43 0 0
      vertex 16.7634 0 2.80181
      vertex 16.2891 0 2.26091
    endloop
  endfacet
  facet normal 0 -1 0
    outer loop
      vertex 43 0 0
      vertex 16.2891 0 2.26091
      vertex 15.7482 0 1.78656
    endloop
  endfacet
  facet normal 0 -1 0
    outer loop
      vertex 43 0 0
      vertex 15.7482 0 1.78656
      vertex 15.15 0 1.38686
    endloop
  endfacet
  facet normal 0 -1 0
    outer loop
      vertex 43 0 0
      vertex 15.15 0 1.38686
      vertex 14.5048 0 1.06866
    endloop
  endfacet
  facet normal 0 -1 0
    outer loop
      vertex 43 0 0
      vertex 12.4 0 0.65
      vertex 3 0 0
    endloop
  endfacet
  facet normal 0 -1 0
    outer loop
      vertex 20.9949 0 8.07168
      vertex 43 0 0
      vertex 43 0 11.9
    endloop
  endfacet
  facet normal 0 -1 0
    outer loop
      vertex 13.8235 0 0.837407
      vertex 43 0 0
      vertex 14.5048 0 1.06866
    endloop
  endfacet
  facet normal 0 -1 0
    outer loop
      vertex 13.1179 0 0.697053
      vertex 43 0 0
      vertex 13.8235 0 0.837407
    endloop
  endfacet
  facet normal 0 -1 0
    outer loop
      vertex 12.4 0 0.65
      vertex 43 0 0
      vertex 13.1179 0 0.697053
    endloop
  endfacet
  facet normal 0.195072 -0.980789 0
    outer loop
      vertex 43.3916 0.0256653 0
      vertex 43.7765 0.102219 11.9
      vertex 43.3916 0.0256653 11.9
    endloop
  endfacet
  facet normal 0.195072 -0.980789 0
    outer loop
      vertex 43.7765 0.102219 11.9
      vertex 43.3916 0.0256653 0
      vertex 43.7765 0.102219 0
    endloop
  endfacet
  facet normal -0.896876 -0.442281 0
    outer loop
      vertex 0.401917 1.5 0
      vertex 0.228363 1.85194 11.9
      vertex 0.228363 1.85194 0
    endloop
  endfacet
  facet normal -0.896876 -0.442281 0
    outer loop
      vertex 0.228363 1.85194 11.9
      vertex 0.401917 1.5 0
      vertex 0.401917 1.5 11.9
    endloop
  endfacet
  facet normal 0.0653993 -0.997859 0
    outer loop
      vertex 43 0 0
      vertex 43.3916 0.0256653 11.9
      vertex 43 0 11.9
    endloop
  endfacet
  facet normal 0.0653993 -0.997859 0
    outer loop
      vertex 43.3916 0.0256653 11.9
      vertex 43 0 0
      vertex 43.3916 0.0256653 0
    endloop
  endfacet
  facet normal 0.19494 0.980815 -0
    outer loop
      vertex 43.7765 35.8978 0
      vertex 43.3916 35.9743 11.9
      vertex 43.7765 35.8978 11.9
    endloop
  endfacet
  facet normal 0.19494 0.980815 0
    outer loop
      vertex 43.3916 35.9743 11.9
      vertex 43.7765 35.8978 0
      vertex 43.3916 35.9743 0
    endloop
  endfacet
  facet normal -0.0654043 -0.997859 0
    outer loop
      vertex 2.60843 0.0256653 0
      vertex 3 0 11.9
      vertex 2.60843 0.0256653 11.9
    endloop
  endfacet
  facet normal -0.0654043 -0.997859 -0
    outer loop
      vertex 3 0 11.9
      vertex 2.60843 0.0256653 0
      vertex 3 0 0
    endloop
  endfacet
  facet normal -0.555547 0.831485 0
    outer loop
      vertex 1.5 35.5981 0
      vertex 1.17372 35.3801 11.9
      vertex 1.5 35.5981 11.9
    endloop
  endfacet
  facet normal -0.555547 0.831485 0
    outer loop
      vertex 1.17372 35.3801 11.9
      vertex 1.5 35.5981 0
      vertex 1.17372 35.3801 0
    endloop
  endfacet
  facet normal -0.997859 -0.0654043 0
    outer loop
      vertex 0.0256653 2.60843 0
      vertex 0 3 11.9
      vertex 0 3 0
    endloop
  endfacet
  facet normal -0.997859 -0.0654043 0
    outer loop
      vertex 0 3 11.9
      vertex 0.0256653 2.60843 0
      vertex 0.0256653 2.60843 11.9
    endloop
  endfacet
  facet normal -0.321446 -0.946928 0
    outer loop
      vertex 1.85194 0.228363 0
      vertex 2.22354 0.102219 11.9
      vertex 1.85194 0.228363 11.9
    endloop
  endfacet
  facet normal -0.321446 -0.946928 -0
    outer loop
      vertex 2.22354 0.102219 11.9
      vertex 1.85194 0.228363 0
      vertex 2.22354 0.102219 0
    endloop
  endfacet
  facet normal -0.896856 0.442322 0
    outer loop
      vertex 0.228363 34.1481 0
      vertex 0.401917 34.5 11.9
      vertex 0.401917 34.5 0
    endloop
  endfacet
  facet normal -0.896856 0.442322 0
    outer loop
      vertex 0.401917 34.5 11.9
      vertex 0.228363 34.1481 0
      vertex 0.228363 34.1481 11.9
    endloop
  endfacet
  facet normal -0.659424 0.751771 0
    outer loop
      vertex 1.17372 35.3801 0
      vertex 0.878677 35.1213 11.9
      vertex 1.17372 35.3801 11.9
    endloop
  endfacet
  facet normal -0.659424 0.751771 0
    outer loop
      vertex 0.878677 35.1213 11.9
      vertex 1.17372 35.3801 0
      vertex 0.878677 35.1213 0
    endloop
  endfacet
  facet normal -0.442171 0.896931 0
    outer loop
      vertex 1.85194 35.7716 0
      vertex 1.5 35.5981 11.9
      vertex 1.85194 35.7716 11.9
    endloop
  endfacet
  facet normal -0.442171 0.896931 0
    outer loop
      vertex 1.5 35.5981 11.9
      vertex 1.85194 35.7716 0
      vertex 1.5 35.5981 0
    endloop
  endfacet
  facet normal -0.0654923 0.997853 0
    outer loop
      vertex 3 36 0
      vertex 2.60843 35.9743 11.9
      vertex 3 36 11.9
    endloop
  endfacet
  facet normal -0.0654923 0.997853 0
    outer loop
      vertex 2.60843 35.9743 11.9
      vertex 3 36 0
      vertex 2.60843 35.9743 0
    endloop
  endfacet
  facet normal 0.555523 0.831501 -0
    outer loop
      vertex 44.8263 35.3801 0
      vertex 44.5 35.5981 11.9
      vertex 44.8263 35.3801 11.9
    endloop
  endfacet
  facet normal 0.555523 0.831501 0
    outer loop
      vertex 44.5 35.5981 11.9
      vertex 44.8263 35.3801 0
      vertex 44.5 35.5981 0
    endloop
  endfacet
  facet normal -0.946928 -0.321446 0
    outer loop
      vertex 0.228363 1.85194 0
      vertex 0.102219 2.22354 11.9
      vertex 0.102219 2.22354 0
    endloop
  endfacet
  facet normal -0.946928 -0.321446 0
    outer loop
      vertex 0.102219 2.22354 11.9
      vertex 0.228363 1.85194 0
      vertex 0.228363 1.85194 11.9
    endloop
  endfacet
  facet normal 0.980814 -0.194945 0
    outer loop
      vertex 45.8978 2.22354 11.9
      vertex 45.9743 2.60843 0
      vertex 45.9743 2.60843 11.9
    endloop
  endfacet
  facet normal 0.980814 -0.194945 0
    outer loop
      vertex 45.9743 2.60843 0
      vertex 45.8978 2.22354 11.9
      vertex 45.8978 2.22354 0
    endloop
  endfacet
  facet normal 1 -0 0
    outer loop
      vertex 46 3 11.9
      vertex 46 33 0
      vertex 46 33 11.9
    endloop
  endfacet
  facet normal 1 0 0
    outer loop
      vertex 46 33 0
      vertex 46 3 11.9
      vertex 46 3 0
    endloop
  endfacet
  facet normal -1 0 0
    outer loop
      vertex 0 25.0929 8.51299
      vertex 0 33 11.9
      vertex 0 33 0
    endloop
  endfacet
  facet normal -1 0 0
    outer loop
      vertex 0 33 11.9
      vertex 0 25.1436 8.7021
      vertex 0 25.15 8.8
    endloop
  endfacet
  facet normal -1 0 0
    outer loop
      vertex 0 33 11.9
      vertex 0 25.1244 8.60589
      vertex 0 25.1436 8.7021
    endloop
  endfacet
  facet normal -1 0 0
    outer loop
      vertex 0 33 11.9
      vertex 0 25.0929 8.51299
      vertex 0 25.1244 8.60589
    endloop
  endfacet
  facet normal -1 0 0
    outer loop
      vertex 0 33 0
      vertex 0 25.0495 8.425
      vertex 0 25.0929 8.51299
    endloop
  endfacet
  facet normal -1 0 0
    outer loop
      vertex 0 33 0
      vertex 0 24.995 8.34343
      vertex 0 25.0495 8.425
    endloop
  endfacet
  facet normal -1 0 0
    outer loop
      vertex 0 33 0
      vertex 0 24.9303 8.26967
      vertex 0 24.995 8.34343
    endloop
  endfacet
  facet normal -1 0 0
    outer loop
      vertex 0 33 0
      vertex 0 24.8566 8.20498
      vertex 0 24.9303 8.26967
    endloop
  endfacet
  facet normal -1 0 0
    outer loop
      vertex 0 22.4 4.3
      vertex 0 24.8566 8.20498
      vertex 0 33 0
    endloop
  endfacet
  facet normal -1 0 0
    outer loop
      vertex 0 24.8566 8.20498
      vertex 0 22.4 4.3
      vertex 0 24.775 8.15048
    endloop
  endfacet
  facet normal -1 0 0
    outer loop
      vertex 0 24.775 8.15048
      vertex 0 22.4 4.3
      vertex 0 24.687 8.10709
    endloop
  endfacet
  facet normal -1 0 0
    outer loop
      vertex 0 24.687 8.10709
      vertex 0 22.4 4.3
      vertex 0 24.5941 8.07555
    endloop
  endfacet
  facet normal -1 0 0
    outer loop
      vertex 0 24.5941 8.07555
      vertex 0 22.4 4.3
      vertex 0 24.4979 8.05642
    endloop
  endfacet
  facet normal -1 0 0
    outer loop
      vertex 0 24.4979 8.05642
      vertex 0 22.4 4.3
      vertex 0 24.4 8.05
    endloop
  endfacet
  facet normal -1 -0 0
    outer loop
      vertex 0 24.4 8.05
      vertex 0 22.4 4.3
      vertex 0 24.3021 8.05642
    endloop
  endfacet
  facet normal -1 -0 0
    outer loop
      vertex 0 24.3021 8.05642
      vertex 0 22.4 4.3
      vertex 0 24.2059 8.07555
    endloop
  endfacet
  facet normal -1 -0 0
    outer loop
      vertex 0 24.2059 8.07555
      vertex 0 22.4 4.3
      vertex 0 24.113 8.10709
    endloop
  endfacet
  facet normal -1 -0 0
    outer loop
      vertex 0 24.113 8.10709
      vertex 0 22.4 4.3
      vertex 0 24.025 8.15048
    endloop
  endfacet
  facet normal -1 -0 0
    outer loop
      vertex 0 24.025 8.15048
      vertex 0 22.4 4.3
      vertex 0 23.9434 8.20498
    endloop
  endfacet
  facet normal -1 0 0
    outer loop
      vertex 0 22.4 11.3
      vertex 0 23.6564 8.7021
      vertex 0 22.4 4.3
    endloop
  endfacet
  facet normal -1 -0 0
    outer loop
      vertex 0 23.6756 8.60589
      vertex 0 22.4 4.3
      vertex 0 23.6564 8.7021
    endloop
  endfacet
  facet normal -1 -0 0
    outer loop
      vertex 0 23.7071 8.51299
      vertex 0 22.4 4.3
      vertex 0 23.6756 8.60589
    endloop
  endfacet
  facet normal -1 -0 0
    outer loop
      vertex 0 23.7505 8.425
      vertex 0 22.4 4.3
      vertex 0 23.7071 8.51299
    endloop
  endfacet
  facet normal -1 -0 0
    outer loop
      vertex 0 23.805 8.34343
      vertex 0 22.4 4.3
      vertex 0 23.7505 8.425
    endloop
  endfacet
  facet normal -1 -0 0
    outer loop
      vertex 0 23.8697 8.26967
      vertex 0 22.4 4.3
      vertex 0 23.805 8.34343
    endloop
  endfacet
  facet normal -1 -0 0
    outer loop
      vertex 0 23.9434 8.20498
      vertex 0 22.4 4.3
      vertex 0 23.8697 8.26967
    endloop
  endfacet
  facet normal -1 0 0
    outer loop
      vertex 0 3 0
      vertex 0 22.4 4.3
      vertex 0 33 0
    endloop
  endfacet
  facet normal -1 0 0
    outer loop
      vertex 0 3 11.9
      vertex 0 9.4 4.3
      vertex 0 3 0
    endloop
  endfacet
  facet normal -1 -0 0
    outer loop
      vertex 0 22.4 4.3
      vertex 0 3 0
      vertex 0 9.4 4.3
    endloop
  endfacet
  facet normal -1 0 0
    outer loop
      vertex 0 25.1436 8.89789
      vertex 0 33 11.9
      vertex 0 25.15 8.8
    endloop
  endfacet
  facet normal -1 0 0
    outer loop
      vertex 0 25.1244 8.99411
      vertex 0 33 11.9
      vertex 0 25.1436 8.89789
    endloop
  endfacet
  facet normal -1 0 0
    outer loop
      vertex 0 25.0929 9.08701
      vertex 0 33 11.9
      vertex 0 25.1244 8.99411
    endloop
  endfacet
  facet normal -1 0 0
    outer loop
      vertex 0 25.0495 9.175
      vertex 0 33 11.9
      vertex 0 25.0929 9.08701
    endloop
  endfacet
  facet normal -1 0 0
    outer loop
      vertex 0 24.995 9.25657
      vertex 0 33 11.9
      vertex 0 25.0495 9.175
    endloop
  endfacet
  facet normal -1 0 0
    outer loop
      vertex 0 24.9303 9.33033
      vertex 0 33 11.9
      vertex 0 24.995 9.25657
    endloop
  endfacet
  facet normal -1 0 0
    outer loop
      vertex 0 24.8566 9.39501
      vertex 0 33 11.9
      vertex 0 24.9303 9.33033
    endloop
  endfacet
  facet normal -1 0 0
    outer loop
      vertex 0 24.775 9.44952
      vertex 0 33 11.9
      vertex 0 24.8566 9.39501
    endloop
  endfacet
  facet normal -1 0 0
    outer loop
      vertex 0 24.687 9.49291
      vertex 0 33 11.9
      vertex 0 24.775 9.44952
    endloop
  endfacet
  facet normal -1 0 0
    outer loop
      vertex 0 22.4 11.3
      vertex 0 24.687 9.49291
      vertex 0 24.5941 9.52444
    endloop
  endfacet
  facet normal -1 0 0
    outer loop
      vertex 0 22.4 11.3
      vertex 0 24.5941 9.52444
      vertex 0 24.4979 9.54358
    endloop
  endfacet
  facet normal -1 0 0
    outer loop
      vertex 0 22.4 11.3
      vertex 0 24.4979 9.54358
      vertex 0 24.4 9.55
    endloop
  endfacet
  facet normal -1 0 0
    outer loop
      vertex 0 22.4 11.3
      vertex 0 24.4 9.55
      vertex 0 24.3021 9.54358
    endloop
  endfacet
  facet normal -1 0 0
    outer loop
      vertex 0 22.4 11.3
      vertex 0 24.3021 9.54358
      vertex 0 24.2059 9.52444
    endloop
  endfacet
  facet normal -1 0 0
    outer loop
      vertex 0 23.6564 8.7021
      vertex 0 22.4 11.3
      vertex 0 23.65 8.8
    endloop
  endfacet
  facet normal -1 0 0
    outer loop
      vertex 0 23.65 8.8
      vertex 0 22.4 11.3
      vertex 0 23.6564 8.89789
    endloop
  endfacet
  facet normal -1 0 0
    outer loop
      vertex 0 23.6564 8.89789
      vertex 0 22.4 11.3
      vertex 0 23.6756 8.99411
    endloop
  endfacet
  facet normal -1 0 0
    outer loop
      vertex 0 22.4 11.3
      vertex 0 23.7071 9.08701
      vertex 0 23.6756 8.99411
    endloop
  endfacet
  facet normal -1 0 0
    outer loop
      vertex 0 22.4 11.3
      vertex 0 23.7505 9.175
      vertex 0 23.7071 9.08701
    endloop
  endfacet
  facet normal -1 0 0
    outer loop
      vertex 0 22.4 11.3
      vertex 0 23.805 9.25657
      vertex 0 23.7505 9.175
    endloop
  endfacet
  facet normal -1 0 0
    outer loop
      vertex 0 22.4 11.3
      vertex 0 23.8697 9.33033
      vertex 0 23.805 9.25657
    endloop
  endfacet
  facet normal -1 0 0
    outer loop
      vertex 0 22.4 11.3
      vertex 0 23.9434 9.39501
      vertex 0 23.8697 9.33033
    endloop
  endfacet
  facet normal -1 0 0
    outer loop
      vertex 0 22.4 11.3
      vertex 0 24.025 9.44952
      vertex 0 23.9434 9.39501
    endloop
  endfacet
  facet normal -1 0 0
    outer loop
      vertex 0 22.4 11.3
      vertex 0 24.113 9.49291
      vertex 0 24.025 9.44952
    endloop
  endfacet
  facet normal -1 0 0
    outer loop
      vertex 0 22.4 11.3
      vertex 0 24.2059 9.52444
      vertex 0 24.113 9.49291
    endloop
  endfacet
  facet normal -1 0 0
    outer loop
      vertex 0 24.687 9.49291
      vertex 0 22.4 11.3
      vertex 0 33 11.9
    endloop
  endfacet
  facet normal -1 0 0
    outer loop
      vertex 0 3 11.9
      vertex 0 22.4 11.3
      vertex 0 9.4 11.3
    endloop
  endfacet
  facet normal -1 0 0
    outer loop
      vertex 0 22.4 11.3
      vertex 0 3 11.9
      vertex 0 33 11.9
    endloop
  endfacet
  facet normal -1 0 0
    outer loop
      vertex 0 9.4 4.3
      vertex 0 3 11.9
      vertex 0 9.4 11.3
    endloop
  endfacet
  facet normal -0.946928 0.321446 0
    outer loop
      vertex 0.102219 33.7765 0
      vertex 0.228363 34.1481 11.9
      vertex 0.228363 34.1481 0
    endloop
  endfacet
  facet normal -0.946928 0.321446 0
    outer loop
      vertex 0.228363 34.1481 11.9
      vertex 0.102219 33.7765 0
      vertex 0.102219 33.7765 11.9
    endloop
  endfacet
  facet normal 0.946885 0.321574 0
    outer loop
      vertex 45.8978 33.7765 11.9
      vertex 45.7716 34.1481 0
      vertex 45.7716 34.1481 11.9
    endloop
  endfacet
  facet normal 0.946885 0.321574 0
    outer loop
      vertex 45.7716 34.1481 0
      vertex 45.8978 33.7765 11.9
      vertex 45.8978 33.7765 0
    endloop
  endfacet
  facet normal -0.195076 -0.980788 0
    outer loop
      vertex 2.22354 0.102219 0
      vertex 2.60843 0.0256653 11.9
      vertex 2.22354 0.102219 11.9
    endloop
  endfacet
  facet normal -0.195076 -0.980788 -0
    outer loop
      vertex 2.60843 0.0256653 11.9
      vertex 2.22354 0.102219 0
      vertex 2.60843 0.0256653 0
    endloop
  endfacet
  facet normal 0.831485 -0.555547 0
    outer loop
      vertex 45.3801 1.17372 11.9
      vertex 45.5981 1.5 0
      vertex 45.5981 1.5 11.9
    endloop
  endfacet
  facet normal 0.831485 -0.555547 0
    outer loop
      vertex 45.5981 1.5 0
      vertex 45.3801 1.17372 11.9
      vertex 45.3801 1.17372 0
    endloop
  endfacet
  facet normal -0.751796 0.659396 0
    outer loop
      vertex 0.619934 34.8263 0
      vertex 0.878677 35.1213 11.9
      vertex 0.878677 35.1213 0
    endloop
  endfacet
  facet normal -0.751796 0.659396 0
    outer loop
      vertex 0.878677 35.1213 11.9
      vertex 0.619934 34.8263 0
      vertex 0.619934 34.8263 11.9
    endloop
  endfacet
  facet normal 0.896931 -0.442171 0
    outer loop
      vertex 45.5981 1.5 11.9
      vertex 45.7716 1.85194 0
      vertex 45.7716 1.85194 11.9
    endloop
  endfacet
  facet normal 0.896931 -0.442171 0
    outer loop
      vertex 45.7716 1.85194 0
      vertex 45.5981 1.5 11.9
      vertex 45.5981 1.5 0
    endloop
  endfacet
  facet normal -0.555577 -0.831465 0
    outer loop
      vertex 1.17372 0.619934 0
      vertex 1.5 0.401917 11.9
      vertex 1.17372 0.619934 11.9
    endloop
  endfacet
  facet normal -0.555577 -0.831465 -0
    outer loop
      vertex 1.5 0.401917 11.9
      vertex 1.17372 0.619934 0
      vertex 1.5 0.401917 0
    endloop
  endfacet
  facet normal 0 1 -0
    outer loop
      vertex 43 36 0
      vertex 3 36 11.9
      vertex 43 36 11.9
    endloop
  endfacet
  facet normal 0 1 0
    outer loop
      vertex 3 36 11.9
      vertex 43 36 0
      vertex 3 36 0
    endloop
  endfacet
  facet normal -0.321574 0.946885 0
    outer loop
      vertex 2.22354 35.8978 0
      vertex 1.85194 35.7716 11.9
      vertex 2.22354 35.8978 11.9
    endloop
  endfacet
  facet normal -0.321574 0.946885 0
    outer loop
      vertex 1.85194 35.7716 11.9
      vertex 2.22354 35.8978 0
      vertex 1.85194 35.7716 0
    endloop
  endfacet
  facet normal -0.831481 0.555553 0
    outer loop
      vertex 0.401917 34.5 0
      vertex 0.619934 34.8263 11.9
      vertex 0.619934 34.8263 0
    endloop
  endfacet
  facet normal -0.831481 0.555553 0
    outer loop
      vertex 0.619934 34.8263 11.9
      vertex 0.401917 34.5 0
      vertex 0.401917 34.5 11.9
    endloop
  endfacet
  facet normal 0.751724 0.659478 0
    outer loop
      vertex 45.3801 34.8263 11.9
      vertex 45.1213 35.1213 0
      vertex 45.1213 35.1213 11.9
    endloop
  endfacet
  facet normal 0.751724 0.659478 0
    outer loop
      vertex 45.1213 35.1213 0
      vertex 45.3801 34.8263 11.9
      vertex 45.3801 34.8263 0
    endloop
  endfacet
  facet normal 0.0654873 0.997853 -0
    outer loop
      vertex 43.3916 35.9743 0
      vertex 43 36 11.9
      vertex 43.3916 35.9743 11.9
    endloop
  endfacet
  facet normal 0.0654873 0.997853 0
    outer loop
      vertex 43 36 11.9
      vertex 43.3916 35.9743 0
      vertex 43 36 0
    endloop
  endfacet
  facet normal -0.194945 0.980814 0
    outer loop
      vertex 2.60843 35.9743 0
      vertex 2.22354 35.8978 11.9
      vertex 2.60843 35.9743 11.9
    endloop
  endfacet
  facet normal -0.194945 0.980814 0
    outer loop
      vertex 2.22354 35.8978 11.9
      vertex 2.60843 35.9743 0
      vertex 2.22354 35.8978 0
    endloop
  endfacet
  facet normal 0.442211 0.896911 -0
    outer loop
      vertex 44.5 35.5981 0
      vertex 44.1481 35.7716 11.9
      vertex 44.5 35.5981 11.9
    endloop
  endfacet
  facet normal 0.442211 0.896911 0
    outer loop
      vertex 44.1481 35.7716 11.9
      vertex 44.5 35.5981 0
      vertex 44.1481 35.7716 0
    endloop
  endfacet
  facet normal -0.659342 -0.751843 0
    outer loop
      vertex 0.878677 0.878677 0
      vertex 1.17372 0.619934 11.9
      vertex 0.878677 0.878677 11.9
    endloop
  endfacet
  facet normal -0.659342 -0.751843 -0
    outer loop
      vertex 1.17372 0.619934 11.9
      vertex 0.878677 0.878677 0
      vertex 1.17372 0.619934 0
    endloop
  endfacet
  facet normal 0.659396 -0.751796 0
    outer loop
      vertex 44.8263 0.619934 0
      vertex 45.1213 0.878677 11.9
      vertex 44.8263 0.619934 11.9
    endloop
  endfacet
  facet normal 0.659396 -0.751796 0
    outer loop
      vertex 45.1213 0.878677 11.9
      vertex 44.8263 0.619934 0
      vertex 45.1213 0.878677 0
    endloop
  endfacet
  facet normal -0.442281 -0.896876 0
    outer loop
      vertex 1.5 0.401917 0
      vertex 1.85194 0.228363 11.9
      vertex 1.5 0.401917 11.9
    endloop
  endfacet
  facet normal -0.442281 -0.896876 -0
    outer loop
      vertex 1.85194 0.228363 11.9
      vertex 1.5 0.401917 0
      vertex 1.85194 0.228363 0
    endloop
  endfacet
  facet normal 0.659478 0.751724 -0
    outer loop
      vertex 45.1213 35.1213 0
      vertex 44.8263 35.3801 11.9
      vertex 45.1213 35.1213 11.9
    endloop
  endfacet
  facet normal 0.659478 0.751724 0
    outer loop
      vertex 44.8263 35.3801 11.9
      vertex 45.1213 35.1213 0
      vertex 44.8263 35.3801 0
    endloop
  endfacet
  facet normal -0.980789 0.195072 0
    outer loop
      vertex 0.0256653 33.3916 0
      vertex 0.102219 33.7765 11.9
      vertex 0.102219 33.7765 0
    endloop
  endfacet
  facet normal -0.980789 0.195072 0
    outer loop
      vertex 0.102219 33.7765 11.9
      vertex 0.0256653 33.3916 0
      vertex 0.0256653 33.3916 11.9
    endloop
  endfacet
  facet normal 0.946885 -0.321574 0
    outer loop
      vertex 45.7716 1.85194 11.9
      vertex 45.8978 2.22354 0
      vertex 45.8978 2.22354 11.9
    endloop
  endfacet
  facet normal 0.946885 -0.321574 0
    outer loop
      vertex 45.8978 2.22354 0
      vertex 45.7716 1.85194 11.9
      vertex 45.7716 1.85194 0
    endloop
  endfacet
  facet normal 0.751771 -0.659424 0
    outer loop
      vertex 45.1213 0.878677 11.9
      vertex 45.3801 1.17372 0
      vertex 45.3801 1.17372 11.9
    endloop
  endfacet
  facet normal 0.751771 -0.659424 0
    outer loop
      vertex 45.3801 1.17372 0
      vertex 45.1213 0.878677 11.9
      vertex 45.1213 0.878677 0
    endloop
  endfacet
  facet normal -0.997859 0.0653993 0
    outer loop
      vertex 0 33 0
      vertex 0.0256653 33.3916 11.9
      vertex 0.0256653 33.3916 0
    endloop
  endfacet
  facet normal -0.997859 0.0653993 0
    outer loop
      vertex 0.0256653 33.3916 11.9
      vertex 0 33 0
      vertex 0 33 11.9
    endloop
  endfacet
  facet normal 0.997853 0.0654873 0
    outer loop
      vertex 46 33 11.9
      vertex 45.9743 33.3916 0
      vertex 45.9743 33.3916 11.9
    endloop
  endfacet
  facet normal 0.997853 0.0654873 0
    outer loop
      vertex 45.9743 33.3916 0
      vertex 46 33 11.9
      vertex 46 33 0
    endloop
  endfacet
  facet normal 0.831501 0.555523 0
    outer loop
      vertex 45.5981 34.5 11.9
      vertex 45.3801 34.8263 0
      vertex 45.3801 34.8263 11.9
    endloop
  endfacet
  facet normal 0.831501 0.555523 0
    outer loop
      vertex 45.3801 34.8263 0
      vertex 45.5981 34.5 11.9
      vertex 45.5981 34.5 0
    endloop
  endfacet
  facet normal -0.751843 -0.659342 0
    outer loop
      vertex 0.878677 0.878677 0
      vertex 0.619934 1.17372 11.9
      vertex 0.619934 1.17372 0
    endloop
  endfacet
  facet normal -0.751843 -0.659342 0
    outer loop
      vertex 0.619934 1.17372 11.9
      vertex 0.878677 0.878677 0
      vertex 0.878677 0.878677 11.9
    endloop
  endfacet
  facet normal 0.321574 0.946885 -0
    outer loop
      vertex 44.1481 35.7716 0
      vertex 43.7765 35.8978 11.9
      vertex 44.1481 35.7716 11.9
    endloop
  endfacet
  facet normal 0.321574 0.946885 0
    outer loop
      vertex 43.7765 35.8978 11.9
      vertex 44.1481 35.7716 0
      vertex 43.7765 35.8978 0
    endloop
  endfacet
  facet normal -0.831465 -0.555577 0
    outer loop
      vertex 0.619934 1.17372 0
      vertex 0.401917 1.5 11.9
      vertex 0.401917 1.5 0
    endloop
  endfacet
  facet normal -0.831465 -0.555577 0
    outer loop
      vertex 0.401917 1.5 11.9
      vertex 0.619934 1.17372 0
      vertex 0.619934 1.17372 11.9
    endloop
  endfacet
  facet normal 0.896911 0.442211 0
    outer loop
      vertex 45.7716 34.1481 11.9
      vertex 45.5981 34.5 0
      vertex 45.5981 34.5 11.9
    endloop
  endfacet
  facet normal 0.896911 0.442211 0
    outer loop
      vertex 45.5981 34.5 0
      vertex 45.7716 34.1481 11.9
      vertex 45.7716 34.1481 0
    endloop
  endfacet
  facet normal 0.980815 0.19494 0
    outer loop
      vertex 45.9743 33.3916 11.9
      vertex 45.8978 33.7765 0
      vertex 45.8978 33.7765 11.9
    endloop
  endfacet
  facet normal 0.980815 0.19494 0
    outer loop
      vertex 45.8978 33.7765 0
      vertex 45.9743 33.3916 11.9
      vertex 45.9743 33.3916 0
    endloop
  endfacet
  facet normal -0.980788 -0.195076 0
    outer loop
      vertex 0.102219 2.22354 0
      vertex 0.0256653 2.60843 11.9
      vertex 0.0256653 2.60843 0
    endloop
  endfacet
  facet normal -0.980788 -0.195076 0
    outer loop
      vertex 0.0256653 2.60843 11.9
      vertex 0.102219 2.22354 0
      vertex 0.102219 2.22354 11.9
    endloop
  endfacet
  facet normal 0 0 -1
    outer loop
      vertex 43 0 0
      vertex 46 3 0
      vertex 45.9743 2.60843 0
    endloop
  endfacet
  facet normal 0 0 -1
    outer loop
      vertex 46 3 0
      vertex 41.1 19.1 0
      vertex 46 33 0
    endloop
  endfacet
  facet normal 0 0 -1
    outer loop
      vertex 43 0 0
      vertex 45.9743 2.60843 0
      vertex 45.8978 2.22354 0
    endloop
  endfacet
  facet normal 0 0 -1
    outer loop
      vertex 41.0812 19.3872 0
      vertex 46 33 0
      vertex 41.1 19.1 0
    endloop
  endfacet
  facet normal 0 0 -1
    outer loop
      vertex 43 0 0
      vertex 45.8978 2.22354 0
      vertex 45.7716 1.85194 0
    endloop
  endfacet
  facet normal 0 0 -1
    outer loop
      vertex 41.025 19.6694 0
      vertex 46 33 0
      vertex 41.0812 19.3872 0
    endloop
  endfacet
  facet normal 0 0 -1
    outer loop
      vertex 43 0 0
      vertex 45.7716 1.85194 0
      vertex 45.5981 1.5 0
    endloop
  endfacet
  facet normal 0 0 -1
    outer loop
      vertex 40.9325 19.9419 0
      vertex 46 33 0
      vertex 41.025 19.6694 0
    endloop
  endfacet
  facet normal 0 0 -1
    outer loop
      vertex 43 0 0
      vertex 45.5981 1.5 0
      vertex 45.3801 1.17372 0
    endloop
  endfacet
  facet normal 0 0 -1
    outer loop
      vertex 40.8053 20.2 0
      vertex 46 33 0
      vertex 40.9325 19.9419 0
    endloop
  endfacet
  facet normal 0 0 -1
    outer loop
      vertex 43 0 0
      vertex 45.3801 1.17372 0
      vertex 45.1213 0.878677 0
    endloop
  endfacet
  facet normal 0 0 -1
    outer loop
      vertex 40.6454 20.4393 0
      vertex 46 33 0
      vertex 40.8053 20.2 0
    endloop
  endfacet
  facet normal 0 0 -1
    outer loop
      vertex 43 0 0
      vertex 45.1213 0.878677 0
      vertex 44.8263 0.619934 0
    endloop
  endfacet
  facet normal 0 0 -1
    outer loop
      vertex 40.4556 20.6556 0
      vertex 46 33 0
      vertex 40.6454 20.4393 0
    endloop
  endfacet
  facet normal 0 0 -1
    outer loop
      vertex 43 0 0
      vertex 44.8263 0.619934 0
      vertex 44.5 0.401917 0
    endloop
  endfacet
  facet normal 0 0 -1
    outer loop
      vertex 40.2393 20.8454 0
      vertex 46 33 0
      vertex 40.4556 20.6556 0
    endloop
  endfacet
  facet normal 0 0 -1
    outer loop
      vertex 43 0 0
      vertex 44.5 0.401917 0
      vertex 44.1481 0.228363 0
    endloop
  endfacet
  facet normal 0 0 -1
    outer loop
      vertex 40 21.0053 0
      vertex 46 33 0
      vertex 40.2393 20.8454 0
    endloop
  endfacet
  facet normal 0 0 -1
    outer loop
      vertex 43 0 0
      vertex 44.1481 0.228363 0
      vertex 43.7765 0.102219 0
    endloop
  endfacet
  facet normal 0 0 -1
    outer loop
      vertex 39.7419 21.1325 0
      vertex 46 33 0
      vertex 40 21.0053 0
    endloop
  endfacet
  facet normal 0 0 -1
    outer loop
      vertex 43 0 0
      vertex 43.7765 0.102219 0
      vertex 43.3916 0.0256653 0
    endloop
  endfacet
  facet normal 0 0 -1
    outer loop
      vertex 39.4694 21.225 0
      vertex 46 33 0
      vertex 39.7419 21.1325 0
    endloop
  endfacet
  facet normal -0 0 -1
    outer loop
      vertex 46 3 0
      vertex 43 0 0
      vertex 38.9 16.9 0
    endloop
  endfacet
  facet normal 0 0 -1
    outer loop
      vertex 39.1872 21.2812 0
      vertex 46 33 0
      vertex 39.4694 21.225 0
    endloop
  endfacet
  facet normal 0 0 -1
    outer loop
      vertex 38.9 21.3 0
      vertex 46 33 0
      vertex 39.1872 21.2812 0
    endloop
  endfacet
  facet normal 0 0 -1
    outer loop
      vertex 46 3 0
      vertex 41.0812 18.8128 0
      vertex 41.1 19.1 0
    endloop
  endfacet
  facet normal 0 0 -1
    outer loop
      vertex 46 3 0
      vertex 41.025 18.5306 0
      vertex 41.0812 18.8128 0
    endloop
  endfacet
  facet normal 0 0 -1
    outer loop
      vertex 46 3 0
      vertex 40.9325 18.2581 0
      vertex 41.025 18.5306 0
    endloop
  endfacet
  facet normal 0 0 -1
    outer loop
      vertex 46 3 0
      vertex 40.8053 18 0
      vertex 40.9325 18.2581 0
    endloop
  endfacet
  facet normal 0 0 -1
    outer loop
      vertex 46 3 0
      vertex 40.6454 17.7607 0
      vertex 40.8053 18 0
    endloop
  endfacet
  facet normal 0 0 -1
    outer loop
      vertex 46 3 0
      vertex 40.4556 17.5444 0
      vertex 40.6454 17.7607 0
    endloop
  endfacet
  facet normal 0 0 -1
    outer loop
      vertex 46 3 0
      vertex 40.2393 17.3546 0
      vertex 40.4556 17.5444 0
    endloop
  endfacet
  facet normal 0 0 -1
    outer loop
      vertex 46 3 0
      vertex 40 17.1947 0
      vertex 40.2393 17.3546 0
    endloop
  endfacet
  facet normal 0 0 -1
    outer loop
      vertex 46 3 0
      vertex 39.7419 17.0675 0
      vertex 40 17.1947 0
    endloop
  endfacet
  facet normal 0 0 -1
    outer loop
      vertex 46 3 0
      vertex 39.4694 16.975 0
      vertex 39.7419 17.0675 0
    endloop
  endfacet
  facet normal 0 0 -1
    outer loop
      vertex 46 3 0
      vertex 39.1872 16.9188 0
      vertex 39.4694 16.975 0
    endloop
  endfacet
  facet normal 0 0 -1
    outer loop
      vertex 46 3 0
      vertex 38.9 16.9 0
      vertex 39.1872 16.9188 0
    endloop
  endfacet
  facet normal 0 0 -1
    outer loop
      vertex 43 0 0
      vertex 38.6128 16.9188 0
      vertex 38.9 16.9 0
    endloop
  endfacet
  facet normal 0 0 -1
    outer loop
      vertex 43 0 0
      vertex 38.3306 16.975 0
      vertex 38.6128 16.9188 0
    endloop
  endfacet
  facet normal 0 0 -1
    outer loop
      vertex 43 0 0
      vertex 38.0581 17.0675 0
      vertex 38.3306 16.975 0
    endloop
  endfacet
  facet normal 0 0 -1
    outer loop
      vertex 43 0 0
      vertex 37.8 17.1947 0
      vertex 38.0581 17.0675 0
    endloop
  endfacet
  facet normal 0 0 -1
    outer loop
      vertex 43 0 0
      vertex 37.5607 17.3546 0
      vertex 37.8 17.1947 0
    endloop
  endfacet
  facet normal 0 0 -1
    outer loop
      vertex 43 0 0
      vertex 37.3444 17.5444 0
      vertex 37.5607 17.3546 0
    endloop
  endfacet
  facet normal 0 0 -1
    outer loop
      vertex 3 0 0
      vertex 37.3444 17.5444 0
      vertex 43 0 0
    endloop
  endfacet
  facet normal -0 0 -1
    outer loop
      vertex 37.3444 17.5444 0
      vertex 3 0 0
      vertex 37.1546 17.7607 0
    endloop
  endfacet
  facet normal -0 0 -1
    outer loop
      vertex 37.1546 17.7607 0
      vertex 3 0 0
      vertex 36.9947 18 0
    endloop
  endfacet
  facet normal -0 0 -1
    outer loop
      vertex 36.9947 18 0
      vertex 3 0 0
      vertex 36.8675 18.2581 0
    endloop
  endfacet
  facet normal 0 0 -1
    outer loop
      vertex 0 3 0
      vertex 36.7188 18.8128 0
      vertex 3 0 0
    endloop
  endfacet
  facet normal -0 0 -1
    outer loop
      vertex 36.775 18.5306 0
      vertex 3 0 0
      vertex 36.7188 18.8128 0
    endloop
  endfacet
  facet normal -0 0 -1
    outer loop
      vertex 36.8675 18.2581 0
      vertex 3 0 0
      vertex 36.775 18.5306 0
    endloop
  endfacet
  facet normal 0 0 -1
    outer loop
      vertex 46 33 0
      vertex 43 36 0
      vertex 45.9743 33.3916 0
    endloop
  endfacet
  facet normal 0 0 -1
    outer loop
      vertex 45.9743 33.3916 0
      vertex 43 36 0
      vertex 45.8978 33.7765 0
    endloop
  endfacet
  facet normal 0 0 -1
    outer loop
      vertex 45.8978 33.7765 0
      vertex 43 36 0
      vertex 45.7716 34.1481 0
    endloop
  endfacet
  facet normal 0 0 -1
    outer loop
      vertex 45.5981 34.5 0
      vertex 43 36 0
      vertex 45.3801 34.8263 0
    endloop
  endfacet
  facet normal 0 0 -1
    outer loop
      vertex 45.3801 34.8263 0
      vertex 43 36 0
      vertex 45.1213 35.1213 0
    endloop
  endfacet
  facet normal 0 0 -1
    outer loop
      vertex 45.1213 35.1213 0
      vertex 43 36 0
      vertex 44.8263 35.3801 0
    endloop
  endfacet
  facet normal 0 0 -1
    outer loop
      vertex 44.5 35.5981 0
      vertex 43 36 0
      vertex 44.1481 35.7716 0
    endloop
  endfacet
  facet normal 0 0 -1
    outer loop
      vertex 44.1481 35.7716 0
      vertex 43 36 0
      vertex 43.7765 35.8978 0
    endloop
  endfacet
  facet normal 0 0 -1
    outer loop
      vertex 43.7765 35.8978 0
      vertex 43 36 0
      vertex 43.3916 35.9743 0
    endloop
  endfacet
  facet normal 0 0 -1
    outer loop
      vertex 44.8263 35.3801 0
      vertex 43 36 0
      vertex 44.5 35.5981 0
    endloop
  endfacet
  facet normal 0 0 -1
    outer loop
      vertex 45.7716 34.1481 0
      vertex 43 36 0
      vertex 45.5981 34.5 0
    endloop
  endfacet
  facet normal -0 0 -1
    outer loop
      vertex 46 33 0
      vertex 38.9 21.3 0
      vertex 43 36 0
    endloop
  endfacet
  facet normal 0 0 -1
    outer loop
      vertex 38.6128 21.2812 0
      vertex 43 36 0
      vertex 38.9 21.3 0
    endloop
  endfacet
  facet normal 0 0 -1
    outer loop
      vertex 38.3306 21.225 0
      vertex 43 36 0
      vertex 38.6128 21.2812 0
    endloop
  endfacet
  facet normal 0 0 -1
    outer loop
      vertex 38.0581 21.1325 0
      vertex 43 36 0
      vertex 38.3306 21.225 0
    endloop
  endfacet
  facet normal 0 0 -1
    outer loop
      vertex 37.8 21.0053 0
      vertex 43 36 0
      vertex 38.0581 21.1325 0
    endloop
  endfacet
  facet normal 0 0 -1
    outer loop
      vertex 37.5607 20.8454 0
      vertex 43 36 0
      vertex 37.8 21.0053 0
    endloop
  endfacet
  facet normal 0 0 -1
    outer loop
      vertex 37.3444 20.6556 0
      vertex 43 36 0
      vertex 37.5607 20.8454 0
    endloop
  endfacet
  facet normal 0 0 -1
    outer loop
      vertex 3 36 0
      vertex 37.3444 20.6556 0
      vertex 37.1546 20.4393 0
    endloop
  endfacet
  facet normal 0 0 -1
    outer loop
      vertex 3 36 0
      vertex 37.1546 20.4393 0
      vertex 36.9947 20.2 0
    endloop
  endfacet
  facet normal 0 0 -1
    outer loop
      vertex 3 36 0
      vertex 36.9947 20.2 0
      vertex 36.8675 19.9419 0
    endloop
  endfacet
  facet normal -0 0 -1
    outer loop
      vertex 36.7188 18.8128 0
      vertex 0 3 0
      vertex 36.7 19.1 0
    endloop
  endfacet
  facet normal 0 0 -1
    outer loop
      vertex 0 33 0
      vertex 36.7 19.1 0
      vertex 0 3 0
    endloop
  endfacet
  facet normal 0 -0 -1
    outer loop
      vertex 3 36 0
      vertex 36.7 19.1 0
      vertex 0 33 0
    endloop
  endfacet
  facet normal 0 0 -1
    outer loop
      vertex 36.7 19.1 0
      vertex 3 36 0
      vertex 36.7188 19.3872 0
    endloop
  endfacet
  facet normal 0 0 -1
    outer loop
      vertex 37.3444 20.6556 0
      vertex 3 36 0
      vertex 43 36 0
    endloop
  endfacet
  facet normal 0 0 -1
    outer loop
      vertex 0 3 0
      vertex 3 0 0
      vertex 2.60843 0.0256653 0
    endloop
  endfacet
  facet normal 0 0 -1
    outer loop
      vertex 36.7188 19.3872 0
      vertex 3 36 0
      vertex 36.775 19.6694 0
    endloop
  endfacet
  facet normal 0 0 -1
    outer loop
      vertex 0 3 0
      vertex 2.60843 0.0256653 0
      vertex 2.22354 0.102219 0
    endloop
  endfacet
  facet normal 0 0 -1
    outer loop
      vertex 36.775 19.6694 0
      vertex 3 36 0
      vertex 36.8675 19.9419 0
    endloop
  endfacet
  facet normal 0 0 -1
    outer loop
      vertex 0 3 0
      vertex 2.22354 0.102219 0
      vertex 1.85194 0.228363 0
    endloop
  endfacet
  facet normal 0 0 -1
    outer loop
      vertex 3 36 0
      vertex 0 33 0
      vertex 2.60843 35.9743 0
    endloop
  endfacet
  facet normal 0 0 -1
    outer loop
      vertex 0 3 0
      vertex 1.85194 0.228363 0
      vertex 1.5 0.401917 0
    endloop
  endfacet
  facet normal 0 0 -1
    outer loop
      vertex 2.60843 35.9743 0
      vertex 0 33 0
      vertex 2.22354 35.8978 0
    endloop
  endfacet
  facet normal 0 0 -1
    outer loop
      vertex 0 3 0
      vertex 1.5 0.401917 0
      vertex 1.17372 0.619934 0
    endloop
  endfacet
  facet normal 0 0 -1
    outer loop
      vertex 2.22354 35.8978 0
      vertex 0 33 0
      vertex 1.85194 35.7716 0
    endloop
  endfacet
  facet normal 0 0 -1
    outer loop
      vertex 0 3 0
      vertex 1.17372 0.619934 0
      vertex 0.878677 0.878677 0
    endloop
  endfacet
  facet normal 0 0 -1
    outer loop
      vertex 1.85194 35.7716 0
      vertex 0 33 0
      vertex 1.5 35.5981 0
    endloop
  endfacet
  facet normal 0 0 -1
    outer loop
      vertex 0 3 0
      vertex 0.878677 0.878677 0
      vertex 0.619934 1.17372 0
    endloop
  endfacet
  facet normal 0 0 -1
    outer loop
      vertex 1.5 35.5981 0
      vertex 0 33 0
      vertex 1.17372 35.3801 0
    endloop
  endfacet
  facet normal 0 0 -1
    outer loop
      vertex 0 3 0
      vertex 0.619934 1.17372 0
      vertex 0.401917 1.5 0
    endloop
  endfacet
  facet normal 0 0 -1
    outer loop
      vertex 1.17372 35.3801 0
      vertex 0 33 0
      vertex 0.878677 35.1213 0
    endloop
  endfacet
  facet normal 0 0 -1
    outer loop
      vertex 0 3 0
      vertex 0.401917 1.5 0
      vertex 0.228363 1.85194 0
    endloop
  endfacet
  facet normal 0 0 -1
    outer loop
      vertex 0.878677 35.1213 0
      vertex 0 33 0
      vertex 0.619934 34.8263 0
    endloop
  endfacet
  facet normal 0 0 -1
    outer loop
      vertex 0 3 0
      vertex 0.228363 1.85194 0
      vertex 0.102219 2.22354 0
    endloop
  endfacet
  facet normal 0 0 -1
    outer loop
      vertex 0.619934 34.8263 0
      vertex 0 33 0
      vertex 0.401917 34.5 0
    endloop
  endfacet
  facet normal 0 0 -1
    outer loop
      vertex 0 3 0
      vertex 0.102219 2.22354 0
      vertex 0.0256653 2.60843 0
    endloop
  endfacet
  facet normal 0 0 -1
    outer loop
      vertex 0.401917 34.5 0
      vertex 0 33 0
      vertex 0.228363 34.1481 0
    endloop
  endfacet
  facet normal 0 0 -1
    outer loop
      vertex 0.228363 34.1481 0
      vertex 0 33 0
      vertex 0.102219 33.7765 0
    endloop
  endfacet
  facet normal 0 0 -1
    outer loop
      vertex 0.102219 33.7765 0
      vertex 0 33 0
      vertex 0.0256653 33.3916 0
    endloop
  endfacet
  facet normal 0.997853 -0.0654923 0
    outer loop
      vertex 45.9743 2.60843 11.9
      vertex 46 3 0
      vertex 46 3 11.9
    endloop
  endfacet
  facet normal 0.997853 -0.0654923 0
    outer loop
      vertex 46 3 0
      vertex 45.9743 2.60843 11.9
      vertex 45.9743 2.60843 0
    endloop
  endfacet
  facet normal 0 0 1
    outer loop
      vertex 44.4 33 11.9
      vertex 46 33 11.9
      vertex 45.9743 33.3916 11.9
    endloop
  endfacet
  facet normal 0 0 1
    outer loop
      vertex 46 33 11.9
      vertex 44.4 33 11.9
      vertex 46 3 11.9
    endloop
  endfacet
  facet normal 0 0 1
    outer loop
      vertex 44.388 33.1827 11.9
      vertex 45.9743 33.3916 11.9
      vertex 45.8978 33.7765 11.9
    endloop
  endfacet
  facet normal 0 0 1
    outer loop
      vertex 44.4 3 11.9
      vertex 46 3 11.9
      vertex 44.4 33 11.9
    endloop
  endfacet
  facet normal 0 0 1
    outer loop
      vertex 44.3523 33.3624 11.9
      vertex 45.8978 33.7765 11.9
      vertex 45.7716 34.1481 11.9
    endloop
  endfacet
  facet normal 0 0 1
    outer loop
      vertex 46 3 11.9
      vertex 44.4 3 11.9
      vertex 45.9743 2.60843 11.9
    endloop
  endfacet
  facet normal 0 0 1
    outer loop
      vertex 44.2934 33.5358 11.9
      vertex 45.7716 34.1481 11.9
      vertex 45.5981 34.5 11.9
    endloop
  endfacet
  facet normal -0 0 1
    outer loop
      vertex 44.388 2.81726 11.9
      vertex 45.9743 2.60843 11.9
      vertex 44.4 3 11.9
    endloop
  endfacet
  facet normal 0 0 1
    outer loop
      vertex 44.2124 33.7 11.9
      vertex 45.5981 34.5 11.9
      vertex 45.3801 34.8263 11.9
    endloop
  endfacet
  facet normal 0 0 1
    outer loop
      vertex 45.9743 2.60843 11.9
      vertex 44.388 2.81726 11.9
      vertex 45.8978 2.22354 11.9
    endloop
  endfacet
  facet normal 0 0 1
    outer loop
      vertex 44.1107 33.8523 11.9
      vertex 45.3801 34.8263 11.9
      vertex 45.1213 35.1213 11.9
    endloop
  endfacet
  facet normal -0 0 1
    outer loop
      vertex 44.3523 2.63765 11.9
      vertex 45.8978 2.22354 11.9
      vertex 44.388 2.81726 11.9
    endloop
  endfacet
  facet normal 0 0 1
    outer loop
      vertex 43.9899 33.9899 11.9
      vertex 45.1213 35.1213 11.9
      vertex 44.8263 35.3801 11.9
    endloop
  endfacet
  facet normal 0 0 1
    outer loop
      vertex 45.8978 2.22354 11.9
      vertex 44.3523 2.63765 11.9
      vertex 45.7716 1.85194 11.9
    endloop
  endfacet
  facet normal 0 0 1
    outer loop
      vertex 43.8523 34.1107 11.9
      vertex 44.8263 35.3801 11.9
      vertex 44.5 35.5981 11.9
    endloop
  endfacet
  facet normal -0 0 1
    outer loop
      vertex 44.2934 2.46425 11.9
      vertex 45.7716 1.85194 11.9
      vertex 44.3523 2.63765 11.9
    endloop
  endfacet
  facet normal 0 0 1
    outer loop
      vertex 45.7716 1.85194 11.9
      vertex 44.2934 2.46425 11.9
      vertex 45.5981 1.5 11.9
    endloop
  endfacet
  facet normal 0 0 1
    outer loop
      vertex 45.9743 33.3916 11.9
      vertex 44.388 33.1827 11.9
      vertex 44.4 33 11.9
    endloop
  endfacet
  facet normal 0 0 1
    outer loop
      vertex 45.8978 33.7765 11.9
      vertex 44.3523 33.3624 11.9
      vertex 44.388 33.1827 11.9
    endloop
  endfacet
  facet normal 0 0 1
    outer loop
      vertex 45.7716 34.1481 11.9
      vertex 44.2934 33.5358 11.9
      vertex 44.3523 33.3624 11.9
    endloop
  endfacet
  facet normal 0 0 1
    outer loop
      vertex 45.5981 34.5 11.9
      vertex 44.2124 33.7 11.9
      vertex 44.2934 33.5358 11.9
    endloop
  endfacet
  facet normal 0 0 1
    outer loop
      vertex 43.7 34.2124 11.9
      vertex 44.5 35.5981 11.9
      vertex 44.1481 35.7716 11.9
    endloop
  endfacet
  facet normal 0 0 1
    outer loop
      vertex 45.3801 34.8263 11.9
      vertex 44.1107 33.8523 11.9
      vertex 44.2124 33.7 11.9
    endloop
  endfacet
  facet normal 0 0 1
    outer loop
      vertex 45.1213 35.1213 11.9
      vertex 43.9899 33.9899 11.9
      vertex 44.1107 33.8523 11.9
    endloop
  endfacet
  facet normal 0 0 1
    outer loop
      vertex 44.8263 35.3801 11.9
      vertex 43.8523 34.1107 11.9
      vertex 43.9899 33.9899 11.9
    endloop
  endfacet
  facet normal 0 0 1
    outer loop
      vertex 43.5358 34.2934 11.9
      vertex 44.1481 35.7716 11.9
      vertex 43.7765 35.8978 11.9
    endloop
  endfacet
  facet normal 0 0 1
    outer loop
      vertex 44.5 35.5981 11.9
      vertex 43.7 34.2124 11.9
      vertex 43.8523 34.1107 11.9
    endloop
  endfacet
  facet normal 0 0 1
    outer loop
      vertex 44.1481 35.7716 11.9
      vertex 43.5358 34.2934 11.9
      vertex 43.7 34.2124 11.9
    endloop
  endfacet
  facet normal 0 0 1
    outer loop
      vertex 43.3624 34.3523 11.9
      vertex 43.7765 35.8978 11.9
      vertex 43.3916 35.9743 11.9
    endloop
  endfacet
  facet normal 0 0 1
    outer loop
      vertex 43.7765 35.8978 11.9
      vertex 43.3624 34.3523 11.9
      vertex 43.5358 34.2934 11.9
    endloop
  endfacet
  facet normal 0 0 1
    outer loop
      vertex 43.3916 35.9743 11.9
      vertex 43.1827 34.388 11.9
      vertex 43.3624 34.3523 11.9
    endloop
  endfacet
  facet normal 0 0 1
    outer loop
      vertex 43 36 11.9
      vertex 43.1827 34.388 11.9
      vertex 43.3916 35.9743 11.9
    endloop
  endfacet
  facet normal 0 0 1
    outer loop
      vertex 43 36 11.9
      vertex 43 34.4 11.9
      vertex 43.1827 34.388 11.9
    endloop
  endfacet
  facet normal -0 0 1
    outer loop
      vertex 3 36 11.9
      vertex 43 34.4 11.9
      vertex 43 36 11.9
    endloop
  endfacet
  facet normal 0 0 1
    outer loop
      vertex 3 36 11.9
      vertex 3 34.4 11.9
      vertex 43 34.4 11.9
    endloop
  endfacet
  facet normal 0 0 1
    outer loop
      vertex 3 36 11.9
      vertex 2.81726 34.388 11.9
      vertex 3 34.4 11.9
    endloop
  endfacet
  facet normal -0 0 1
    outer loop
      vertex 2.60843 35.9743 11.9
      vertex 2.81726 34.388 11.9
      vertex 3 36 11.9
    endloop
  endfacet
  facet normal 0 0 1
    outer loop
      vertex 2.81726 34.388 11.9
      vertex 2.60843 35.9743 11.9
      vertex 2.63765 34.3523 11.9
    endloop
  endfacet
  facet normal -0 0 1
    outer loop
      vertex 2.22354 35.8978 11.9
      vertex 2.63765 34.3523 11.9
      vertex 2.60843 35.9743 11.9
    endloop
  endfacet
  facet normal 0 0 1
    outer loop
      vertex 2.63765 34.3523 11.9
      vertex 2.22354 35.8978 11.9
      vertex 2.46425 34.2934 11.9
    endloop
  endfacet
  facet normal -0 0 1
    outer loop
      vertex 1.85194 35.7716 11.9
      vertex 2.46425 34.2934 11.9
      vertex 2.22354 35.8978 11.9
    endloop
  endfacet
  facet normal 0 0 1
    outer loop
      vertex 2.46425 34.2934 11.9
      vertex 1.85194 35.7716 11.9
      vertex 2.3 34.2124 11.9
    endloop
  endfacet
  facet normal -0 0 1
    outer loop
      vertex 1.5 35.5981 11.9
      vertex 2.3 34.2124 11.9
      vertex 1.85194 35.7716 11.9
    endloop
  endfacet
  facet normal 0 0 1
    outer loop
      vertex 2.3 34.2124 11.9
      vertex 1.5 35.5981 11.9
      vertex 2.14774 34.1107 11.9
    endloop
  endfacet
  facet normal -0 0 1
    outer loop
      vertex 1.17372 35.3801 11.9
      vertex 2.14774 34.1107 11.9
      vertex 1.5 35.5981 11.9
    endloop
  endfacet
  facet normal 0 0 1
    outer loop
      vertex 2.14774 34.1107 11.9
      vertex 1.17372 35.3801 11.9
      vertex 2.01006 33.9899 11.9
    endloop
  endfacet
  facet normal -0 0 1
    outer loop
      vertex 0.878677 35.1213 11.9
      vertex 2.01006 33.9899 11.9
      vertex 1.17372 35.3801 11.9
    endloop
  endfacet
  facet normal 0 0 1
    outer loop
      vertex 2.01006 33.9899 11.9
      vertex 0.878677 35.1213 11.9
      vertex 1.88931 33.8523 11.9
    endloop
  endfacet
  facet normal -0 0 1
    outer loop
      vertex 0.619934 34.8263 11.9
      vertex 1.88931 33.8523 11.9
      vertex 0.878677 35.1213 11.9
    endloop
  endfacet
  facet normal 0 0 1
    outer loop
      vertex 1.78757 33.7 11.9
      vertex 0.401917 34.5 11.9
      vertex 1.70657 33.5358 11.9
    endloop
  endfacet
  facet normal -0 0 1
    outer loop
      vertex 0.401917 34.5 11.9
      vertex 1.78757 33.7 11.9
      vertex 0.619934 34.8263 11.9
    endloop
  endfacet
  facet normal 0 0 1
    outer loop
      vertex 1.88931 33.8523 11.9
      vertex 0.619934 34.8263 11.9
      vertex 1.78757 33.7 11.9
    endloop
  endfacet
  facet normal -0 0 1
    outer loop
      vertex 44.2124 2.3 11.9
      vertex 45.5981 1.5 11.9
      vertex 44.2934 2.46425 11.9
    endloop
  endfacet
  facet normal 0 0 1
    outer loop
      vertex 45.5981 1.5 11.9
      vertex 44.2124 2.3 11.9
      vertex 45.3801 1.17372 11.9
    endloop
  endfacet
  facet normal -0 0 1
    outer loop
      vertex 44.1107 2.14774 11.9
      vertex 45.3801 1.17372 11.9
      vertex 44.2124 2.3 11.9
    endloop
  endfacet
  facet normal 0 0 1
    outer loop
      vertex 45.3801 1.17372 11.9
      vertex 44.1107 2.14774 11.9
      vertex 45.1213 0.878677 11.9
    endloop
  endfacet
  facet normal -0 0 1
    outer loop
      vertex 43.9899 2.01006 11.9
      vertex 45.1213 0.878677 11.9
      vertex 44.1107 2.14774 11.9
    endloop
  endfacet
  facet normal 0 0 1
    outer loop
      vertex 45.1213 0.878677 11.9
      vertex 43.9899 2.01006 11.9
      vertex 44.8263 0.619934 11.9
    endloop
  endfacet
  facet normal -0 0 1
    outer loop
      vertex 43.8523 1.88931 11.9
      vertex 44.8263 0.619934 11.9
      vertex 43.9899 2.01006 11.9
    endloop
  endfacet
  facet normal 0 0 1
    outer loop
      vertex 44.8263 0.619934 11.9
      vertex 43.8523 1.88931 11.9
      vertex 44.5 0.401917 11.9
    endloop
  endfacet
  facet normal -0 0 1
    outer loop
      vertex 43.7 1.78757 11.9
      vertex 44.5 0.401917 11.9
      vertex 43.8523 1.88931 11.9
    endloop
  endfacet
  facet normal 0 0 1
    outer loop
      vertex 44.5 0.401917 11.9
      vertex 43.7 1.78757 11.9
      vertex 44.1481 0.228363 11.9
    endloop
  endfacet
  facet normal -0 0 1
    outer loop
      vertex 43.5358 1.70657 11.9
      vertex 44.1481 0.228363 11.9
      vertex 43.7 1.78757 11.9
    endloop
  endfacet
  facet normal 0 0 1
    outer loop
      vertex 44.1481 0.228363 11.9
      vertex 43.5358 1.70657 11.9
      vertex 43.7765 0.102219 11.9
    endloop
  endfacet
  facet normal -0 0 1
    outer loop
      vertex 43.3624 1.64771 11.9
      vertex 43.7765 0.102219 11.9
      vertex 43.5358 1.70657 11.9
    endloop
  endfacet
  facet normal 0 0 1
    outer loop
      vertex 43.7765 0.102219 11.9
      vertex 43.3624 1.64771 11.9
      vertex 43.3916 0.0256653 11.9
    endloop
  endfacet
  facet normal -0 0 1
    outer loop
      vertex 43.1827 1.61198 11.9
      vertex 43.3916 0.0256653 11.9
      vertex 43.3624 1.64771 11.9
    endloop
  endfacet
  facet normal -0 0 1
    outer loop
      vertex 43 1.60001 11.9
      vertex 43.3916 0.0256653 11.9
      vertex 43.1827 1.61198 11.9
    endloop
  endfacet
  facet normal 0 0 1
    outer loop
      vertex 43 1.60001 11.9
      vertex 43 0 11.9
      vertex 43.3916 0.0256653 11.9
    endloop
  endfacet
  facet normal -0 0 1
    outer loop
      vertex 3 1.60001 11.9
      vertex 43 0 11.9
      vertex 43 1.60001 11.9
    endloop
  endfacet
  facet normal 0 0 1
    outer loop
      vertex 3 1.60001 11.9
      vertex 3 0 11.9
      vertex 43 0 11.9
    endloop
  endfacet
  facet normal 0 0 1
    outer loop
      vertex 2.81726 1.61198 11.9
      vertex 3 0 11.9
      vertex 3 1.60001 11.9
    endloop
  endfacet
  facet normal 0 0 1
    outer loop
      vertex 2.60843 0.0256653 11.9
      vertex 2.81726 1.61198 11.9
      vertex 2.63765 1.64771 11.9
    endloop
  endfacet
  facet normal 0 0 1
    outer loop
      vertex 2.81726 1.61198 11.9
      vertex 2.60843 0.0256653 11.9
      vertex 3 0 11.9
    endloop
  endfacet
  facet normal 0 0 1
    outer loop
      vertex 2.22354 0.102219 11.9
      vertex 2.63765 1.64771 11.9
      vertex 2.46425 1.70657 11.9
    endloop
  endfacet
  facet normal 0 0 1
    outer loop
      vertex 1.85194 0.228363 11.9
      vertex 2.46425 1.70657 11.9
      vertex 2.3 1.78757 11.9
    endloop
  endfacet
  facet normal 0 0 1
    outer loop
      vertex 2.63765 1.64771 11.9
      vertex 2.22354 0.102219 11.9
      vertex 2.60843 0.0256653 11.9
    endloop
  endfacet
  facet normal 0 0 1
    outer loop
      vertex 1.5 0.401917 11.9
      vertex 2.3 1.78757 11.9
      vertex 2.14774 1.88931 11.9
    endloop
  endfacet
  facet normal 0 0 1
    outer loop
      vertex 1.17372 0.619934 11.9
      vertex 2.14774 1.88931 11.9
      vertex 2.01006 2.01006 11.9
    endloop
  endfacet
  facet normal 0 0 1
    outer loop
      vertex 0.878677 0.878677 11.9
      vertex 2.01006 2.01006 11.9
      vertex 1.88931 2.14774 11.9
    endloop
  endfacet
  facet normal 0 0 1
    outer loop
      vertex 2.46425 1.70657 11.9
      vertex 1.85194 0.228363 11.9
      vertex 2.22354 0.102219 11.9
    endloop
  endfacet
  facet normal 0 0 1
    outer loop
      vertex 0.619934 1.17372 11.9
      vertex 1.88931 2.14774 11.9
      vertex 1.78757 2.3 11.9
    endloop
  endfacet
  facet normal 0 0 1
    outer loop
      vertex 0.401917 1.5 11.9
      vertex 1.78757 2.3 11.9
      vertex 1.70657 2.46425 11.9
    endloop
  endfacet
  facet normal 0 0 1
    outer loop
      vertex 0.228363 1.85194 11.9
      vertex 1.70657 2.46425 11.9
      vertex 1.64771 2.63765 11.9
    endloop
  endfacet
  facet normal 0 0 1
    outer loop
      vertex 0.102219 2.22354 11.9
      vertex 1.64771 2.63765 11.9
      vertex 1.61198 2.81726 11.9
    endloop
  endfacet
  facet normal 0 0 1
    outer loop
      vertex 2.3 1.78757 11.9
      vertex 1.5 0.401917 11.9
      vertex 1.85194 0.228363 11.9
    endloop
  endfacet
  facet normal 0 0 1
    outer loop
      vertex 0.0256653 2.60843 11.9
      vertex 1.61198 2.81726 11.9
      vertex 1.60001 3 11.9
    endloop
  endfacet
  facet normal 0 0 1
    outer loop
      vertex 1.60001 33 11.9
      vertex 0 33 11.9
      vertex 1.60001 3 11.9
    endloop
  endfacet
  facet normal -0 0 1
    outer loop
      vertex 0.228363 34.1481 11.9
      vertex 1.70657 33.5358 11.9
      vertex 0.401917 34.5 11.9
    endloop
  endfacet
  facet normal 0 0 1
    outer loop
      vertex 0 3 11.9
      vertex 1.60001 3 11.9
      vertex 0 33 11.9
    endloop
  endfacet
  facet normal 0 0 1
    outer loop
      vertex 1.70657 33.5358 11.9
      vertex 0.228363 34.1481 11.9
      vertex 1.64771 33.3624 11.9
    endloop
  endfacet
  facet normal 0 -0 1
    outer loop
      vertex 0.0256653 2.60843 11.9
      vertex 1.60001 3 11.9
      vertex 0 3 11.9
    endloop
  endfacet
  facet normal -0 0 1
    outer loop
      vertex 0.102219 33.7765 11.9
      vertex 1.64771 33.3624 11.9
      vertex 0.228363 34.1481 11.9
    endloop
  endfacet
  facet normal 0 0 1
    outer loop
      vertex 2.14774 1.88931 11.9
      vertex 1.17372 0.619934 11.9
      vertex 1.5 0.401917 11.9
    endloop
  endfacet
  facet normal 0 0 1
    outer loop
      vertex 1.64771 33.3624 11.9
      vertex 0.102219 33.7765 11.9
      vertex 1.61198 33.1827 11.9
    endloop
  endfacet
  facet normal 0 0 1
    outer loop
      vertex 2.01006 2.01006 11.9
      vertex 0.878677 0.878677 11.9
      vertex 1.17372 0.619934 11.9
    endloop
  endfacet
  facet normal -0 0 1
    outer loop
      vertex 0.0256653 33.3916 11.9
      vertex 1.61198 33.1827 11.9
      vertex 0.102219 33.7765 11.9
    endloop
  endfacet
  facet normal 0 0 1
    outer loop
      vertex 1.88931 2.14774 11.9
      vertex 0.619934 1.17372 11.9
      vertex 0.878677 0.878677 11.9
    endloop
  endfacet
  facet normal 0 0 1
    outer loop
      vertex 1.61198 33.1827 11.9
      vertex 0.0256653 33.3916 11.9
      vertex 1.60001 33 11.9
    endloop
  endfacet
  facet normal 0 0 1
    outer loop
      vertex 1.78757 2.3 11.9
      vertex 0.401917 1.5 11.9
      vertex 0.619934 1.17372 11.9
    endloop
  endfacet
  facet normal 0 0 1
    outer loop
      vertex 1.60001 33 11.9
      vertex 0.0256653 33.3916 11.9
      vertex 0 33 11.9
    endloop
  endfacet
  facet normal 0 0 1
    outer loop
      vertex 1.70657 2.46425 11.9
      vertex 0.228363 1.85194 11.9
      vertex 0.401917 1.5 11.9
    endloop
  endfacet
  facet normal 0 0 1
    outer loop
      vertex 1.64771 2.63765 11.9
      vertex 0.102219 2.22354 11.9
      vertex 0.228363 1.85194 11.9
    endloop
  endfacet
  facet normal 0 0 1
    outer loop
      vertex 1.61198 2.81726 11.9
      vertex 0.0256653 2.60843 11.9
      vertex 0.102219 2.22354 11.9
    endloop
  endfacet
  facet normal 0.442322 -0.896856 0
    outer loop
      vertex 44.1481 0.228363 0
      vertex 44.5 0.401917 11.9
      vertex 44.1481 0.228363 11.9
    endloop
  endfacet
  facet normal 0.442322 -0.896856 0
    outer loop
      vertex 44.5 0.401917 11.9
      vertex 44.1481 0.228363 0
      vertex 44.5 0.401917 0
    endloop
  endfacet
  facet normal 0.555553 -0.831481 0
    outer loop
      vertex 44.5 0.401917 0
      vertex 44.8263 0.619934 11.9
      vertex 44.5 0.401917 11.9
    endloop
  endfacet
  facet normal 0.555553 -0.831481 0
    outer loop
      vertex 44.8263 0.619934 11.9
      vertex 44.5 0.401917 0
      vertex 44.8263 0.619934 0
    endloop
  endfacet
  facet normal -0.321433 0.946932 0
    outer loop
      vertex 43.5358 1.70657 1.6
      vertex 43.3624 1.64771 11.9
      vertex 43.5358 1.70657 11.9
    endloop
  endfacet
  facet normal -0.321433 0.946932 0
    outer loop
      vertex 43.3624 1.64771 11.9
      vertex 43.5358 1.70657 1.6
      vertex 43.3624 1.64771 1.6
    endloop
  endfacet
  facet normal 0 1 0
    outer loop
      vertex 3 1.60001 11.9
      vertex 12.4 1.60001 9.65
      vertex 7.85 1.60001 10.1
    endloop
  endfacet
  facet normal 0 1 0
    outer loop
      vertex 16.95 1.60001 10.1
      vertex 12.8568 1.60001 9.62006
      vertex 12.4 1.60001 9.65
    endloop
  endfacet
  facet normal 0 1 0
    outer loop
      vertex 16.95 1.60001 10.1
      vertex 13.3059 1.60001 9.53074
      vertex 12.8568 1.60001 9.62006
    endloop
  endfacet
  facet normal 0 1 0
    outer loop
      vertex 16.95 1.60001 10.1
      vertex 13.7394 1.60001 9.38358
      vertex 13.3059 1.60001 9.53074
    endloop
  endfacet
  facet normal 0 1 0
    outer loop
      vertex 16.95 1.60001 10.1
      vertex 14.15 1.60001 9.18109
      vertex 13.7394 1.60001 9.38358
    endloop
  endfacet
  facet normal 0 1 0
    outer loop
      vertex 16.95 1.60001 10.1
      vertex 14.5307 1.60001 8.92674
      vertex 14.15 1.60001 9.18109
    endloop
  endfacet
  facet normal 0 1 0
    outer loop
      vertex 16.95 1.60001 10.1
      vertex 14.8749 1.60001 8.62487
      vertex 14.5307 1.60001 8.92674
    endloop
  endfacet
  facet normal 0 1 0
    outer loop
      vertex 16.95 1.60001 10.1
      vertex 15.1767 1.60001 8.28066
      vertex 14.8749 1.60001 8.62487
    endloop
  endfacet
  facet normal 0 1 0
    outer loop
      vertex 16.95 1.60001 10.1
      vertex 15.4311 1.60001 7.9
      vertex 15.1767 1.60001 8.28066
    endloop
  endfacet
  facet normal 0 1 0
    outer loop
      vertex 16.95 1.60001 10.1
      vertex 15.6336 1.60001 7.48939
      vertex 15.4311 1.60001 7.9
    endloop
  endfacet
  facet normal 0 1 0
    outer loop
      vertex 16.95 1.60001 10.1
      vertex 15.7807 1.60001 7.05587
      vertex 15.6336 1.60001 7.48939
    endloop
  endfacet
  facet normal 0 1 0
    outer loop
      vertex 16.95 1.60001 10.1
      vertex 15.8701 1.60001 6.60684
      vertex 15.7807 1.60001 7.05587
    endloop
  endfacet
  facet normal 0 1 0
    outer loop
      vertex 16.95 1.60001 10.1
      vertex 15.9 1.60001 6.15
      vertex 15.8701 1.60001 6.60684
    endloop
  endfacet
  facet normal 0 1 -0
    outer loop
      vertex 16.95 1.60001 1.6
      vertex 15.9 1.60001 6.15
      vertex 16.95 1.60001 10.1
    endloop
  endfacet
  facet normal 0 1 0
    outer loop
      vertex 15.9 1.60001 6.15
      vertex 16.95 1.60001 1.6
      vertex 15.8701 1.60001 5.69316
    endloop
  endfacet
  facet normal 0 1 0
    outer loop
      vertex 12.8568 1.60001 2.67994
      vertex 16.95 1.60001 1.6
      vertex 12.4 1.60001 2.65
    endloop
  endfacet
  facet normal 0 1 0
    outer loop
      vertex 13.3059 1.60001 2.76926
      vertex 16.95 1.60001 1.6
      vertex 12.8568 1.60001 2.67994
    endloop
  endfacet
  facet normal 0 1 0
    outer loop
      vertex 13.7394 1.60001 2.91642
      vertex 16.95 1.60001 1.6
      vertex 13.3059 1.60001 2.76926
    endloop
  endfacet
  facet normal 0 1 0
    outer loop
      vertex 14.15 1.60001 3.11891
      vertex 16.95 1.60001 1.6
      vertex 13.7394 1.60001 2.91642
    endloop
  endfacet
  facet normal 0 1 0
    outer loop
      vertex 14.5307 1.60001 3.37326
      vertex 16.95 1.60001 1.6
      vertex 14.15 1.60001 3.11891
    endloop
  endfacet
  facet normal 0 1 0
    outer loop
      vertex 14.8749 1.60001 3.67513
      vertex 16.95 1.60001 1.6
      vertex 14.5307 1.60001 3.37326
    endloop
  endfacet
  facet normal 0 1 0
    outer loop
      vertex 15.1767 1.60001 4.01933
      vertex 16.95 1.60001 1.6
      vertex 14.8749 1.60001 3.67513
    endloop
  endfacet
  facet normal 0 1 0
    outer loop
      vertex 15.4311 1.60001 4.4
      vertex 16.95 1.60001 1.6
      vertex 15.1767 1.60001 4.01933
    endloop
  endfacet
  facet normal 0 1 0
    outer loop
      vertex 15.6336 1.60001 4.81061
      vertex 16.95 1.60001 1.6
      vertex 15.4311 1.60001 4.4
    endloop
  endfacet
  facet normal 0 1 0
    outer loop
      vertex 15.7807 1.60001 5.24413
      vertex 16.95 1.60001 1.6
      vertex 15.6336 1.60001 4.81061
    endloop
  endfacet
  facet normal 0 1 0
    outer loop
      vertex 15.8701 1.60001 5.69316
      vertex 16.95 1.60001 1.6
      vertex 15.7807 1.60001 5.24413
    endloop
  endfacet
  facet normal 0 1 0
    outer loop
      vertex 43 1.60001 11.9
      vertex 17.95 1.60001 10.1
      vertex 3 1.60001 11.9
    endloop
  endfacet
  facet normal 0 1 -0
    outer loop
      vertex 20.6296 1.60001 8.70433
      vertex 17.95 1.60001 10.1
      vertex 43 1.60001 11.9
    endloop
  endfacet
  facet normal 0 1 0
    outer loop
      vertex 17.95 1.60001 10.1
      vertex 20.4783 1.60001 8.74487
      vertex 20.4 1.60001 8.75
    endloop
  endfacet
  facet normal 0 1 0
    outer loop
      vertex 17.95 1.60001 10.1
      vertex 20.5553 1.60001 8.72956
      vertex 20.4783 1.60001 8.74487
    endloop
  endfacet
  facet normal 0 1 0
    outer loop
      vertex 17.95 1.60001 10.1
      vertex 20.6296 1.60001 8.70433
      vertex 20.5553 1.60001 8.72956
    endloop
  endfacet
  facet normal 0 1 -0
    outer loop
      vertex 23.9 1.60001 7.6
      vertex 20.6296 1.60001 8.70433
      vertex 43 1.60001 11.9
    endloop
  endfacet
  facet normal 0 1 0
    outer loop
      vertex 20.6296 1.60001 8.70433
      vertex 23.9 1.60001 7.6
      vertex 20.7 1.60001 8.66961
    endloop
  endfacet
  facet normal 0 1 0
    outer loop
      vertex 20.7 1.60001 8.66961
      vertex 23.9 1.60001 7.6
      vertex 20.7653 1.60001 8.62601
    endloop
  endfacet
  facet normal 0 1 0
    outer loop
      vertex 20.7653 1.60001 8.62601
      vertex 23.9 1.60001 7.6
      vertex 20.8243 1.60001 8.57426
    endloop
  endfacet
  facet normal 0 1 -0
    outer loop
      vertex 22.9 1.60001 7.6
      vertex 20.8243 1.60001 8.57426
      vertex 23.9 1.60001 7.6
    endloop
  endfacet
  facet normal 0 1 0
    outer loop
      vertex 20.8243 1.60001 8.57426
      vertex 22.9 1.60001 7.6
      vertex 20.876 1.60001 8.51526
    endloop
  endfacet
  facet normal 0 1 0
    outer loop
      vertex 20.876 1.60001 8.51526
      vertex 22.9 1.60001 7.6
      vertex 20.9196 1.60001 8.45
    endloop
  endfacet
  facet normal 0 1 0
    outer loop
      vertex 20.9196 1.60001 8.45
      vertex 22.9 1.60001 7.6
      vertex 20.9543 1.60001 8.37961
    endloop
  endfacet
  facet normal 0 1 0
    outer loop
      vertex 20.9543 1.60001 8.37961
      vertex 22.9 1.60001 7.6
      vertex 20.9796 1.60001 8.30529
    endloop
  endfacet
  facet normal 0 1 0
    outer loop
      vertex 20.9796 1.60001 8.30529
      vertex 22.9 1.60001 7.6
      vertex 20.9949 1.60001 8.22832
    endloop
  endfacet
  facet normal 0 1 0
    outer loop
      vertex 20.9949 1.60001 8.22832
      vertex 22.9 1.60001 7.6
      vertex 21 1.60001 8.15
    endloop
  endfacet
  facet normal 0 1 0
    outer loop
      vertex 21 1.60001 8.15
      vertex 22.9 1.60001 7.6
      vertex 20.9949 1.60001 8.07168
    endloop
  endfacet
  facet normal 0 1 0
    outer loop
      vertex 20.9949 1.60001 8.07168
      vertex 22.9 1.60001 7.6
      vertex 20.9796 1.60001 7.99471
    endloop
  endfacet
  facet normal 0 1 0
    outer loop
      vertex 20.9796 1.60001 7.99471
      vertex 22.9 1.60001 7.6
      vertex 20.9543 1.60001 7.92039
    endloop
  endfacet
  facet normal 0 1 0
    outer loop
      vertex 20.9543 1.60001 7.92039
      vertex 22.9 1.60001 7.6
      vertex 20.9196 1.60001 7.85
    endloop
  endfacet
  facet normal 0 1 0
    outer loop
      vertex 20.9196 1.60001 7.85
      vertex 22.9 1.60001 7.6
      vertex 20.876 1.60001 7.78474
    endloop
  endfacet
  facet normal 0 1 0
    outer loop
      vertex 20.8243 1.60001 7.72574
      vertex 22.9 1.60001 7.6
      vertex 20.7653 1.60001 7.67399
    endloop
  endfacet
  facet normal 0 1 0
    outer loop
      vertex 20.876 1.60001 7.78474
      vertex 22.9 1.60001 7.6
      vertex 20.8243 1.60001 7.72574
    endloop
  endfacet
  facet normal 0 1 -0
    outer loop
      vertex 43 1.60001 1.6
      vertex 23.9 1.60001 7.6
      vertex 43 1.60001 11.9
    endloop
  endfacet
  facet normal 0 1 0
    outer loop
      vertex 23.9 1.60001 7.6
      vertex 43 1.60001 1.6
      vertex 23.9 1.60001 1.6
    endloop
  endfacet
  facet normal 0 1 -0
    outer loop
      vertex 16.95 1.60001 10.1
      vertex 3 1.60001 11.9
      vertex 17.95 1.60001 10.1
    endloop
  endfacet
  facet normal 0 1 -0
    outer loop
      vertex 12.4 1.60001 9.65
      vertex 3 1.60001 11.9
      vertex 16.95 1.60001 10.1
    endloop
  endfacet
  facet normal 0 1 -0
    outer loop
      vertex 6.85 1.60001 10.1
      vertex 3 1.60001 11.9
      vertex 7.85 1.60001 10.1
    endloop
  endfacet
  facet normal 0 1 0
    outer loop
      vertex 3 1.60001 1.6
      vertex 6.85 1.60001 10.1
      vertex 6.85 1.60001 1.6
    endloop
  endfacet
  facet normal 0 1 0
    outer loop
      vertex 6.85 1.60001 10.1
      vertex 3 1.60001 1.6
      vertex 3 1.60001 11.9
    endloop
  endfacet
  facet normal 0 1 -0
    outer loop
      vertex 11.9432 1.60001 9.62006
      vertex 7.85 1.60001 10.1
      vertex 12.4 1.60001 9.65
    endloop
  endfacet
  facet normal 0 1 -0
    outer loop
      vertex 11.4941 1.60001 9.53074
      vertex 7.85 1.60001 10.1
      vertex 11.9432 1.60001 9.62006
    endloop
  endfacet
  facet normal 0 1 -0
    outer loop
      vertex 11.0606 1.60001 9.38358
      vertex 7.85 1.60001 10.1
      vertex 11.4941 1.60001 9.53074
    endloop
  endfacet
  facet normal 0 1 -0
    outer loop
      vertex 10.65 1.60001 9.18109
      vertex 7.85 1.60001 10.1
      vertex 11.0606 1.60001 9.38358
    endloop
  endfacet
  facet normal 0 1 -0
    outer loop
      vertex 10.2693 1.60001 8.92674
      vertex 7.85 1.60001 10.1
      vertex 10.65 1.60001 9.18109
    endloop
  endfacet
  facet normal 0 1 -0
    outer loop
      vertex 9.92513 1.60001 8.62487
      vertex 7.85 1.60001 10.1
      vertex 10.2693 1.60001 8.92674
    endloop
  endfacet
  facet normal 0 1 -0
    outer loop
      vertex 9.62326 1.60001 8.28066
      vertex 7.85 1.60001 10.1
      vertex 9.92513 1.60001 8.62487
    endloop
  endfacet
  facet normal 0 1 -0
    outer loop
      vertex 9.36891 1.60001 7.9
      vertex 7.85 1.60001 10.1
      vertex 9.62326 1.60001 8.28066
    endloop
  endfacet
  facet normal 0 1 -0
    outer loop
      vertex 9.16642 1.60001 7.48939
      vertex 7.85 1.60001 10.1
      vertex 9.36891 1.60001 7.9
    endloop
  endfacet
  facet normal 0 1 -0
    outer loop
      vertex 9.01926 1.60001 7.05587
      vertex 7.85 1.60001 10.1
      vertex 9.16642 1.60001 7.48939
    endloop
  endfacet
  facet normal 0 1 -0
    outer loop
      vertex 8.92994 1.60001 6.60684
      vertex 7.85 1.60001 10.1
      vertex 9.01926 1.60001 7.05587
    endloop
  endfacet
  facet normal 0 1 -0
    outer loop
      vertex 8.9 1.60001 6.15
      vertex 7.85 1.60001 10.1
      vertex 8.92994 1.60001 6.60684
    endloop
  endfacet
  facet normal 0 1 0
    outer loop
      vertex 7.85 1.60001 1.6
      vertex 8.9 1.60001 6.15
      vertex 8.92994 1.60001 5.69316
    endloop
  endfacet
  facet normal 0 1 0
    outer loop
      vertex 7.85 1.60001 1.6
      vertex 8.92994 1.60001 5.69316
      vertex 9.01926 1.60001 5.24413
    endloop
  endfacet
  facet normal 0 1 0
    outer loop
      vertex 7.85 1.60001 1.6
      vertex 12.4 1.60001 2.65
      vertex 16.95 1.60001 1.6
    endloop
  endfacet
  facet normal 0 1 0
    outer loop
      vertex 12.4 1.60001 2.65
      vertex 7.85 1.60001 1.6
      vertex 11.9432 1.60001 2.67994
    endloop
  endfacet
  facet normal 0 1 0
    outer loop
      vertex 8.9 1.60001 6.15
      vertex 7.85 1.60001 1.6
      vertex 7.85 1.60001 10.1
    endloop
  endfacet
  facet normal 0 1 0
    outer loop
      vertex 9.16642 1.60001 4.81061
      vertex 7.85 1.60001 1.6
      vertex 9.01926 1.60001 5.24413
    endloop
  endfacet
  facet normal 0 1 0
    outer loop
      vertex 9.36891 1.60001 4.4
      vertex 7.85 1.60001 1.6
      vertex 9.16642 1.60001 4.81061
    endloop
  endfacet
  facet normal 0 1 0
    outer loop
      vertex 9.62326 1.60001 4.01933
      vertex 7.85 1.60001 1.6
      vertex 9.36891 1.60001 4.4
    endloop
  endfacet
  facet normal 0 1 0
    outer loop
      vertex 9.92513 1.60001 3.67513
      vertex 7.85 1.60001 1.6
      vertex 9.62326 1.60001 4.01933
    endloop
  endfacet
  facet normal 0 1 0
    outer loop
      vertex 10.2693 1.60001 3.37326
      vertex 7.85 1.60001 1.6
      vertex 9.92513 1.60001 3.67513
    endloop
  endfacet
  facet normal 0 1 0
    outer loop
      vertex 10.65 1.60001 3.11891
      vertex 7.85 1.60001 1.6
      vertex 10.2693 1.60001 3.37326
    endloop
  endfacet
  facet normal 0 1 0
    outer loop
      vertex 11.0606 1.60001 2.91642
      vertex 7.85 1.60001 1.6
      vertex 10.65 1.60001 3.11891
    endloop
  endfacet
  facet normal 0 1 0
    outer loop
      vertex 11.4941 1.60001 2.76926
      vertex 7.85 1.60001 1.6
      vertex 11.0606 1.60001 2.91642
    endloop
  endfacet
  facet normal 0 1 0
    outer loop
      vertex 11.9432 1.60001 2.67994
      vertex 7.85 1.60001 1.6
      vertex 11.4941 1.60001 2.76926
    endloop
  endfacet
  facet normal 0 1 -0
    outer loop
      vertex 20.3217 1.60001 8.74487
      vertex 17.95 1.60001 10.1
      vertex 20.4 1.60001 8.75
    endloop
  endfacet
  facet normal 0 1 -0
    outer loop
      vertex 20.2447 1.60001 8.72956
      vertex 17.95 1.60001 10.1
      vertex 20.3217 1.60001 8.74487
    endloop
  endfacet
  facet normal 0 1 -0
    outer loop
      vertex 20.1704 1.60001 8.70433
      vertex 17.95 1.60001 10.1
      vertex 20.2447 1.60001 8.72956
    endloop
  endfacet
  facet normal 0 1 -0
    outer loop
      vertex 20.1 1.60001 8.66961
      vertex 17.95 1.60001 10.1
      vertex 20.1704 1.60001 8.70433
    endloop
  endfacet
  facet normal 0 1 -0
    outer loop
      vertex 20.0347 1.60001 8.62601
      vertex 17.95 1.60001 10.1
      vertex 20.1 1.60001 8.66961
    endloop
  endfacet
  facet normal 0 1 -0
    outer loop
      vertex 19.9757 1.60001 8.57426
      vertex 17.95 1.60001 10.1
      vertex 20.0347 1.60001 8.62601
    endloop
  endfacet
  facet normal 0 1 -0
    outer loop
      vertex 19.924 1.60001 8.51526
      vertex 17.95 1.60001 10.1
      vertex 19.9757 1.60001 8.57426
    endloop
  endfacet
  facet normal 0 1 -0
    outer loop
      vertex 19.8804 1.60001 8.45
      vertex 17.95 1.60001 10.1
      vertex 19.924 1.60001 8.51526
    endloop
  endfacet
  facet normal 0 1 -0
    outer loop
      vertex 19.8457 1.60001 8.37961
      vertex 17.95 1.60001 10.1
      vertex 19.8804 1.60001 8.45
    endloop
  endfacet
  facet normal 0 1 -0
    outer loop
      vertex 19.8204 1.60001 8.30529
      vertex 17.95 1.60001 10.1
      vertex 19.8457 1.60001 8.37961
    endloop
  endfacet
  facet normal 0 1 -0
    outer loop
      vertex 19.8051 1.60001 8.22832
      vertex 17.95 1.60001 10.1
      vertex 19.8204 1.60001 8.30529
    endloop
  endfacet
  facet normal 0 1 -0
    outer loop
      vertex 19.8 1.60001 8.15
      vertex 17.95 1.60001 10.1
      vertex 19.8051 1.60001 8.22832
    endloop
  endfacet
  facet normal 0 1 0
    outer loop
      vertex 19.8051 1.60001 8.07168
      vertex 17.95 1.60001 10.1
      vertex 19.8 1.60001 8.15
    endloop
  endfacet
  facet normal 0 1 0
    outer loop
      vertex 19.8204 1.60001 7.99471
      vertex 17.95 1.60001 10.1
      vertex 19.8051 1.60001 8.07168
    endloop
  endfacet
  facet normal 0 1 0
    outer loop
      vertex 19.8457 1.60001 7.92039
      vertex 17.95 1.60001 10.1
      vertex 19.8204 1.60001 7.99471
    endloop
  endfacet
  facet normal 0 1 0
    outer loop
      vertex 17.95 1.60001 1.6
      vertex 19.8457 1.60001 7.92039
      vertex 19.8804 1.60001 7.85
    endloop
  endfacet
  facet normal 0 1 0
    outer loop
      vertex 17.95 1.60001 1.6
      vertex 19.8804 1.60001 7.85
      vertex 19.924 1.60001 7.78474
    endloop
  endfacet
  facet normal 0 1 0
    outer loop
      vertex 17.95 1.60001 1.6
      vertex 20.4 1.60001 7.55
      vertex 22.9 1.60001 1.6
    endloop
  endfacet
  facet normal 0 1 0
    outer loop
      vertex 20.4 1.60001 7.55
      vertex 17.95 1.60001 1.6
      vertex 20.3217 1.60001 7.55513
    endloop
  endfacet
  facet normal 0 1 0
    outer loop
      vertex 20.3217 1.60001 7.55513
      vertex 17.95 1.60001 1.6
      vertex 20.2447 1.60001 7.57044
    endloop
  endfacet
  facet normal 0 1 0
    outer loop
      vertex 20.2447 1.60001 7.57044
      vertex 17.95 1.60001 1.6
      vertex 20.1704 1.60001 7.59567
    endloop
  endfacet
  facet normal 0 1 0
    outer loop
      vertex 20.1704 1.60001 7.59567
      vertex 17.95 1.60001 1.6
      vertex 20.1 1.60001 7.63038
    endloop
  endfacet
  facet normal 0 1 0
    outer loop
      vertex 20.1 1.60001 7.63038
      vertex 17.95 1.60001 1.6
      vertex 20.0347 1.60001 7.67399
    endloop
  endfacet
  facet normal 0 1 0
    outer loop
      vertex 20.0347 1.60001 7.67399
      vertex 17.95 1.60001 1.6
      vertex 19.9757 1.60001 7.72574
    endloop
  endfacet
  facet normal 0 1 0
    outer loop
      vertex 19.9757 1.60001 7.72574
      vertex 17.95 1.60001 1.6
      vertex 19.924 1.60001 7.78474
    endloop
  endfacet
  facet normal 0 1 0
    outer loop
      vertex 19.8457 1.60001 7.92039
      vertex 17.95 1.60001 1.6
      vertex 17.95 1.60001 10.1
    endloop
  endfacet
  facet normal 0 1 0
    outer loop
      vertex 20.7653 1.60001 7.67399
      vertex 22.9 1.60001 7.6
      vertex 20.7 1.60001 7.63038
    endloop
  endfacet
  facet normal 0 1 0
    outer loop
      vertex 22.9 1.60001 7.6
      vertex 20.6296 1.60001 7.59567
      vertex 20.7 1.60001 7.63038
    endloop
  endfacet
  facet normal 0 1 -0
    outer loop
      vertex 22.9 1.60001 1.6
      vertex 20.6296 1.60001 7.59567
      vertex 22.9 1.60001 7.6
    endloop
  endfacet
  facet normal 0 1 0
    outer loop
      vertex 20.6296 1.60001 7.59567
      vertex 22.9 1.60001 1.6
      vertex 20.5553 1.60001 7.57044
    endloop
  endfacet
  facet normal 0 1 0
    outer loop
      vertex 20.5553 1.60001 7.57044
      vertex 22.9 1.60001 1.6
      vertex 20.4783 1.60001 7.55513
    endloop
  endfacet
  facet normal 0 1 0
    outer loop
      vertex 20.4783 1.60001 7.55513
      vertex 22.9 1.60001 1.6
      vertex 20.4 1.60001 7.55
    endloop
  endfacet
  facet normal -0.195014 0.9808 0
    outer loop
      vertex 43.3624 1.64771 1.6
      vertex 43.1827 1.61198 11.9
      vertex 43.3624 1.64771 11.9
    endloop
  endfacet
  facet normal -0.195014 0.9808 0
    outer loop
      vertex 43.1827 1.61198 11.9
      vertex 43.3624 1.64771 1.6
      vertex 43.1827 1.61198 1.6
    endloop
  endfacet
  facet normal -0.0653771 0.997861 0
    outer loop
      vertex 43.1827 1.61198 1.6
      vertex 43 1.60001 11.9
      vertex 43.1827 1.61198 11.9
    endloop
  endfacet
  facet normal -0.0653771 0.997861 0
    outer loop
      vertex 43 1.60001 11.9
      vertex 43.1827 1.61198 1.6
      vertex 43 1.60001 1.6
    endloop
  endfacet
  facet normal -0.194856 -0.980832 0
    outer loop
      vertex 43.1827 34.388 1.6
      vertex 43.3624 34.3523 11.9
      vertex 43.1827 34.388 11.9
    endloop
  endfacet
  facet normal -0.194856 -0.980832 -0
    outer loop
      vertex 43.3624 34.3523 11.9
      vertex 43.1827 34.388 1.6
      vertex 43.3624 34.3523 1.6
    endloop
  endfacet
  facet normal 0.0653628 0.997862 -0
    outer loop
      vertex 3 1.60001 1.6
      vertex 2.81726 1.61198 11.9
      vertex 3 1.60001 11.9
    endloop
  endfacet
  facet normal 0.0653628 0.997862 0
    outer loop
      vertex 2.81726 1.61198 11.9
      vertex 3 1.60001 1.6
      vertex 2.81726 1.61198 1.6
    endloop
  endfacet
  facet normal 0.555431 -0.831563 0
    outer loop
      vertex 2.14774 34.1107 1.6
      vertex 2.3 34.2124 11.9
      vertex 2.14774 34.1107 11.9
    endloop
  endfacet
  facet normal 0.555431 -0.831563 0
    outer loop
      vertex 2.3 34.2124 11.9
      vertex 2.14774 34.1107 1.6
      vertex 2.3 34.2124 1.6
    endloop
  endfacet
  facet normal 0.321433 0.946932 -0
    outer loop
      vertex 2.63765 1.64771 1.6
      vertex 2.46425 1.70657 11.9
      vertex 2.63765 1.64771 11.9
    endloop
  endfacet
  facet normal 0.321433 0.946932 0
    outer loop
      vertex 2.46425 1.70657 11.9
      vertex 2.63765 1.64771 1.6
      vertex 2.46425 1.70657 1.6
    endloop
  endfacet
  facet normal 0.896817 -0.442401 0
    outer loop
      vertex 1.70657 33.5358 11.9
      vertex 1.78757 33.7 1.6
      vertex 1.78757 33.7 11.9
    endloop
  endfacet
  facet normal 0.896817 -0.442401 0
    outer loop
      vertex 1.78757 33.7 1.6
      vertex 1.70657 33.5358 11.9
      vertex 1.70657 33.5358 1.6
    endloop
  endfacet
  facet normal 0.659524 -0.751683 0
    outer loop
      vertex 2.01006 33.9899 1.6
      vertex 2.14774 34.1107 11.9
      vertex 2.01006 33.9899 11.9
    endloop
  endfacet
  facet normal 0.659524 -0.751683 0
    outer loop
      vertex 2.14774 34.1107 11.9
      vertex 2.01006 33.9899 1.6
      vertex 2.14774 34.1107 1.6
    endloop
  endfacet
  facet normal 0.442292 -0.896871 0
    outer loop
      vertex 2.3 34.2124 1.6
      vertex 2.46425 34.2934 11.9
      vertex 2.3 34.2124 11.9
    endloop
  endfacet
  facet normal 0.442292 -0.896871 0
    outer loop
      vertex 2.46425 34.2934 11.9
      vertex 2.3 34.2124 1.6
      vertex 2.46425 34.2934 1.6
    endloop
  endfacet
  facet normal 0.0655259 -0.997851 0
    outer loop
      vertex 2.81726 34.388 1.6
      vertex 3 34.4 11.9
      vertex 2.81726 34.388 11.9
    endloop
  endfacet
  facet normal 0.0655259 -0.997851 0
    outer loop
      vertex 3 34.4 11.9
      vertex 2.81726 34.388 1.6
      vertex 3 34.4 1.6
    endloop
  endfacet
  facet normal -0.55533 -0.83163 0
    outer loop
      vertex 43.7 34.2124 1.6
      vertex 43.8523 34.1107 11.9
      vertex 43.7 34.2124 11.9
    endloop
  endfacet
  facet normal -0.55533 -0.83163 -0
    outer loop
      vertex 43.8523 34.1107 11.9
      vertex 43.7 34.2124 1.6
      vertex 43.8523 34.1107 1.6
    endloop
  endfacet
  facet normal -0.980813 0.19495 0
    outer loop
      vertex 44.3523 2.63765 1.6
      vertex 44.388 2.81726 11.9
      vertex 44.388 2.81726 1.6
    endloop
  endfacet
  facet normal -0.980813 0.19495 0
    outer loop
      vertex 44.388 2.81726 11.9
      vertex 44.3523 2.63765 1.6
      vertex 44.3523 2.63765 11.9
    endloop
  endfacet
  facet normal -1 0 0
    outer loop
      vertex 44.4 3 1.6
      vertex 44.4 33 11.9
      vertex 44.4 33 1.6
    endloop
  endfacet
  facet normal -1 -0 0
    outer loop
      vertex 44.4 33 11.9
      vertex 44.4 3 1.6
      vertex 44.4 3 11.9
    endloop
  endfacet
  facet normal 1 0 0
    outer loop
      vertex 1.60001 25.1436 8.7021
      vertex 1.60001 33 11.9
      vertex 1.60001 25.15 8.8
    endloop
  endfacet
  facet normal 1 0 0
    outer loop
      vertex 1.60001 33 11.9
      vertex 1.60001 25.1436 8.89789
      vertex 1.60001 25.15 8.8
    endloop
  endfacet
  facet normal 1 0 0
    outer loop
      vertex 1.60001 33 11.9
      vertex 1.60001 25.1244 8.99411
      vertex 1.60001 25.1436 8.89789
    endloop
  endfacet
  facet normal 1 0 0
    outer loop
      vertex 1.60001 33 11.9
      vertex 1.60001 25.0929 9.08701
      vertex 1.60001 25.1244 8.99411
    endloop
  endfacet
  facet normal 1 0 0
    outer loop
      vertex 1.60001 33 11.9
      vertex 1.60001 25.0495 9.175
      vertex 1.60001 25.0929 9.08701
    endloop
  endfacet
  facet normal 1 0 0
    outer loop
      vertex 1.60001 33 11.9
      vertex 1.60001 24.995 9.25657
      vertex 1.60001 25.0495 9.175
    endloop
  endfacet
  facet normal 1 0 0
    outer loop
      vertex 1.60001 33 11.9
      vertex 1.60001 24.9303 9.33033
      vertex 1.60001 24.995 9.25657
    endloop
  endfacet
  facet normal 1 0 0
    outer loop
      vertex 1.60001 33 11.9
      vertex 1.60001 24.8566 9.39501
      vertex 1.60001 24.9303 9.33033
    endloop
  endfacet
  facet normal 1 0 0
    outer loop
      vertex 1.60001 33 11.9
      vertex 1.60001 24.775 9.44952
      vertex 1.60001 24.8566 9.39501
    endloop
  endfacet
  facet normal 1 0 0
    outer loop
      vertex 1.60001 33 11.9
      vertex 1.60001 24.687 9.49291
      vertex 1.60001 24.775 9.44952
    endloop
  endfacet
  facet normal 1 -0 0
    outer loop
      vertex 1.60001 22.4 11.3
      vertex 1.60001 24.687 9.49291
      vertex 1.60001 33 11.9
    endloop
  endfacet
  facet normal 1 0 0
    outer loop
      vertex 1.60001 24.687 9.49291
      vertex 1.60001 22.4 11.3
      vertex 1.60001 24.5941 9.52444
    endloop
  endfacet
  facet normal 1 0 0
    outer loop
      vertex 1.60001 24.5941 9.52444
      vertex 1.60001 22.4 11.3
      vertex 1.60001 24.4979 9.54358
    endloop
  endfacet
  facet normal 1 0 0
    outer loop
      vertex 1.60001 24.4979 9.54358
      vertex 1.60001 22.4 11.3
      vertex 1.60001 24.4 9.55
    endloop
  endfacet
  facet normal 1 0 0
    outer loop
      vertex 1.60001 24.4 9.55
      vertex 1.60001 22.4 11.3
      vertex 1.60001 24.3021 9.54358
    endloop
  endfacet
  facet normal 1 0 0
    outer loop
      vertex 1.60001 23.6564 8.89789
      vertex 1.60001 22.4 11.3
      vertex 1.60001 23.65 8.8
    endloop
  endfacet
  facet normal 1 0 0
    outer loop
      vertex 1.60001 23.6756 8.99411
      vertex 1.60001 22.4 11.3
      vertex 1.60001 23.6564 8.89789
    endloop
  endfacet
  facet normal 1 0 0
    outer loop
      vertex 1.60001 23.7071 9.08701
      vertex 1.60001 22.4 11.3
      vertex 1.60001 23.6756 8.99411
    endloop
  endfacet
  facet normal 1 0 0
    outer loop
      vertex 1.60001 23.7505 9.175
      vertex 1.60001 22.4 11.3
      vertex 1.60001 23.7071 9.08701
    endloop
  endfacet
  facet normal 1 0 0
    outer loop
      vertex 1.60001 23.805 9.25657
      vertex 1.60001 22.4 11.3
      vertex 1.60001 23.7505 9.175
    endloop
  endfacet
  facet normal 1 0 0
    outer loop
      vertex 1.60001 23.8697 9.33033
      vertex 1.60001 22.4 11.3
      vertex 1.60001 23.805 9.25657
    endloop
  endfacet
  facet normal 1 0 0
    outer loop
      vertex 1.60001 23.9434 9.39501
      vertex 1.60001 22.4 11.3
      vertex 1.60001 23.8697 9.33033
    endloop
  endfacet
  facet normal 1 0 0
    outer loop
      vertex 1.60001 24.025 9.44952
      vertex 1.60001 22.4 11.3
      vertex 1.60001 23.9434 9.39501
    endloop
  endfacet
  facet normal 1 0 0
    outer loop
      vertex 1.60001 24.113 9.49291
      vertex 1.60001 22.4 11.3
      vertex 1.60001 24.025 9.44952
    endloop
  endfacet
  facet normal 1 0 0
    outer loop
      vertex 1.60001 24.2059 9.52444
      vertex 1.60001 22.4 11.3
      vertex 1.60001 24.113 9.49291
    endloop
  endfacet
  facet normal 1 0 0
    outer loop
      vertex 1.60001 24.3021 9.54358
      vertex 1.60001 22.4 11.3
      vertex 1.60001 24.2059 9.52444
    endloop
  endfacet
  facet normal 1 -0 0
    outer loop
      vertex 1.60001 3 11.9
      vertex 1.60001 22.4 11.3
      vertex 1.60001 33 11.9
    endloop
  endfacet
  facet normal 1 0 0
    outer loop
      vertex 1.60001 9.4 11.3
      vertex 1.60001 3 11.9
      vertex 1.60001 9.4 4.3
    endloop
  endfacet
  facet normal 1 0 0
    outer loop
      vertex 1.60001 22.4 11.3
      vertex 1.60001 3 11.9
      vertex 1.60001 9.4 11.3
    endloop
  endfacet
  facet normal 1 0 0
    outer loop
      vertex 1.60001 25.1244 8.60589
      vertex 1.60001 33 11.9
      vertex 1.60001 25.1436 8.7021
    endloop
  endfacet
  facet normal 1 0 0
    outer loop
      vertex 1.60001 33 11.9
      vertex 1.60001 25.1244 8.60589
      vertex 1.60001 33 1.6
    endloop
  endfacet
  facet normal 1 -0 0
    outer loop
      vertex 1.60001 25.0929 8.51299
      vertex 1.60001 33 1.6
      vertex 1.60001 25.1244 8.60589
    endloop
  endfacet
  facet normal 1 -0 0
    outer loop
      vertex 1.60001 25.0495 8.425
      vertex 1.60001 33 1.6
      vertex 1.60001 25.0929 8.51299
    endloop
  endfacet
  facet normal 1 -0 0
    outer loop
      vertex 1.60001 24.995 8.34343
      vertex 1.60001 33 1.6
      vertex 1.60001 25.0495 8.425
    endloop
  endfacet
  facet normal 1 -0 0
    outer loop
      vertex 1.60001 24.9303 8.26967
      vertex 1.60001 33 1.6
      vertex 1.60001 24.995 8.34343
    endloop
  endfacet
  facet normal 1 -0 0
    outer loop
      vertex 1.60001 24.8566 8.20498
      vertex 1.60001 33 1.6
      vertex 1.60001 24.9303 8.26967
    endloop
  endfacet
  facet normal 1 -0 0
    outer loop
      vertex 1.60001 24.775 8.15048
      vertex 1.60001 33 1.6
      vertex 1.60001 24.8566 8.20498
    endloop
  endfacet
  facet normal 1 0 0
    outer loop
      vertex 1.60001 22.4 4.3
      vertex 1.60001 24.775 8.15048
      vertex 1.60001 24.687 8.10709
    endloop
  endfacet
  facet normal 1 0 0
    outer loop
      vertex 1.60001 22.4 4.3
      vertex 1.60001 24.687 8.10709
      vertex 1.60001 24.5941 8.07555
    endloop
  endfacet
  facet normal 1 0 0
    outer loop
      vertex 1.60001 22.4 4.3
      vertex 1.60001 24.5941 8.07555
      vertex 1.60001 24.4979 8.05642
    endloop
  endfacet
  facet normal 1 0 0
    outer loop
      vertex 1.60001 22.4 4.3
      vertex 1.60001 24.4979 8.05642
      vertex 1.60001 24.4 8.05
    endloop
  endfacet
  facet normal 1 0 0
    outer loop
      vertex 1.60001 22.4 4.3
      vertex 1.60001 24.4 8.05
      vertex 1.60001 24.3021 8.05642
    endloop
  endfacet
  facet normal 1 0 0
    outer loop
      vertex 1.60001 22.4 4.3
      vertex 1.60001 24.3021 8.05642
      vertex 1.60001 24.2059 8.07555
    endloop
  endfacet
  facet normal 1 0 0
    outer loop
      vertex 1.60001 22.4 4.3
      vertex 1.60001 24.2059 8.07555
      vertex 1.60001 24.113 8.10709
    endloop
  endfacet
  facet normal 1 0 0
    outer loop
      vertex 1.60001 22.4 4.3
      vertex 1.60001 24.113 8.10709
      vertex 1.60001 24.025 8.15048
    endloop
  endfacet
  facet normal 1 0 0
    outer loop
      vertex 1.60001 22.4 4.3
      vertex 1.60001 24.025 8.15048
      vertex 1.60001 23.9434 8.20498
    endloop
  endfacet
  facet normal 1 0 0
    outer loop
      vertex 1.60001 22.4 11.3
      vertex 1.60001 23.6564 8.7021
      vertex 1.60001 23.65 8.8
    endloop
  endfacet
  facet normal 1 0 0
    outer loop
      vertex 1.60001 22.4 4.3
      vertex 1.60001 23.6564 8.7021
      vertex 1.60001 22.4 11.3
    endloop
  endfacet
  facet normal 1 0 0
    outer loop
      vertex 1.60001 23.6564 8.7021
      vertex 1.60001 22.4 4.3
      vertex 1.60001 23.6756 8.60589
    endloop
  endfacet
  facet normal 1 0 0
    outer loop
      vertex 1.60001 23.6756 8.60589
      vertex 1.60001 22.4 4.3
      vertex 1.60001 23.7071 8.51299
    endloop
  endfacet
  facet normal 1 0 0
    outer loop
      vertex 1.60001 22.4 4.3
      vertex 1.60001 23.7505 8.425
      vertex 1.60001 23.7071 8.51299
    endloop
  endfacet
  facet normal 1 0 0
    outer loop
      vertex 1.60001 22.4 4.3
      vertex 1.60001 23.805 8.34343
      vertex 1.60001 23.7505 8.425
    endloop
  endfacet
  facet normal 1 0 0
    outer loop
      vertex 1.60001 22.4 4.3
      vertex 1.60001 23.8697 8.26967
      vertex 1.60001 23.805 8.34343
    endloop
  endfacet
  facet normal 1 0 0
    outer loop
      vertex 1.60001 22.4 4.3
      vertex 1.60001 23.9434 8.20498
      vertex 1.60001 23.8697 8.26967
    endloop
  endfacet
  facet normal 1 0 0
    outer loop
      vertex 1.60001 24.775 8.15048
      vertex 1.60001 22.4 4.3
      vertex 1.60001 33 1.6
    endloop
  endfacet
  facet normal 1 0 0
    outer loop
      vertex 1.60001 3 1.6
      vertex 1.60001 22.4 4.3
      vertex 1.60001 9.4 4.3
    endloop
  endfacet
  facet normal 1 0 0
    outer loop
      vertex 1.60001 22.4 4.3
      vertex 1.60001 3 1.6
      vertex 1.60001 33 1.6
    endloop
  endfacet
  facet normal 1 0 0
    outer loop
      vertex 1.60001 3 1.6
      vertex 1.60001 9.4 4.3
      vertex 1.60001 3 11.9
    endloop
  endfacet
  facet normal 0.946932 -0.321433 0
    outer loop
      vertex 1.64771 33.3624 11.9
      vertex 1.70657 33.5358 1.6
      vertex 1.70657 33.5358 11.9
    endloop
  endfacet
  facet normal 0.946932 -0.321433 0
    outer loop
      vertex 1.70657 33.5358 1.6
      vertex 1.64771 33.3624 11.9
      vertex 1.64771 33.3624 1.6
    endloop
  endfacet
  facet normal 0.195108 0.980782 -0
    outer loop
      vertex 2.81726 1.61198 1.6
      vertex 2.63765 1.64771 11.9
      vertex 2.81726 1.61198 11.9
    endloop
  endfacet
  facet normal 0.195108 0.980782 0
    outer loop
      vertex 2.63765 1.64771 11.9
      vertex 2.81726 1.61198 1.6
      vertex 2.63765 1.64771 1.6
    endloop
  endfacet
  facet normal -0.896817 -0.442401 0
    outer loop
      vertex 44.2934 33.5358 1.6
      vertex 44.2124 33.7 11.9
      vertex 44.2124 33.7 1.6
    endloop
  endfacet
  facet normal -0.896817 -0.442401 0
    outer loop
      vertex 44.2124 33.7 11.9
      vertex 44.2934 33.5358 1.6
      vertex 44.2934 33.5358 11.9
    endloop
  endfacet
  facet normal 0.751628 -0.659587 0
    outer loop
      vertex 1.88931 33.8523 11.9
      vertex 2.01006 33.9899 1.6
      vertex 2.01006 33.9899 11.9
    endloop
  endfacet
  facet normal 0.751628 -0.659587 0
    outer loop
      vertex 2.01006 33.9899 1.6
      vertex 1.88931 33.8523 11.9
      vertex 1.88931 33.8523 1.6
    endloop
  endfacet
  facet normal 0.555582 0.831462 -0
    outer loop
      vertex 2.3 1.78757 1.6
      vertex 2.14774 1.88931 11.9
      vertex 2.3 1.78757 11.9
    endloop
  endfacet
  facet normal 0.555582 0.831462 0
    outer loop
      vertex 2.14774 1.88931 11.9
      vertex 2.3 1.78757 1.6
      vertex 2.14774 1.88931 1.6
    endloop
  endfacet
  facet normal 0 -1 0
    outer loop
      vertex 3 34.4 11.9
      vertex 22.9 34.4 7.6
      vertex 43 34.4 11.9
    endloop
  endfacet
  facet normal 0 -1 0
    outer loop
      vertex 3 34.4 1.6
      vertex 22.9 34.4 7.6
      vertex 3 34.4 11.9
    endloop
  endfacet
  facet normal 0 -1 -0
    outer loop
      vertex 22.9 34.4 7.6
      vertex 3 34.4 1.6
      vertex 22.9 34.4 1.6
    endloop
  endfacet
  facet normal 0 -1 0
    outer loop
      vertex 23.9 34.4 7.6
      vertex 43 34.4 11.9
      vertex 22.9 34.4 7.6
    endloop
  endfacet
  facet normal 0 -1 0
    outer loop
      vertex 43 34.4 1.6
      vertex 23.9 34.4 7.6
      vertex 23.9 34.4 1.6
    endloop
  endfacet
  facet normal 0 -1 0
    outer loop
      vertex 23.9 34.4 7.6
      vertex 43 34.4 1.6
      vertex 43 34.4 11.9
    endloop
  endfacet
  facet normal 0.946932 0.321433 0
    outer loop
      vertex 1.70657 2.46425 11.9
      vertex 1.64771 2.63765 1.6
      vertex 1.64771 2.63765 11.9
    endloop
  endfacet
  facet normal 0.946932 0.321433 0
    outer loop
      vertex 1.64771 2.63765 1.6
      vertex 1.70657 2.46425 11.9
      vertex 1.70657 2.46425 1.6
    endloop
  endfacet
  facet normal 0.321629 -0.946866 0
    outer loop
      vertex 2.46425 34.2934 1.6
      vertex 2.63765 34.3523 11.9
      vertex 2.46425 34.2934 11.9
    endloop
  endfacet
  facet normal 0.321629 -0.946866 0
    outer loop
      vertex 2.63765 34.3523 11.9
      vertex 2.46425 34.2934 1.6
      vertex 2.63765 34.3523 1.6
    endloop
  endfacet
  facet normal -0.555481 0.831529 0
    outer loop
      vertex 43.8523 1.88931 1.6
      vertex 43.7 1.78757 11.9
      vertex 43.8523 1.88931 11.9
    endloop
  endfacet
  facet normal -0.555481 0.831529 0
    outer loop
      vertex 43.7 1.78757 11.9
      vertex 43.8523 1.88931 1.6
      vertex 43.7 1.78757 1.6
    endloop
  endfacet
  facet normal 0.831529 -0.555481 0
    outer loop
      vertex 1.78757 33.7 11.9
      vertex 1.88931 33.8523 1.6
      vertex 1.88931 33.8523 11.9
    endloop
  endfacet
  facet normal 0.831529 -0.555481 0
    outer loop
      vertex 1.88931 33.8523 1.6
      vertex 1.78757 33.7 11.9
      vertex 1.78757 33.7 1.6
    endloop
  endfacet
  facet normal -0.0655402 -0.99785 0
    outer loop
      vertex 43 34.4 1.6
      vertex 43.1827 34.388 11.9
      vertex 43 34.4 11.9
    endloop
  endfacet
  facet normal -0.0655402 -0.99785 -0
    outer loop
      vertex 43.1827 34.388 11.9
      vertex 43 34.4 1.6
      vertex 43.1827 34.388 1.6
    endloop
  endfacet
  facet normal 0.19495 -0.980813 0
    outer loop
      vertex 2.63765 34.3523 1.6
      vertex 2.81726 34.388 11.9
      vertex 2.63765 34.3523 11.9
    endloop
  endfacet
  facet normal 0.19495 -0.980813 0
    outer loop
      vertex 2.81726 34.388 11.9
      vertex 2.63765 34.3523 1.6
      vertex 2.81726 34.388 1.6
    endloop
  endfacet
  facet normal -0.442401 -0.896817 0
    outer loop
      vertex 43.5358 34.2934 1.6
      vertex 43.7 34.2124 11.9
      vertex 43.5358 34.2934 11.9
    endloop
  endfacet
  facet normal -0.442401 -0.896817 -0
    outer loop
      vertex 43.7 34.2124 11.9
      vertex 43.5358 34.2934 1.6
      vertex 43.7 34.2124 1.6
    endloop
  endfacet
  facet normal 0.896871 0.442292 0
    outer loop
      vertex 1.78757 2.3 11.9
      vertex 1.70657 2.46425 1.6
      vertex 1.70657 2.46425 11.9
    endloop
  endfacet
  facet normal 0.896871 0.442292 0
    outer loop
      vertex 1.70657 2.46425 1.6
      vertex 1.78757 2.3 11.9
      vertex 1.78757 2.3 1.6
    endloop
  endfacet
  facet normal 0.65937 0.751818 -0
    outer loop
      vertex 2.14774 1.88931 1.6
      vertex 2.01006 2.01006 11.9
      vertex 2.14774 1.88931 11.9
    endloop
  endfacet
  facet normal 0.65937 0.751818 0
    outer loop
      vertex 2.01006 2.01006 11.9
      vertex 2.14774 1.88931 1.6
      vertex 2.01006 2.01006 1.6
    endloop
  endfacet
  facet normal 0 0 1
    outer loop
      vertex 22.9 34.4 1.6
      vertex 17.95 7.8 1.6
      vertex 22.9 1.60001 1.6
    endloop
  endfacet
  facet normal -0 0 1
    outer loop
      vertex 1.60001 33 1.6
      vertex 17.95 7.8 1.6
      vertex 22.9 34.4 1.6
    endloop
  endfacet
  facet normal 0 0 1
    outer loop
      vertex 1.60001 33 1.6
      vertex 22.9 34.4 1.6
      vertex 3 34.4 1.6
    endloop
  endfacet
  facet normal 0 0 1
    outer loop
      vertex 17.95 7.8 1.6
      vertex 1.60001 33 1.6
      vertex 6.85 7.8 1.6
    endloop
  endfacet
  facet normal 0 0 1
    outer loop
      vertex 1.60001 3 1.6
      vertex 6.85 7.8 1.6
      vertex 1.60001 33 1.6
    endloop
  endfacet
  facet normal 0 0 1
    outer loop
      vertex 1.60001 33 1.6
      vertex 3 34.4 1.6
      vertex 2.81726 34.388 1.6
    endloop
  endfacet
  facet normal 0 -0 1
    outer loop
      vertex 3 1.60001 1.6
      vertex 6.85 7.8 1.6
      vertex 1.60001 3 1.6
    endloop
  endfacet
  facet normal 0 0 1
    outer loop
      vertex 1.60001 33 1.6
      vertex 2.81726 34.388 1.6
      vertex 2.63765 34.3523 1.6
    endloop
  endfacet
  facet normal 0 0 1
    outer loop
      vertex 6.85 7.8 1.6
      vertex 3 1.60001 1.6
      vertex 6.85 1.60001 1.6
    endloop
  endfacet
  facet normal 0 0 1
    outer loop
      vertex 1.60001 33 1.6
      vertex 2.63765 34.3523 1.6
      vertex 2.46425 34.2934 1.6
    endloop
  endfacet
  facet normal 0 0 1
    outer loop
      vertex 3 1.60001 1.6
      vertex 1.60001 3 1.6
      vertex 2.81726 1.61198 1.6
    endloop
  endfacet
  facet normal 0 0 1
    outer loop
      vertex 1.60001 33 1.6
      vertex 2.46425 34.2934 1.6
      vertex 2.3 34.2124 1.6
    endloop
  endfacet
  facet normal 0 0 1
    outer loop
      vertex 2.81726 1.61198 1.6
      vertex 1.60001 3 1.6
      vertex 2.63765 1.64771 1.6
    endloop
  endfacet
  facet normal 0 0 1
    outer loop
      vertex 1.60001 33 1.6
      vertex 2.3 34.2124 1.6
      vertex 2.14774 34.1107 1.6
    endloop
  endfacet
  facet normal 0 0 1
    outer loop
      vertex 2.63765 1.64771 1.6
      vertex 1.60001 3 1.6
      vertex 2.46425 1.70657 1.6
    endloop
  endfacet
  facet normal 0 0 1
    outer loop
      vertex 1.60001 33 1.6
      vertex 2.14774 34.1107 1.6
      vertex 2.01006 33.9899 1.6
    endloop
  endfacet
  facet normal 0 0 1
    outer loop
      vertex 2.46425 1.70657 1.6
      vertex 1.60001 3 1.6
      vertex 2.3 1.78757 1.6
    endloop
  endfacet
  facet normal 0 0 1
    outer loop
      vertex 1.60001 33 1.6
      vertex 2.01006 33.9899 1.6
      vertex 1.88931 33.8523 1.6
    endloop
  endfacet
  facet normal 0 0 1
    outer loop
      vertex 2.3 1.78757 1.6
      vertex 1.60001 3 1.6
      vertex 2.14774 1.88931 1.6
    endloop
  endfacet
  facet normal 0 0 1
    outer loop
      vertex 1.60001 33 1.6
      vertex 1.88931 33.8523 1.6
      vertex 1.78757 33.7 1.6
    endloop
  endfacet
  facet normal 0 0 1
    outer loop
      vertex 2.14774 1.88931 1.6
      vertex 1.60001 3 1.6
      vertex 2.01006 2.01006 1.6
    endloop
  endfacet
  facet normal 0 0 1
    outer loop
      vertex 1.60001 33 1.6
      vertex 1.78757 33.7 1.6
      vertex 1.70657 33.5358 1.6
    endloop
  endfacet
  facet normal 0 0 1
    outer loop
      vertex 2.01006 2.01006 1.6
      vertex 1.60001 3 1.6
      vertex 1.88931 2.14774 1.6
    endloop
  endfacet
  facet normal 0 0 1
    outer loop
      vertex 1.60001 33 1.6
      vertex 1.70657 33.5358 1.6
      vertex 1.64771 33.3624 1.6
    endloop
  endfacet
  facet normal 0 0 1
    outer loop
      vertex 1.88931 2.14774 1.6
      vertex 1.60001 3 1.6
      vertex 1.78757 2.3 1.6
    endloop
  endfacet
  facet normal 0 0 1
    outer loop
      vertex 1.60001 33 1.6
      vertex 1.64771 33.3624 1.6
      vertex 1.61198 33.1827 1.6
    endloop
  endfacet
  facet normal 0 0 1
    outer loop
      vertex 1.78757 2.3 1.6
      vertex 1.60001 3 1.6
      vertex 1.70657 2.46425 1.6
    endloop
  endfacet
  facet normal 0 0 1
    outer loop
      vertex 1.70657 2.46425 1.6
      vertex 1.60001 3 1.6
      vertex 1.64771 2.63765 1.6
    endloop
  endfacet
  facet normal 0 0 1
    outer loop
      vertex 1.64771 2.63765 1.6
      vertex 1.60001 3 1.6
      vertex 1.61198 2.81726 1.6
    endloop
  endfacet
  facet normal 0 0 1
    outer loop
      vertex 22.9 1.60001 1.6
      vertex 17.95 7.8 1.6
      vertex 17.95 1.60001 1.6
    endloop
  endfacet
  facet normal -0 0 1
    outer loop
      vertex 7.85 6.8 1.6
      vertex 16.95 1.60001 1.6
      vertex 16.95 6.8 1.6
    endloop
  endfacet
  facet normal 0 0 1
    outer loop
      vertex 16.95 1.60001 1.6
      vertex 7.85 6.8 1.6
      vertex 7.85 1.60001 1.6
    endloop
  endfacet
  facet normal 0 0 1
    outer loop
      vertex 43 34.4 1.6
      vertex 44.4 33 1.6
      vertex 44.388 33.1827 1.6
    endloop
  endfacet
  facet normal 0 0 1
    outer loop
      vertex 44.4 33 1.6
      vertex 43.2 15.8 1.6
      vertex 44.4 3 1.6
    endloop
  endfacet
  facet normal 0 0 1
    outer loop
      vertex 43 34.4 1.6
      vertex 44.388 33.1827 1.6
      vertex 44.3523 33.3624 1.6
    endloop
  endfacet
  facet normal -0 0 1
    outer loop
      vertex 42.2 15.8 1.6
      vertex 44.4 3 1.6
      vertex 43.2 15.8 1.6
    endloop
  endfacet
  facet normal 0 0 1
    outer loop
      vertex 43 34.4 1.6
      vertex 44.3523 33.3624 1.6
      vertex 44.2934 33.5358 1.6
    endloop
  endfacet
  facet normal -0 0 1
    outer loop
      vertex 35.6 15.8 1.6
      vertex 44.4 3 1.6
      vertex 42.2 15.8 1.6
    endloop
  endfacet
  facet normal 0 0 1
    outer loop
      vertex 43 34.4 1.6
      vertex 44.2934 33.5358 1.6
      vertex 44.2124 33.7 1.6
    endloop
  endfacet
  facet normal 0 -0 1
    outer loop
      vertex 43 1.60001 1.6
      vertex 44.4 3 1.6
      vertex 35.6 15.8 1.6
    endloop
  endfacet
  facet normal 0 0 1
    outer loop
      vertex 43 34.4 1.6
      vertex 44.2124 33.7 1.6
      vertex 44.1107 33.8523 1.6
    endloop
  endfacet
  facet normal 0 0 1
    outer loop
      vertex 44.4 3 1.6
      vertex 43 1.60001 1.6
      vertex 44.388 2.81726 1.6
    endloop
  endfacet
  facet normal 0 0 1
    outer loop
      vertex 43 34.4 1.6
      vertex 44.1107 33.8523 1.6
      vertex 43.9899 33.9899 1.6
    endloop
  endfacet
  facet normal 0 0 1
    outer loop
      vertex 44.3523 2.63765 1.6
      vertex 43 1.60001 1.6
      vertex 44.2934 2.46425 1.6
    endloop
  endfacet
  facet normal 0 0 1
    outer loop
      vertex 43 34.4 1.6
      vertex 43.9899 33.9899 1.6
      vertex 43.8523 34.1107 1.6
    endloop
  endfacet
  facet normal 0 0 1
    outer loop
      vertex 44.4 33 1.6
      vertex 43.2 22.4 1.6
      vertex 43.2 15.8 1.6
    endloop
  endfacet
  facet normal 0 0 1
    outer loop
      vertex 43 34.4 1.6
      vertex 43.8523 34.1107 1.6
      vertex 43.7 34.2124 1.6
    endloop
  endfacet
  facet normal 0 0 1
    outer loop
      vertex 44.2934 2.46425 1.6
      vertex 43 1.60001 1.6
      vertex 44.2124 2.3 1.6
    endloop
  endfacet
  facet normal 0 0 1
    outer loop
      vertex 43 34.4 1.6
      vertex 43.7 34.2124 1.6
      vertex 43.5358 34.2934 1.6
    endloop
  endfacet
  facet normal 0 0 1
    outer loop
      vertex 44.2124 2.3 1.6
      vertex 43 1.60001 1.6
      vertex 44.1107 2.14774 1.6
    endloop
  endfacet
  facet normal 0 0 1
    outer loop
      vertex 43 34.4 1.6
      vertex 43.5358 34.2934 1.6
      vertex 43.3624 34.3523 1.6
    endloop
  endfacet
  facet normal 0 0 1
    outer loop
      vertex 44.1107 2.14774 1.6
      vertex 43 1.60001 1.6
      vertex 43.9899 2.01006 1.6
    endloop
  endfacet
  facet normal 0 0 1
    outer loop
      vertex 43.9899 2.01006 1.6
      vertex 43 1.60001 1.6
      vertex 43.8523 1.88931 1.6
    endloop
  endfacet
  facet normal 0 0 1
    outer loop
      vertex 43 34.4 1.6
      vertex 43.3624 34.3523 1.6
      vertex 43.1827 34.388 1.6
    endloop
  endfacet
  facet normal 0 0 1
    outer loop
      vertex 35.6 22.4 1.6
      vertex 44.4 33 1.6
      vertex 43 34.4 1.6
    endloop
  endfacet
  facet normal 0 0 1
    outer loop
      vertex 44.4 33 1.6
      vertex 42.2 22.4 1.6
      vertex 43.2 22.4 1.6
    endloop
  endfacet
  facet normal 0 0 1
    outer loop
      vertex 42.2 22.4 1.6
      vertex 41.1 19.1 1.6
      vertex 42.2 15.8 1.6
    endloop
  endfacet
  facet normal 0 0 1
    outer loop
      vertex 44.4 33 1.6
      vertex 35.6 22.4 1.6
      vertex 42.2 22.4 1.6
    endloop
  endfacet
  facet normal 0 0 1
    outer loop
      vertex 42.2 22.4 1.6
      vertex 41.0812 19.3872 1.6
      vertex 41.1 19.1 1.6
    endloop
  endfacet
  facet normal 0 0 1
    outer loop
      vertex 42.2 22.4 1.6
      vertex 41.025 19.6694 1.6
      vertex 41.0812 19.3872 1.6
    endloop
  endfacet
  facet normal 0 0 1
    outer loop
      vertex 42.2 22.4 1.6
      vertex 40.9325 19.9419 1.6
      vertex 41.025 19.6694 1.6
    endloop
  endfacet
  facet normal 0 0 1
    outer loop
      vertex 42.2 22.4 1.6
      vertex 40.8053 20.2 1.6
      vertex 40.9325 19.9419 1.6
    endloop
  endfacet
  facet normal 0 0 1
    outer loop
      vertex 42.2 22.4 1.6
      vertex 40.6454 20.4393 1.6
      vertex 40.8053 20.2 1.6
    endloop
  endfacet
  facet normal 0 0 1
    outer loop
      vertex 42.2 22.4 1.6
      vertex 40.4556 20.6556 1.6
      vertex 40.6454 20.4393 1.6
    endloop
  endfacet
  facet normal 0 0 1
    outer loop
      vertex 42.2 22.4 1.6
      vertex 40.2393 20.8454 1.6
      vertex 40.4556 20.6556 1.6
    endloop
  endfacet
  facet normal 0 0 1
    outer loop
      vertex 42.2 22.4 1.6
      vertex 40 21.0053 1.6
      vertex 40.2393 20.8454 1.6
    endloop
  endfacet
  facet normal 0 0 1
    outer loop
      vertex 42.2 22.4 1.6
      vertex 39.7419 21.1325 1.6
      vertex 40 21.0053 1.6
    endloop
  endfacet
  facet normal 0 0 1
    outer loop
      vertex 42.2 22.4 1.6
      vertex 39.4694 21.225 1.6
      vertex 39.7419 21.1325 1.6
    endloop
  endfacet
  facet normal 0 0 1
    outer loop
      vertex 42.2 22.4 1.6
      vertex 39.1872 21.2812 1.6
      vertex 39.4694 21.225 1.6
    endloop
  endfacet
  facet normal 0 0 1
    outer loop
      vertex 42.2 22.4 1.6
      vertex 38.9 21.3 1.6
      vertex 39.1872 21.2812 1.6
    endloop
  endfacet
  facet normal 0 0 1
    outer loop
      vertex 42.2 22.4 1.6
      vertex 35.6 22.4 1.6
      vertex 38.9 21.3 1.6
    endloop
  endfacet
  facet normal 0 0 1
    outer loop
      vertex 38.9 21.3 1.6
      vertex 35.6 22.4 1.6
      vertex 38.6128 21.2812 1.6
    endloop
  endfacet
  facet normal 0 0 1
    outer loop
      vertex 38.6128 21.2812 1.6
      vertex 35.6 22.4 1.6
      vertex 38.3306 21.225 1.6
    endloop
  endfacet
  facet normal 0 0 1
    outer loop
      vertex 38.3306 21.225 1.6
      vertex 35.6 22.4 1.6
      vertex 38.0581 21.1325 1.6
    endloop
  endfacet
  facet normal 0 0 1
    outer loop
      vertex 38.0581 21.1325 1.6
      vertex 35.6 22.4 1.6
      vertex 37.8 21.0053 1.6
    endloop
  endfacet
  facet normal 0 0 1
    outer loop
      vertex 37.8 21.0053 1.6
      vertex 35.6 22.4 1.6
      vertex 37.5607 20.8454 1.6
    endloop
  endfacet
  facet normal 0 0 1
    outer loop
      vertex 37.5607 20.8454 1.6
      vertex 35.6 22.4 1.6
      vertex 37.3444 20.6556 1.6
    endloop
  endfacet
  facet normal 0 0 1
    outer loop
      vertex 37.3444 20.6556 1.6
      vertex 35.6 22.4 1.6
      vertex 37.1546 20.4393 1.6
    endloop
  endfacet
  facet normal 0 0 1
    outer loop
      vertex 37.1546 20.4393 1.6
      vertex 35.6 22.4 1.6
      vertex 36.9947 20.2 1.6
    endloop
  endfacet
  facet normal 0 0 1
    outer loop
      vertex 36.7188 19.3872 1.6
      vertex 35.6 22.4 1.6
      vertex 36.7 19.1 1.6
    endloop
  endfacet
  facet normal 0 0 1
    outer loop
      vertex 36.775 19.6694 1.6
      vertex 35.6 22.4 1.6
      vertex 36.7188 19.3872 1.6
    endloop
  endfacet
  facet normal 0 0 1
    outer loop
      vertex 36.8675 19.9419 1.6
      vertex 35.6 22.4 1.6
      vertex 36.775 19.6694 1.6
    endloop
  endfacet
  facet normal 0 0 1
    outer loop
      vertex 36.9947 20.2 1.6
      vertex 35.6 22.4 1.6
      vertex 36.8675 19.9419 1.6
    endloop
  endfacet
  facet normal 0 0 1
    outer loop
      vertex 43 34.4 1.6
      vertex 34.6 22.4 1.6
      vertex 35.6 22.4 1.6
    endloop
  endfacet
  facet normal 0 0 1
    outer loop
      vertex 34.6 22.4 1.6
      vertex 23.9 34.4 1.6
      vertex 34.6 15.8 1.6
    endloop
  endfacet
  facet normal -0 0 1
    outer loop
      vertex 23.9 34.4 1.6
      vertex 34.6 22.4 1.6
      vertex 43 34.4 1.6
    endloop
  endfacet
  facet normal 0 0 1
    outer loop
      vertex 43.8523 1.88931 1.6
      vertex 43 1.60001 1.6
      vertex 43.7 1.78757 1.6
    endloop
  endfacet
  facet normal 0 0 1
    outer loop
      vertex 43.7 1.78757 1.6
      vertex 43 1.60001 1.6
      vertex 43.5358 1.70657 1.6
    endloop
  endfacet
  facet normal 0 0 1
    outer loop
      vertex 43.5358 1.70657 1.6
      vertex 43 1.60001 1.6
      vertex 43.3624 1.64771 1.6
    endloop
  endfacet
  facet normal 0 0 1
    outer loop
      vertex 43.3624 1.64771 1.6
      vertex 43 1.60001 1.6
      vertex 43.1827 1.61198 1.6
    endloop
  endfacet
  facet normal -0 0 1
    outer loop
      vertex 41.0812 18.8128 1.6
      vertex 42.2 15.8 1.6
      vertex 41.1 19.1 1.6
    endloop
  endfacet
  facet normal -0 0 1
    outer loop
      vertex 41.025 18.5306 1.6
      vertex 42.2 15.8 1.6
      vertex 41.0812 18.8128 1.6
    endloop
  endfacet
  facet normal -0 0 1
    outer loop
      vertex 40.9325 18.2581 1.6
      vertex 42.2 15.8 1.6
      vertex 41.025 18.5306 1.6
    endloop
  endfacet
  facet normal -0 0 1
    outer loop
      vertex 40.8053 18 1.6
      vertex 42.2 15.8 1.6
      vertex 40.9325 18.2581 1.6
    endloop
  endfacet
  facet normal -0 0 1
    outer loop
      vertex 40.6454 17.7607 1.6
      vertex 42.2 15.8 1.6
      vertex 40.8053 18 1.6
    endloop
  endfacet
  facet normal -0 0 1
    outer loop
      vertex 40.4556 17.5444 1.6
      vertex 42.2 15.8 1.6
      vertex 40.6454 17.7607 1.6
    endloop
  endfacet
  facet normal -0 0 1
    outer loop
      vertex 40.2393 17.3546 1.6
      vertex 42.2 15.8 1.6
      vertex 40.4556 17.5444 1.6
    endloop
  endfacet
  facet normal -0 0 1
    outer loop
      vertex 40 17.1947 1.6
      vertex 42.2 15.8 1.6
      vertex 40.2393 17.3546 1.6
    endloop
  endfacet
  facet normal -0 0 1
    outer loop
      vertex 39.7419 17.0675 1.6
      vertex 42.2 15.8 1.6
      vertex 40 17.1947 1.6
    endloop
  endfacet
  facet normal -0 0 1
    outer loop
      vertex 39.4694 16.975 1.6
      vertex 42.2 15.8 1.6
      vertex 39.7419 17.0675 1.6
    endloop
  endfacet
  facet normal -0 0 1
    outer loop
      vertex 39.1872 16.9188 1.6
      vertex 42.2 15.8 1.6
      vertex 39.4694 16.975 1.6
    endloop
  endfacet
  facet normal -0 0 1
    outer loop
      vertex 38.9 16.9 1.6
      vertex 42.2 15.8 1.6
      vertex 39.1872 16.9188 1.6
    endloop
  endfacet
  facet normal 0 0 1
    outer loop
      vertex 42.2 15.8 1.6
      vertex 38.9 16.9 1.6
      vertex 35.6 15.8 1.6
    endloop
  endfacet
  facet normal 0 0 1
    outer loop
      vertex 35.6 15.8 1.6
      vertex 38.9 16.9 1.6
      vertex 38.6128 16.9188 1.6
    endloop
  endfacet
  facet normal 0 0 1
    outer loop
      vertex 35.6 15.8 1.6
      vertex 38.6128 16.9188 1.6
      vertex 38.3306 16.975 1.6
    endloop
  endfacet
  facet normal 0 0 1
    outer loop
      vertex 35.6 15.8 1.6
      vertex 38.3306 16.975 1.6
      vertex 38.0581 17.0675 1.6
    endloop
  endfacet
  facet normal 0 0 1
    outer loop
      vertex 35.6 15.8 1.6
      vertex 38.0581 17.0675 1.6
      vertex 37.8 17.1947 1.6
    endloop
  endfacet
  facet normal 0 0 1
    outer loop
      vertex 35.6 15.8 1.6
      vertex 37.8 17.1947 1.6
      vertex 37.5607 17.3546 1.6
    endloop
  endfacet
  facet normal 0 0 1
    outer loop
      vertex 35.6 15.8 1.6
      vertex 37.5607 17.3546 1.6
      vertex 37.3444 17.5444 1.6
    endloop
  endfacet
  facet normal 0 0 1
    outer loop
      vertex 35.6 15.8 1.6
      vertex 37.3444 17.5444 1.6
      vertex 37.1546 17.7607 1.6
    endloop
  endfacet
  facet normal 0 0 1
    outer loop
      vertex 35.6 15.8 1.6
      vertex 37.1546 17.7607 1.6
      vertex 36.9947 18 1.6
    endloop
  endfacet
  facet normal 0 0 1
    outer loop
      vertex 35.6 15.8 1.6
      vertex 36.9947 18 1.6
      vertex 36.8675 18.2581 1.6
    endloop
  endfacet
  facet normal 0 0 1
    outer loop
      vertex 35.6 15.8 1.6
      vertex 36.7 19.1 1.6
      vertex 35.6 22.4 1.6
    endloop
  endfacet
  facet normal 0 0 1
    outer loop
      vertex 36.7 19.1 1.6
      vertex 35.6 15.8 1.6
      vertex 36.7188 18.8128 1.6
    endloop
  endfacet
  facet normal 0 0 1
    outer loop
      vertex 36.7188 18.8128 1.6
      vertex 35.6 15.8 1.6
      vertex 36.775 18.5306 1.6
    endloop
  endfacet
  facet normal 0 0 1
    outer loop
      vertex 35.6 15.8 1.6
      vertex 36.8675 18.2581 1.6
      vertex 36.775 18.5306 1.6
    endloop
  endfacet
  facet normal 0 0 1
    outer loop
      vertex 44.388 2.81726 1.6
      vertex 43 1.60001 1.6
      vertex 44.3523 2.63765 1.6
    endloop
  endfacet
  facet normal -0 0 1
    outer loop
      vertex 34.6 15.8 1.6
      vertex 43 1.60001 1.6
      vertex 35.6 15.8 1.6
    endloop
  endfacet
  facet normal 0 0 1
    outer loop
      vertex 34.6 15.8 1.6
      vertex 23.9 1.60001 1.6
      vertex 43 1.60001 1.6
    endloop
  endfacet
  facet normal 0 0 1
    outer loop
      vertex 23.9 1.60001 1.6
      vertex 34.6 15.8 1.6
      vertex 23.9 34.4 1.6
    endloop
  endfacet
  facet normal 0.442292 0.896871 -0
    outer loop
      vertex 2.46425 1.70657 1.6
      vertex 2.3 1.78757 11.9
      vertex 2.46425 1.70657 11.9
    endloop
  endfacet
  facet normal 0.442292 0.896871 0
    outer loop
      vertex 2.3 1.78757 11.9
      vertex 2.46425 1.70657 1.6
      vertex 2.3 1.78757 1.6
    endloop
  endfacet
  facet normal 0.980782 0.195108 0
    outer loop
      vertex 1.64771 2.63765 11.9
      vertex 1.61198 2.81726 1.6
      vertex 1.61198 2.81726 11.9
    endloop
  endfacet
  facet normal 0.980782 0.195108 0
    outer loop
      vertex 1.61198 2.81726 1.6
      vertex 1.64771 2.63765 11.9
      vertex 1.64771 2.63765 1.6
    endloop
  endfacet
  facet normal -0.659741 -0.751493 0
    outer loop
      vertex 43.8523 34.1107 1.6
      vertex 43.9899 33.9899 11.9
      vertex 43.8523 34.1107 11.9
    endloop
  endfacet
  facet normal -0.659741 -0.751493 -0
    outer loop
      vertex 43.9899 33.9899 11.9
      vertex 43.8523 34.1107 1.6
      vertex 43.9899 33.9899 1.6
    endloop
  endfacet
  facet normal 0.9808 -0.195014 0
    outer loop
      vertex 1.61198 33.1827 11.9
      vertex 1.64771 33.3624 1.6
      vertex 1.64771 33.3624 11.9
    endloop
  endfacet
  facet normal 0.9808 -0.195014 0
    outer loop
      vertex 1.64771 33.3624 1.6
      vertex 1.61198 33.1827 11.9
      vertex 1.61198 33.1827 1.6
    endloop
  endfacet
  facet normal -0.980832 -0.194856 0
    outer loop
      vertex 44.388 33.1827 1.6
      vertex 44.3523 33.3624 11.9
      vertex 44.3523 33.3624 1.6
    endloop
  endfacet
  facet normal -0.980832 -0.194856 0
    outer loop
      vertex 44.3523 33.3624 11.9
      vertex 44.388 33.1827 1.6
      vertex 44.388 33.1827 11.9
    endloop
  endfacet
  facet normal -0.831563 0.555431 0
    outer loop
      vertex 44.1107 2.14774 1.6
      vertex 44.2124 2.3 11.9
      vertex 44.2124 2.3 1.6
    endloop
  endfacet
  facet normal -0.831563 0.555431 0
    outer loop
      vertex 44.2124 2.3 11.9
      vertex 44.1107 2.14774 1.6
      vertex 44.1107 2.14774 11.9
    endloop
  endfacet
  facet normal -0.896871 0.442292 0
    outer loop
      vertex 44.2124 2.3 1.6
      vertex 44.2934 2.46425 11.9
      vertex 44.2934 2.46425 1.6
    endloop
  endfacet
  facet normal -0.896871 0.442292 0
    outer loop
      vertex 44.2934 2.46425 11.9
      vertex 44.2124 2.3 1.6
      vertex 44.2124 2.3 11.9
    endloop
  endfacet
  facet normal -0.659587 0.751628 0
    outer loop
      vertex 43.9899 2.01006 1.6
      vertex 43.8523 1.88931 11.9
      vertex 43.9899 2.01006 11.9
    endloop
  endfacet
  facet normal -0.659587 0.751628 0
    outer loop
      vertex 43.8523 1.88931 11.9
      vertex 43.9899 2.01006 1.6
      vertex 43.8523 1.88931 1.6
    endloop
  endfacet
  facet normal 0.997861 -0.0653771 0
    outer loop
      vertex 1.60001 33 11.9
      vertex 1.61198 33.1827 1.6
      vertex 1.61198 33.1827 11.9
    endloop
  endfacet
  facet normal 0.997861 -0.0653771 0
    outer loop
      vertex 1.61198 33.1827 1.6
      vertex 1.60001 33 11.9
      vertex 1.60001 33 1.6
    endloop
  endfacet
  facet normal -0.99785 -0.0655402 0
    outer loop
      vertex 44.4 33 1.6
      vertex 44.388 33.1827 11.9
      vertex 44.388 33.1827 1.6
    endloop
  endfacet
  facet normal -0.99785 -0.0655402 0
    outer loop
      vertex 44.388 33.1827 11.9
      vertex 44.4 33 1.6
      vertex 44.4 33 11.9
    endloop
  endfacet
  facet normal -0.83163 -0.55533 0
    outer loop
      vertex 44.2124 33.7 1.6
      vertex 44.1107 33.8523 11.9
      vertex 44.1107 33.8523 1.6
    endloop
  endfacet
  facet normal -0.83163 -0.55533 0
    outer loop
      vertex 44.1107 33.8523 11.9
      vertex 44.2124 33.7 1.6
      vertex 44.2124 33.7 11.9
    endloop
  endfacet
  facet normal -0.751493 -0.659741 0
    outer loop
      vertex 44.1107 33.8523 1.6
      vertex 43.9899 33.9899 11.9
      vertex 43.9899 33.9899 1.6
    endloop
  endfacet
  facet normal -0.751493 -0.659741 0
    outer loop
      vertex 43.9899 33.9899 11.9
      vertex 44.1107 33.8523 1.6
      vertex 44.1107 33.8523 11.9
    endloop
  endfacet
  facet normal 0.751818 0.65937 0
    outer loop
      vertex 2.01006 2.01006 11.9
      vertex 1.88931 2.14774 1.6
      vertex 1.88931 2.14774 11.9
    endloop
  endfacet
  facet normal 0.751818 0.65937 0
    outer loop
      vertex 1.88931 2.14774 1.6
      vertex 2.01006 2.01006 11.9
      vertex 2.01006 2.01006 1.6
    endloop
  endfacet
  facet normal -0.321629 -0.946866 0
    outer loop
      vertex 43.3624 34.3523 1.6
      vertex 43.5358 34.2934 11.9
      vertex 43.3624 34.3523 11.9
    endloop
  endfacet
  facet normal -0.321629 -0.946866 -0
    outer loop
      vertex 43.5358 34.2934 11.9
      vertex 43.3624 34.3523 1.6
      vertex 43.5358 34.2934 1.6
    endloop
  endfacet
  facet normal 0.831462 0.555582 0
    outer loop
      vertex 1.88931 2.14774 11.9
      vertex 1.78757 2.3 1.6
      vertex 1.78757 2.3 11.9
    endloop
  endfacet
  facet normal 0.831462 0.555582 0
    outer loop
      vertex 1.78757 2.3 1.6
      vertex 1.88931 2.14774 11.9
      vertex 1.88931 2.14774 1.6
    endloop
  endfacet
  facet normal 0.997862 0.0653628 0
    outer loop
      vertex 1.61198 2.81726 11.9
      vertex 1.60001 3 1.6
      vertex 1.60001 3 11.9
    endloop
  endfacet
  facet normal 0.997862 0.0653628 0
    outer loop
      vertex 1.60001 3 1.6
      vertex 1.61198 2.81726 11.9
      vertex 1.61198 2.81726 1.6
    endloop
  endfacet
  facet normal -0.751683 0.659524 0
    outer loop
      vertex 43.9899 2.01006 1.6
      vertex 44.1107 2.14774 11.9
      vertex 44.1107 2.14774 1.6
    endloop
  endfacet
  facet normal -0.751683 0.659524 0
    outer loop
      vertex 44.1107 2.14774 11.9
      vertex 43.9899 2.01006 1.6
      vertex 43.9899 2.01006 11.9
    endloop
  endfacet
  facet normal -0.946866 -0.321629 0
    outer loop
      vertex 44.3523 33.3624 1.6
      vertex 44.2934 33.5358 11.9
      vertex 44.2934 33.5358 1.6
    endloop
  endfacet
  facet normal -0.946866 -0.321629 0
    outer loop
      vertex 44.2934 33.5358 11.9
      vertex 44.3523 33.3624 1.6
      vertex 44.3523 33.3624 11.9
    endloop
  endfacet
  facet normal -0.997851 0.0655259 0
    outer loop
      vertex 44.388 2.81726 1.6
      vertex 44.4 3 11.9
      vertex 44.4 3 1.6
    endloop
  endfacet
  facet normal -0.997851 0.0655259 0
    outer loop
      vertex 44.4 3 11.9
      vertex 44.388 2.81726 1.6
      vertex 44.388 2.81726 11.9
    endloop
  endfacet
  facet normal -0.946866 0.321629 0
    outer loop
      vertex 44.2934 2.46425 1.6
      vertex 44.3523 2.63765 11.9
      vertex 44.3523 2.63765 1.6
    endloop
  endfacet
  facet normal -0.946866 0.321629 0
    outer loop
      vertex 44.3523 2.63765 11.9
      vertex 44.2934 2.46425 1.6
      vertex 44.2934 2.46425 11.9
    endloop
  endfacet
  facet normal -0.442401 0.896817 0
    outer loop
      vertex 43.7 1.78757 1.6
      vertex 43.5358 1.70657 11.9
      vertex 43.7 1.78757 11.9
    endloop
  endfacet
  facet normal -0.442401 0.896817 0
    outer loop
      vertex 43.5358 1.70657 11.9
      vertex 43.7 1.78757 1.6
      vertex 43.5358 1.70657 1.6
    endloop
  endfacet
  facet normal -0.659364 0 0.751824
    outer loop
      vertex 14.5307 1.60001 3.37326
      vertex 14.8749 0.589999 3.67513
      vertex 14.8749 1.60001 3.67513
    endloop
  endfacet
  facet normal -0.659364 0 0.751824
    outer loop
      vertex 14.8749 0.589999 3.67513
      vertex 14.5307 1.60001 3.37326
      vertex 14.5307 0.589999 3.37326
    endloop
  endfacet
  facet normal -0.321452 0 -0.946926
    outer loop
      vertex 13.3059 0.589999 9.53074
      vertex 13.7394 1.60001 9.38358
      vertex 13.7394 0.589999 9.38358
    endloop
  endfacet
  facet normal -0.321452 0 -0.946926
    outer loop
      vertex 13.7394 1.60001 9.38358
      vertex 13.3059 0.589999 9.53074
      vertex 13.3059 1.60001 9.53074
    endloop
  endfacet
  facet normal -0.980751 0 0.195263
    outer loop
      vertex 15.7807 0.589999 5.24413
      vertex 15.8701 1.60001 5.69316
      vertex 15.7807 1.60001 5.24413
    endloop
  endfacet
  facet normal -0.980751 0 0.195263
    outer loop
      vertex 15.8701 1.60001 5.69316
      vertex 15.7807 0.589999 5.24413
      vertex 15.8701 0.589999 5.69316
    endloop
  endfacet
  facet normal -0.997865 0 0.0653099
    outer loop
      vertex 15.8701 0.589999 5.69316
      vertex 15.9 1.60001 6.15
      vertex 15.8701 1.60001 5.69316
    endloop
  endfacet
  facet normal -0.997865 0 0.0653099
    outer loop
      vertex 15.9 1.60001 6.15
      vertex 15.8701 0.589999 5.69316
      vertex 15.9 0.589999 6.15
    endloop
  endfacet
  facet normal -0.94697 0 0.321322
    outer loop
      vertex 15.6336 0.589999 4.81061
      vertex 15.7807 1.60001 5.24413
      vertex 15.6336 1.60001 4.81061
    endloop
  endfacet
  facet normal -0.94697 0 0.321322
    outer loop
      vertex 15.7807 1.60001 5.24413
      vertex 15.6336 0.589999 4.81061
      vertex 15.7807 0.589999 5.24413
    endloop
  endfacet
  facet normal 0.659396 0 -0.751795
    outer loop
      vertex 9.92513 0.589999 8.62487
      vertex 10.2693 1.60001 8.92674
      vertex 10.2693 0.589999 8.92674
    endloop
  endfacet
  facet normal 0.659396 0 -0.751795
    outer loop
      vertex 10.2693 1.60001 8.92674
      vertex 9.92513 0.589999 8.62487
      vertex 9.92513 1.60001 8.62487
    endloop
  endfacet
  facet normal 0.997859 0 -0.0653969
    outer loop
      vertex 8.92994 0.589999 6.60684
      vertex 8.9 1.60001 6.15
      vertex 8.92994 1.60001 6.60684
    endloop
  endfacet
  facet normal 0.997859 0 -0.0653969
    outer loop
      vertex 8.9 1.60001 6.15
      vertex 8.92994 0.589999 6.60684
      vertex 8.9 0.589999 6.15
    endloop
  endfacet
  facet normal -0.321452 0 0.946926
    outer loop
      vertex 13.3059 1.60001 2.76926
      vertex 13.7394 0.589999 2.91642
      vertex 13.7394 1.60001 2.91642
    endloop
  endfacet
  facet normal -0.321452 0 0.946926
    outer loop
      vertex 13.7394 0.589999 2.91642
      vertex 13.3059 1.60001 2.76926
      vertex 13.3059 0.589999 2.76926
    endloop
  endfacet
  facet normal -0.555532 0 -0.831495
    outer loop
      vertex 14.15 0.589999 9.18109
      vertex 14.5307 1.60001 8.92674
      vertex 14.5307 0.589999 8.92674
    endloop
  endfacet
  facet normal -0.555532 0 -0.831495
    outer loop
      vertex 14.5307 1.60001 8.92674
      vertex 14.15 0.589999 9.18109
      vertex 14.15 1.60001 9.18109
    endloop
  endfacet
  facet normal 0.997859 -0 0.0653969
    outer loop
      vertex 8.9 0.589999 6.15
      vertex 8.92994 1.60001 5.69316
      vertex 8.9 1.60001 6.15
    endloop
  endfacet
  facet normal 0.997859 0 0.0653969
    outer loop
      vertex 8.92994 1.60001 5.69316
      vertex 8.9 0.589999 6.15
      vertex 8.92994 0.589999 5.69316
    endloop
  endfacet
  facet normal 0.751824 -0 0.659364
    outer loop
      vertex 9.62326 0.589999 4.01933
      vertex 9.92513 1.60001 3.67513
      vertex 9.62326 1.60001 4.01933
    endloop
  endfacet
  facet normal 0.751824 0 0.659364
    outer loop
      vertex 9.92513 1.60001 3.67513
      vertex 9.62326 0.589999 4.01933
      vertex 9.92513 0.589999 3.67513
    endloop
  endfacet
  facet normal -0.896864 0 0.442305
    outer loop
      vertex 15.4311 0.589999 4.4
      vertex 15.6336 1.60001 4.81061
      vertex 15.4311 1.60001 4.4
    endloop
  endfacet
  facet normal -0.896864 0 0.442305
    outer loop
      vertex 15.6336 1.60001 4.81061
      vertex 15.4311 0.589999 4.4
      vertex 15.6336 0.589999 4.81061
    endloop
  endfacet
  facet normal 0.555532 0 -0.831495
    outer loop
      vertex 10.2693 0.589999 8.92674
      vertex 10.65 1.60001 9.18109
      vertex 10.65 0.589999 9.18109
    endloop
  endfacet
  facet normal 0.555532 0 -0.831495
    outer loop
      vertex 10.65 1.60001 9.18109
      vertex 10.2693 0.589999 8.92674
      vertex 10.2693 1.60001 8.92674
    endloop
  endfacet
  facet normal -0.94697 0 -0.321322
    outer loop
      vertex 15.7807 0.589999 7.05587
      vertex 15.6336 1.60001 7.48939
      vertex 15.7807 1.60001 7.05587
    endloop
  endfacet
  facet normal -0.94697 -0 -0.321322
    outer loop
      vertex 15.6336 1.60001 7.48939
      vertex 15.7807 0.589999 7.05587
      vertex 15.6336 0.589999 7.48939
    endloop
  endfacet
  facet normal -0.555532 0 0.831495
    outer loop
      vertex 14.15 1.60001 3.11891
      vertex 14.5307 0.589999 3.37326
      vertex 14.5307 1.60001 3.37326
    endloop
  endfacet
  facet normal -0.555532 0 0.831495
    outer loop
      vertex 14.5307 0.589999 3.37326
      vertex 14.15 1.60001 3.11891
      vertex 14.15 0.589999 3.11891
    endloop
  endfacet
  facet normal -0.831418 0 -0.555647
    outer loop
      vertex 15.4311 0.589999 7.9
      vertex 15.1767 1.60001 8.28066
      vertex 15.4311 1.60001 7.9
    endloop
  endfacet
  facet normal -0.831418 -0 -0.555647
    outer loop
      vertex 15.1767 1.60001 8.28066
      vertex 15.4311 0.589999 7.9
      vertex 15.1767 0.589999 8.28066
    endloop
  endfacet
  facet normal 0.0654026 0 -0.997859
    outer loop
      vertex 11.9432 0.589999 9.62006
      vertex 12.4 1.60001 9.65
      vertex 12.4 0.589999 9.65
    endloop
  endfacet
  facet normal 0.0654026 0 -0.997859
    outer loop
      vertex 12.4 1.60001 9.65
      vertex 11.9432 0.589999 9.62006
      vertex 11.9432 1.60001 9.62006
    endloop
  endfacet
  facet normal 0.831468 0 -0.555572
    outer loop
      vertex 9.62326 0.589999 8.28066
      vertex 9.36891 1.60001 7.9
      vertex 9.62326 1.60001 8.28066
    endloop
  endfacet
  facet normal 0.831468 0 -0.555572
    outer loop
      vertex 9.36891 1.60001 7.9
      vertex 9.62326 0.589999 8.28066
      vertex 9.36891 0.589999 7.9
    endloop
  endfacet
  facet normal -0.980751 0 -0.195263
    outer loop
      vertex 15.8701 0.589999 6.60684
      vertex 15.7807 1.60001 7.05587
      vertex 15.8701 1.60001 6.60684
    endloop
  endfacet
  facet normal -0.980751 -0 -0.195263
    outer loop
      vertex 15.7807 1.60001 7.05587
      vertex 15.8701 0.589999 6.60684
      vertex 15.7807 0.589999 7.05587
    endloop
  endfacet
  facet normal 0.442297 0 -0.896869
    outer loop
      vertex 10.65 0.589999 9.18109
      vertex 11.0606 1.60001 9.38358
      vertex 11.0606 0.589999 9.38358
    endloop
  endfacet
  facet normal 0.442297 0 -0.896869
    outer loop
      vertex 11.0606 1.60001 9.38358
      vertex 10.65 0.589999 9.18109
      vertex 10.65 1.60001 9.18109
    endloop
  endfacet
  facet normal 0.442297 0 0.896869
    outer loop
      vertex 10.65 1.60001 3.11891
      vertex 11.0606 0.589999 2.91642
      vertex 11.0606 1.60001 2.91642
    endloop
  endfacet
  facet normal 0.442297 0 0.896869
    outer loop
      vertex 11.0606 0.589999 2.91642
      vertex 10.65 1.60001 3.11891
      vertex 10.65 0.589999 3.11891
    endloop
  endfacet
  facet normal -0.831425 0 0.555637
    outer loop
      vertex 15.1767 0.589999 4.01933
      vertex 15.4311 1.60001 4.4
      vertex 15.1767 1.60001 4.01933
    endloop
  endfacet
  facet normal -0.831425 0 0.555637
    outer loop
      vertex 15.4311 1.60001 4.4
      vertex 15.1767 0.589999 4.01933
      vertex 15.4311 0.589999 4.4
    endloop
  endfacet
  facet normal 0.0654026 0 0.997859
    outer loop
      vertex 11.9432 1.60001 2.67994
      vertex 12.4 0.589999 2.65
      vertex 12.4 1.60001 2.65
    endloop
  endfacet
  facet normal 0.0654026 0 0.997859
    outer loop
      vertex 12.4 0.589999 2.65
      vertex 11.9432 1.60001 2.67994
      vertex 11.9432 0.589999 2.67994
    endloop
  endfacet
  facet normal -0.195066 0 -0.98079
    outer loop
      vertex 12.8568 0.589999 9.62006
      vertex 13.3059 1.60001 9.53074
      vertex 13.3059 0.589999 9.53074
    endloop
  endfacet
  facet normal -0.195066 0 -0.98079
    outer loop
      vertex 13.3059 1.60001 9.53074
      vertex 12.8568 0.589999 9.62006
      vertex 12.8568 1.60001 9.62006
    endloop
  endfacet
  facet normal -0.659364 0 -0.751824
    outer loop
      vertex 14.5307 0.589999 8.92674
      vertex 14.8749 1.60001 8.62487
      vertex 14.8749 0.589999 8.62487
    endloop
  endfacet
  facet normal -0.659364 0 -0.751824
    outer loop
      vertex 14.8749 1.60001 8.62487
      vertex 14.5307 0.589999 8.92674
      vertex 14.5307 1.60001 8.92674
    endloop
  endfacet
  facet normal 0.751833 0 -0.659353
    outer loop
      vertex 9.92513 0.589999 8.62487
      vertex 9.62326 1.60001 8.28066
      vertex 9.92513 1.60001 8.62487
    endloop
  endfacet
  facet normal 0.751833 0 -0.659353
    outer loop
      vertex 9.62326 1.60001 8.28066
      vertex 9.92513 0.589999 8.62487
      vertex 9.62326 0.589999 8.28066
    endloop
  endfacet
  facet normal 0.555532 0 0.831495
    outer loop
      vertex 10.2693 1.60001 3.37326
      vertex 10.65 0.589999 3.11891
      vertex 10.65 1.60001 3.11891
    endloop
  endfacet
  facet normal 0.555532 0 0.831495
    outer loop
      vertex 10.65 0.589999 3.11891
      vertex 10.2693 1.60001 3.37326
      vertex 10.2693 0.589999 3.37326
    endloop
  endfacet
  facet normal -0.0654026 0 0.997859
    outer loop
      vertex 12.4 1.60001 2.65
      vertex 12.8568 0.589999 2.67994
      vertex 12.8568 1.60001 2.67994
    endloop
  endfacet
  facet normal -0.0654026 0 0.997859
    outer loop
      vertex 12.8568 0.589999 2.67994
      vertex 12.4 1.60001 2.65
      vertex 12.4 0.589999 2.65
    endloop
  endfacet
  facet normal -0.442297 0 -0.896869
    outer loop
      vertex 13.7394 0.589999 9.38358
      vertex 14.15 1.60001 9.18109
      vertex 14.15 0.589999 9.18109
    endloop
  endfacet
  facet normal -0.442297 0 -0.896869
    outer loop
      vertex 14.15 1.60001 9.18109
      vertex 13.7394 0.589999 9.38358
      vertex 13.7394 1.60001 9.38358
    endloop
  endfacet
  facet normal -0.751909 0 -0.659267
    outer loop
      vertex 15.1767 0.589999 8.28066
      vertex 14.8749 1.60001 8.62487
      vertex 15.1767 1.60001 8.28066
    endloop
  endfacet
  facet normal -0.751909 -0 -0.659267
    outer loop
      vertex 14.8749 1.60001 8.62487
      vertex 15.1767 0.589999 8.28066
      vertex 14.8749 0.589999 8.62487
    endloop
  endfacet
  facet normal 0.195066 0 0.98079
    outer loop
      vertex 11.4941 1.60001 2.76926
      vertex 11.9432 0.589999 2.67994
      vertex 11.9432 1.60001 2.67994
    endloop
  endfacet
  facet normal 0.195066 0 0.98079
    outer loop
      vertex 11.9432 0.589999 2.67994
      vertex 11.4941 1.60001 2.76926
      vertex 11.4941 0.589999 2.76926
    endloop
  endfacet
  facet normal -0.896864 0 -0.442305
    outer loop
      vertex 15.6336 0.589999 7.48939
      vertex 15.4311 1.60001 7.9
      vertex 15.6336 1.60001 7.48939
    endloop
  endfacet
  facet normal -0.896864 -0 -0.442305
    outer loop
      vertex 15.4311 1.60001 7.9
      vertex 15.6336 0.589999 7.48939
      vertex 15.4311 0.589999 7.9
    endloop
  endfacet
  facet normal -0.997865 0 -0.0653099
    outer loop
      vertex 15.9 0.589999 6.15
      vertex 15.8701 1.60001 6.60684
      vertex 15.9 1.60001 6.15
    endloop
  endfacet
  facet normal -0.997865 -0 -0.0653099
    outer loop
      vertex 15.8701 1.60001 6.60684
      vertex 15.9 0.589999 6.15
      vertex 15.8701 0.589999 6.60684
    endloop
  endfacet
  facet normal 0.659396 0 0.751795
    outer loop
      vertex 9.92513 1.60001 3.67513
      vertex 10.2693 0.589999 3.37326
      vertex 10.2693 1.60001 3.37326
    endloop
  endfacet
  facet normal 0.659396 0 0.751795
    outer loop
      vertex 10.2693 0.589999 3.37326
      vertex 9.92513 1.60001 3.67513
      vertex 9.92513 0.589999 3.67513
    endloop
  endfacet
  facet normal 0.980784 0 -0.195095
    outer loop
      vertex 9.01926 0.589999 7.05587
      vertex 8.92994 1.60001 6.60684
      vertex 9.01926 1.60001 7.05587
    endloop
  endfacet
  facet normal 0.980784 0 -0.195095
    outer loop
      vertex 8.92994 1.60001 6.60684
      vertex 9.01926 0.589999 7.05587
      vertex 8.92994 0.589999 6.60684
    endloop
  endfacet
  facet normal -0.0654026 0 -0.997859
    outer loop
      vertex 12.4 0.589999 9.65
      vertex 12.8568 1.60001 9.62006
      vertex 12.8568 0.589999 9.62006
    endloop
  endfacet
  facet normal -0.0654026 0 -0.997859
    outer loop
      vertex 12.8568 1.60001 9.62006
      vertex 12.4 0.589999 9.65
      vertex 12.4 1.60001 9.65
    endloop
  endfacet
  facet normal -0.442297 0 0.896869
    outer loop
      vertex 13.7394 1.60001 2.91642
      vertex 14.15 0.589999 3.11891
      vertex 14.15 1.60001 3.11891
    endloop
  endfacet
  facet normal -0.442297 0 0.896869
    outer loop
      vertex 14.15 0.589999 3.11891
      vertex 13.7394 1.60001 2.91642
      vertex 13.7394 0.589999 2.91642
    endloop
  endfacet
  facet normal -0.7519 0 0.659278
    outer loop
      vertex 14.8749 0.589999 3.67513
      vertex 15.1767 1.60001 4.01933
      vertex 14.8749 1.60001 3.67513
    endloop
  endfacet
  facet normal -0.7519 0 0.659278
    outer loop
      vertex 15.1767 1.60001 4.01933
      vertex 14.8749 0.589999 3.67513
      vertex 15.1767 0.589999 4.01933
    endloop
  endfacet
  facet normal -0.195066 0 0.98079
    outer loop
      vertex 12.8568 1.60001 2.67994
      vertex 13.3059 0.589999 2.76926
      vertex 13.3059 1.60001 2.76926
    endloop
  endfacet
  facet normal -0.195066 0 0.98079
    outer loop
      vertex 13.3059 0.589999 2.76926
      vertex 12.8568 1.60001 2.67994
      vertex 12.8568 0.589999 2.67994
    endloop
  endfacet
  facet normal 0.321452 0 0.946926
    outer loop
      vertex 11.0606 1.60001 2.91642
      vertex 11.4941 0.589999 2.76926
      vertex 11.4941 1.60001 2.76926
    endloop
  endfacet
  facet normal 0.321452 0 0.946926
    outer loop
      vertex 11.4941 0.589999 2.76926
      vertex 11.0606 1.60001 2.91642
      vertex 11.0606 0.589999 2.91642
    endloop
  endfacet
  facet normal 0.321452 0 -0.946926
    outer loop
      vertex 11.0606 0.589999 9.38358
      vertex 11.4941 1.60001 9.53074
      vertex 11.4941 0.589999 9.53074
    endloop
  endfacet
  facet normal 0.321452 0 -0.946926
    outer loop
      vertex 11.4941 1.60001 9.53074
      vertex 11.0606 0.589999 9.38358
      vertex 11.0606 1.60001 9.38358
    endloop
  endfacet
  facet normal 0.94693 -0 0.321439
    outer loop
      vertex 9.01926 0.589999 5.24413
      vertex 9.16642 1.60001 4.81061
      vertex 9.01926 1.60001 5.24413
    endloop
  endfacet
  facet normal 0.94693 0 0.321439
    outer loop
      vertex 9.16642 1.60001 4.81061
      vertex 9.01926 0.589999 5.24413
      vertex 9.16642 0.589999 4.81061
    endloop
  endfacet
  facet normal 0.896873 -0 0.442288
    outer loop
      vertex 9.16642 0.589999 4.81061
      vertex 9.36891 1.60001 4.4
      vertex 9.16642 1.60001 4.81061
    endloop
  endfacet
  facet normal 0.896873 0 0.442288
    outer loop
      vertex 9.36891 1.60001 4.4
      vertex 9.16642 0.589999 4.81061
      vertex 9.36891 0.589999 4.4
    endloop
  endfacet
  facet normal 0.980784 -0 0.195095
    outer loop
      vertex 8.92994 0.589999 5.69316
      vertex 9.01926 1.60001 5.24413
      vertex 8.92994 1.60001 5.69316
    endloop
  endfacet
  facet normal 0.980784 0 0.195095
    outer loop
      vertex 9.01926 1.60001 5.24413
      vertex 8.92994 0.589999 5.69316
      vertex 9.01926 0.589999 5.24413
    endloop
  endfacet
  facet normal 0.94693 0 -0.321439
    outer loop
      vertex 9.16642 0.589999 7.48939
      vertex 9.01926 1.60001 7.05587
      vertex 9.16642 1.60001 7.48939
    endloop
  endfacet
  facet normal 0.94693 0 -0.321439
    outer loop
      vertex 9.01926 1.60001 7.05587
      vertex 9.16642 0.589999 7.48939
      vertex 9.01926 0.589999 7.05587
    endloop
  endfacet
  facet normal 0.195066 0 -0.98079
    outer loop
      vertex 11.4941 0.589999 9.53074
      vertex 11.9432 1.60001 9.62006
      vertex 11.9432 0.589999 9.62006
    endloop
  endfacet
  facet normal 0.195066 0 -0.98079
    outer loop
      vertex 11.9432 1.60001 9.62006
      vertex 11.4941 0.589999 9.53074
      vertex 11.4941 1.60001 9.53074
    endloop
  endfacet
  facet normal 0.896873 0 -0.442288
    outer loop
      vertex 9.36891 0.589999 7.9
      vertex 9.16642 1.60001 7.48939
      vertex 9.36891 1.60001 7.9
    endloop
  endfacet
  facet normal 0.896873 0 -0.442288
    outer loop
      vertex 9.16642 1.60001 7.48939
      vertex 9.36891 0.589999 7.9
      vertex 9.16642 0.589999 7.48939
    endloop
  endfacet
  facet normal 0.831475 -0 0.555562
    outer loop
      vertex 9.36891 0.589999 4.4
      vertex 9.62326 1.60001 4.01933
      vertex 9.36891 1.60001 4.4
    endloop
  endfacet
  facet normal 0.831475 0 0.555562
    outer loop
      vertex 9.62326 1.60001 4.01933
      vertex 9.36891 0.589999 4.4
      vertex 9.62326 0.589999 4.01933
    endloop
  endfacet
  facet normal -0.0654673 0 -0.997855
    outer loop
      vertex 12.4 0 11.65
      vertex 13.1179 0.589999 11.6029
      vertex 13.1179 0 11.6029
    endloop
  endfacet
  facet normal -0.0654673 0 -0.997855
    outer loop
      vertex 13.1179 0.589999 11.6029
      vertex 12.4 0 11.65
      vertex 12.4 0.589999 11.65
    endloop
  endfacet
  facet normal -0.9808 0 0.195015
    outer loop
      vertex 17.7126 0 4.72649
      vertex 17.8529 0.589999 5.43211
      vertex 17.7126 0.589999 4.72649
    endloop
  endfacet
  facet normal -0.9808 0 0.195015
    outer loop
      vertex 17.8529 0.589999 5.43211
      vertex 17.7126 0 4.72649
      vertex 17.8529 0 5.43211
    endloop
  endfacet
  facet normal -0.997855 0 0.0654682
    outer loop
      vertex 17.8529 0 5.43211
      vertex 17.9 0.589999 6.15
      vertex 17.8529 0.589999 5.43211
    endloop
  endfacet
  facet normal -0.997855 0 0.0654682
    outer loop
      vertex 17.9 0.589999 6.15
      vertex 17.8529 0 5.43211
      vertex 17.9 0 6.15
    endloop
  endfacet
  facet normal -0.94691 0 0.321498
    outer loop
      vertex 17.4813 0 4.04524
      vertex 17.7126 0.589999 4.72649
      vertex 17.4813 0.589999 4.04524
    endloop
  endfacet
  facet normal -0.94691 0 0.321498
    outer loop
      vertex 17.7126 0.589999 4.72649
      vertex 17.4813 0 4.04524
      vertex 17.7126 0 4.72649
    endloop
  endfacet
  facet normal -0.751879 0 0.659301
    outer loop
      vertex 16.2891 0 2.26091
      vertex 16.7634 0.589999 2.80181
      vertex 16.2891 0.589999 2.26091
    endloop
  endfacet
  facet normal -0.751879 0 0.659301
    outer loop
      vertex 16.7634 0.589999 2.80181
      vertex 16.2891 0 2.26091
      vertex 16.7634 0 2.80181
    endloop
  endfacet
  facet normal -0.321418 0 0.946937
    outer loop
      vertex 13.8235 0.589999 0.837407
      vertex 14.5048 0 1.06866
      vertex 14.5048 0.589999 1.06866
    endloop
  endfacet
  facet normal -0.321418 0 0.946937
    outer loop
      vertex 14.5048 0 1.06866
      vertex 13.8235 0.589999 0.837407
      vertex 13.8235 0 0.837407
    endloop
  endfacet
  facet normal -0.442314 0 0.89686
    outer loop
      vertex 14.5048 0.589999 1.06866
      vertex 15.15 0 1.38686
      vertex 15.15 0.589999 1.38686
    endloop
  endfacet
  facet normal -0.442314 0 0.89686
    outer loop
      vertex 15.15 0 1.38686
      vertex 14.5048 0.589999 1.06866
      vertex 14.5048 0 1.06866
    endloop
  endfacet
  facet normal -0.896871 0 -0.442292
    outer loop
      vertex 17.4813 0 8.25476
      vertex 17.1631 0.589999 8.9
      vertex 17.4813 0.589999 8.25476
    endloop
  endfacet
  facet normal -0.896871 -0 -0.442292
    outer loop
      vertex 17.1631 0.589999 8.9
      vertex 17.4813 0 8.25476
      vertex 17.1631 0 8.9
    endloop
  endfacet
  facet normal -0.831468 0 0.555572
    outer loop
      vertex 16.7634 0 2.80181
      vertex 17.1631 0.589999 3.4
      vertex 16.7634 0.589999 2.80181
    endloop
  endfacet
  facet normal -0.831468 0 0.555572
    outer loop
      vertex 17.1631 0.589999 3.4
      vertex 16.7634 0 2.80181
      vertex 17.1631 0 3.4
    endloop
  endfacet
  facet normal -0.896871 0 0.442292
    outer loop
      vertex 17.1631 0 3.4
      vertex 17.4813 0.589999 4.04524
      vertex 17.1631 0.589999 3.4
    endloop
  endfacet
  facet normal -0.896871 0 0.442292
    outer loop
      vertex 17.4813 0.589999 4.04524
      vertex 17.1631 0 3.4
      vertex 17.4813 0 4.04524
    endloop
  endfacet
  facet normal -0.997855 0 -0.0654682
    outer loop
      vertex 17.9 0 6.15
      vertex 17.8529 0.589999 6.86789
      vertex 17.9 0.589999 6.15
    endloop
  endfacet
  facet normal -0.997855 -0 -0.0654682
    outer loop
      vertex 17.8529 0.589999 6.86789
      vertex 17.9 0 6.15
      vertex 17.8529 0 6.86789
    endloop
  endfacet
  facet normal 0.946931 -0 0.321435
    outer loop
      vertex 7.08741 0 4.72649
      vertex 7.31866 0.589999 4.04524
      vertex 7.08741 0.589999 4.72649
    endloop
  endfacet
  facet normal 0.946931 0 0.321435
    outer loop
      vertex 7.31866 0.589999 4.04524
      vertex 7.08741 0 4.72649
      vertex 7.31866 0 4.04524
    endloop
  endfacet
  facet normal -0.19502 0 -0.980799
    outer loop
      vertex 13.1179 0 11.6029
      vertex 13.8235 0.589999 11.4626
      vertex 13.8235 0 11.4626
    endloop
  endfacet
  facet normal -0.19502 0 -0.980799
    outer loop
      vertex 13.8235 0.589999 11.4626
      vertex 13.1179 0 11.6029
      vertex 13.1179 0.589999 11.6029
    endloop
  endfacet
  facet normal 0.980784 -0 0.195095
    outer loop
      vertex 6.94705 0 5.43211
      vertex 7.08741 0.589999 4.72649
      vertex 6.94705 0.589999 5.43211
    endloop
  endfacet
  facet normal 0.980784 0 0.195095
    outer loop
      vertex 7.08741 0.589999 4.72649
      vertex 6.94705 0 5.43211
      vertex 7.08741 0 4.72649
    endloop
  endfacet
  facet normal 0.997859 0 -0.065399
    outer loop
      vertex 6.94705 0 6.86789
      vertex 6.9 0.589999 6.15
      vertex 6.94705 0.589999 6.86789
    endloop
  endfacet
  facet normal 0.997859 0 -0.065399
    outer loop
      vertex 6.9 0.589999 6.15
      vertex 6.94705 0 6.86789
      vertex 6.9 0 6.15
    endloop
  endfacet
  facet normal 0.659341 0 0.751844
    outer loop
      vertex 8.51091 0.589999 2.26091
      vertex 9.05181 0 1.78656
      vertex 9.05181 0.589999 1.78656
    endloop
  endfacet
  facet normal 0.659341 0 0.751844
    outer loop
      vertex 9.05181 0 1.78656
      vertex 8.51091 0.589999 2.26091
      vertex 8.51091 0 2.26091
    endloop
  endfacet
  facet normal 0.659301 0 -0.751879
    outer loop
      vertex 8.51091 0 10.0391
      vertex 9.05181 0.589999 10.5134
      vertex 9.05181 0 10.5134
    endloop
  endfacet
  facet normal 0.659301 0 -0.751879
    outer loop
      vertex 9.05181 0.589999 10.5134
      vertex 8.51091 0 10.0391
      vertex 8.51091 0.589999 10.0391
    endloop
  endfacet
  facet normal -0.946912 0 -0.321494
    outer loop
      vertex 17.7126 0 7.5735
      vertex 17.4813 0.589999 8.25476
      vertex 17.7126 0.589999 7.5735
    endloop
  endfacet
  facet normal -0.946912 -0 -0.321494
    outer loop
      vertex 17.4813 0.589999 8.25476
      vertex 17.7126 0 7.5735
      vertex 17.4813 0 8.25476
    endloop
  endfacet
  facet normal -0.321477 0 -0.946918
    outer loop
      vertex 13.8235 0 11.4626
      vertex 14.5048 0.589999 11.2313
      vertex 14.5048 0 11.2313
    endloop
  endfacet
  facet normal -0.321477 0 -0.946918
    outer loop
      vertex 14.5048 0.589999 11.2313
      vertex 13.8235 0 11.4626
      vertex 13.8235 0.589999 11.4626
    endloop
  endfacet
  facet normal 0.19502 0 -0.980799
    outer loop
      vertex 10.9765 0 11.4626
      vertex 11.6821 0.589999 11.6029
      vertex 11.6821 0 11.6029
    endloop
  endfacet
  facet normal 0.19502 0 -0.980799
    outer loop
      vertex 11.6821 0.589999 11.6029
      vertex 10.9765 0 11.4626
      vertex 10.9765 0.589999 11.4626
    endloop
  endfacet
  facet normal 0.751844 -0 0.659341
    outer loop
      vertex 8.03656 0 2.80181
      vertex 8.51091 0.589999 2.26091
      vertex 8.03656 0.589999 2.80181
    endloop
  endfacet
  facet normal 0.751844 0 0.659341
    outer loop
      vertex 8.51091 0.589999 2.26091
      vertex 8.03656 0 2.80181
      vertex 8.51091 0 2.26091
    endloop
  endfacet
  facet normal -0.555566 0 0.831472
    outer loop
      vertex 15.15 0.589999 1.38686
      vertex 15.7482 0 1.78656
      vertex 15.7482 0.589999 1.78656
    endloop
  endfacet
  facet normal -0.555566 0 0.831472
    outer loop
      vertex 15.7482 0 1.78656
      vertex 15.15 0.589999 1.38686
      vertex 15.15 0 1.38686
    endloop
  endfacet
  facet normal -0.659341 0 0.751844
    outer loop
      vertex 15.7482 0.589999 1.78656
      vertex 16.2891 0 2.26091
      vertex 16.2891 0.589999 2.26091
    endloop
  endfacet
  facet normal -0.659341 0 0.751844
    outer loop
      vertex 16.2891 0 2.26091
      vertex 15.7482 0.589999 1.78656
      vertex 15.7482 0 1.78656
    endloop
  endfacet
  facet normal 0.831468 -0 0.555572
    outer loop
      vertex 7.63686 0 3.4
      vertex 8.03656 0.589999 2.80181
      vertex 7.63686 0.589999 3.4
    endloop
  endfacet
  facet normal 0.831468 0 0.555572
    outer loop
      vertex 8.03656 0.589999 2.80181
      vertex 7.63686 0 3.4
      vertex 8.03656 0 2.80181
    endloop
  endfacet
  facet normal 0.831468 0 -0.555572
    outer loop
      vertex 8.03656 0 9.49819
      vertex 7.63686 0.589999 8.9
      vertex 8.03656 0.589999 9.49819
    endloop
  endfacet
  facet normal 0.831468 0 -0.555572
    outer loop
      vertex 7.63686 0.589999 8.9
      vertex 8.03656 0 9.49819
      vertex 7.63686 0 8.9
    endloop
  endfacet
  facet normal 0.997859 -0 0.065399
    outer loop
      vertex 6.9 0 6.15
      vertex 6.94705 0.589999 5.43211
      vertex 6.9 0.589999 6.15
    endloop
  endfacet
  facet normal 0.997859 0 0.065399
    outer loop
      vertex 6.94705 0.589999 5.43211
      vertex 6.9 0 6.15
      vertex 6.94705 0 5.43211
    endloop
  endfacet
  facet normal 0 -1 0
    outer loop
      vertex 12.4 0.589999 9.65
      vertex 12.4 0.589999 11.65
      vertex 11.6821 0.589999 11.6029
    endloop
  endfacet
  facet normal 0 -1 0
    outer loop
      vertex 11.9432 0.589999 9.62006
      vertex 11.6821 0.589999 11.6029
      vertex 10.9765 0.589999 11.4626
    endloop
  endfacet
  facet normal 0 -1 0
    outer loop
      vertex 12.4 0.589999 11.65
      vertex 12.4 0.589999 9.65
      vertex 13.1179 0.589999 11.6029
    endloop
  endfacet
  facet normal 0 -1 0
    outer loop
      vertex 11.4941 0.589999 9.53074
      vertex 10.9765 0.589999 11.4626
      vertex 10.2952 0.589999 11.2313
    endloop
  endfacet
  facet normal 0 -1 0
    outer loop
      vertex 12.8568 0.589999 9.62006
      vertex 13.1179 0.589999 11.6029
      vertex 12.4 0.589999 9.65
    endloop
  endfacet
  facet normal 0 -1 0
    outer loop
      vertex 11.0606 0.589999 9.38358
      vertex 10.2952 0.589999 11.2313
      vertex 9.65 0.589999 10.9131
    endloop
  endfacet
  facet normal 0 -1 -0
    outer loop
      vertex 13.1179 0.589999 11.6029
      vertex 12.8568 0.589999 9.62006
      vertex 13.8235 0.589999 11.4626
    endloop
  endfacet
  facet normal 0 -1 0
    outer loop
      vertex 10.65 0.589999 9.18109
      vertex 9.65 0.589999 10.9131
      vertex 9.05181 0.589999 10.5134
    endloop
  endfacet
  facet normal 0 -1 0
    outer loop
      vertex 13.3059 0.589999 9.53074
      vertex 13.8235 0.589999 11.4626
      vertex 12.8568 0.589999 9.62006
    endloop
  endfacet
  facet normal 0 -1 0
    outer loop
      vertex 10.2693 0.589999 8.92674
      vertex 9.05181 0.589999 10.5134
      vertex 8.51091 0.589999 10.0391
    endloop
  endfacet
  facet normal 0 -1 -0
    outer loop
      vertex 13.8235 0.589999 11.4626
      vertex 13.3059 0.589999 9.53074
      vertex 14.5048 0.589999 11.2313
    endloop
  endfacet
  facet normal 0 -1 0
    outer loop
      vertex 13.7394 0.589999 9.38358
      vertex 14.5048 0.589999 11.2313
      vertex 13.3059 0.589999 9.53074
    endloop
  endfacet
  facet normal 0 -1 0
    outer loop
      vertex 11.6821 0.589999 11.6029
      vertex 11.9432 0.589999 9.62006
      vertex 12.4 0.589999 9.65
    endloop
  endfacet
  facet normal 0 -1 0
    outer loop
      vertex 10.9765 0.589999 11.4626
      vertex 11.4941 0.589999 9.53074
      vertex 11.9432 0.589999 9.62006
    endloop
  endfacet
  facet normal 0 -1 0
    outer loop
      vertex 9.92513 0.589999 8.62487
      vertex 8.51091 0.589999 10.0391
      vertex 8.03656 0.589999 9.49819
    endloop
  endfacet
  facet normal 0 -1 0
    outer loop
      vertex 10.2952 0.589999 11.2313
      vertex 11.0606 0.589999 9.38358
      vertex 11.4941 0.589999 9.53074
    endloop
  endfacet
  facet normal 0 -1 0
    outer loop
      vertex 9.65 0.589999 10.9131
      vertex 10.65 0.589999 9.18109
      vertex 11.0606 0.589999 9.38358
    endloop
  endfacet
  facet normal 0 -1 0
    outer loop
      vertex 9.05181 0.589999 10.5134
      vertex 10.2693 0.589999 8.92674
      vertex 10.65 0.589999 9.18109
    endloop
  endfacet
  facet normal 0 -1 0
    outer loop
      vertex 9.62326 0.589999 8.28066
      vertex 8.03656 0.589999 9.49819
      vertex 7.63686 0.589999 8.9
    endloop
  endfacet
  facet normal 0 -1 0
    outer loop
      vertex 8.51091 0.589999 10.0391
      vertex 9.92513 0.589999 8.62487
      vertex 10.2693 0.589999 8.92674
    endloop
  endfacet
  facet normal 0 -1 0
    outer loop
      vertex 8.03656 0.589999 9.49819
      vertex 9.62326 0.589999 8.28066
      vertex 9.92513 0.589999 8.62487
    endloop
  endfacet
  facet normal 0 -1 0
    outer loop
      vertex 9.36891 0.589999 7.9
      vertex 7.63686 0.589999 8.9
      vertex 7.31866 0.589999 8.25476
    endloop
  endfacet
  facet normal 0 -1 0
    outer loop
      vertex 7.63686 0.589999 8.9
      vertex 9.36891 0.589999 7.9
      vertex 9.62326 0.589999 8.28066
    endloop
  endfacet
  facet normal 0 -1 0
    outer loop
      vertex 9.16642 0.589999 7.48939
      vertex 7.31866 0.589999 8.25476
      vertex 7.08741 0.589999 7.5735
    endloop
  endfacet
  facet normal 0 -1 0
    outer loop
      vertex 7.31866 0.589999 8.25476
      vertex 9.16642 0.589999 7.48939
      vertex 9.36891 0.589999 7.9
    endloop
  endfacet
  facet normal 0 -1 0
    outer loop
      vertex 7.08741 0.589999 7.5735
      vertex 9.01926 0.589999 7.05587
      vertex 9.16642 0.589999 7.48939
    endloop
  endfacet
  facet normal 0 -1 0
    outer loop
      vertex 6.94705 0.589999 6.86789
      vertex 9.01926 0.589999 7.05587
      vertex 7.08741 0.589999 7.5735
    endloop
  endfacet
  facet normal 0 -1 0
    outer loop
      vertex 6.94705 0.589999 6.86789
      vertex 8.92994 0.589999 6.60684
      vertex 9.01926 0.589999 7.05587
    endloop
  endfacet
  facet normal 0 -1 0
    outer loop
      vertex 6.9 0.589999 6.15
      vertex 8.92994 0.589999 6.60684
      vertex 6.94705 0.589999 6.86789
    endloop
  endfacet
  facet normal 0 -1 0
    outer loop
      vertex 6.9 0.589999 6.15
      vertex 8.9 0.589999 6.15
      vertex 8.92994 0.589999 6.60684
    endloop
  endfacet
  facet normal 0 -1 0
    outer loop
      vertex 6.9 0.589999 6.15
      vertex 8.92994 0.589999 5.69316
      vertex 8.9 0.589999 6.15
    endloop
  endfacet
  facet normal 0 -1 0
    outer loop
      vertex 6.94705 0.589999 5.43211
      vertex 8.92994 0.589999 5.69316
      vertex 6.9 0.589999 6.15
    endloop
  endfacet
  facet normal 0 -1 0
    outer loop
      vertex 6.94705 0.589999 5.43211
      vertex 9.01926 0.589999 5.24413
      vertex 8.92994 0.589999 5.69316
    endloop
  endfacet
  facet normal 0 -1 0
    outer loop
      vertex 7.08741 0.589999 4.72649
      vertex 9.01926 0.589999 5.24413
      vertex 6.94705 0.589999 5.43211
    endloop
  endfacet
  facet normal 0 -1 -0
    outer loop
      vertex 9.01926 0.589999 5.24413
      vertex 7.08741 0.589999 4.72649
      vertex 9.16642 0.589999 4.81061
    endloop
  endfacet
  facet normal 0 -1 0
    outer loop
      vertex 7.31866 0.589999 4.04524
      vertex 9.16642 0.589999 4.81061
      vertex 7.08741 0.589999 4.72649
    endloop
  endfacet
  facet normal 0 -1 -0
    outer loop
      vertex 9.16642 0.589999 4.81061
      vertex 7.31866 0.589999 4.04524
      vertex 9.36891 0.589999 4.4
    endloop
  endfacet
  facet normal 0 -1 0
    outer loop
      vertex 7.63686 0.589999 3.4
      vertex 9.36891 0.589999 4.4
      vertex 7.31866 0.589999 4.04524
    endloop
  endfacet
  facet normal 0 -1 -0
    outer loop
      vertex 9.36891 0.589999 4.4
      vertex 7.63686 0.589999 3.4
      vertex 9.62326 0.589999 4.01933
    endloop
  endfacet
  facet normal 0 -1 0
    outer loop
      vertex 8.03656 0.589999 2.80181
      vertex 9.62326 0.589999 4.01933
      vertex 7.63686 0.589999 3.4
    endloop
  endfacet
  facet normal 0 -1 -0
    outer loop
      vertex 9.62326 0.589999 4.01933
      vertex 8.03656 0.589999 2.80181
      vertex 9.92513 0.589999 3.67513
    endloop
  endfacet
  facet normal 0 -1 0
    outer loop
      vertex 8.51091 0.589999 2.26091
      vertex 9.92513 0.589999 3.67513
      vertex 8.03656 0.589999 2.80181
    endloop
  endfacet
  facet normal 0 -1 -0
    outer loop
      vertex 9.92513 0.589999 3.67513
      vertex 8.51091 0.589999 2.26091
      vertex 10.2693 0.589999 3.37326
    endloop
  endfacet
  facet normal 0 -1 0
    outer loop
      vertex 9.05181 0.589999 1.78656
      vertex 10.2693 0.589999 3.37326
      vertex 8.51091 0.589999 2.26091
    endloop
  endfacet
  facet normal 0 -1 -0
    outer loop
      vertex 10.2693 0.589999 3.37326
      vertex 9.05181 0.589999 1.78656
      vertex 10.65 0.589999 3.11891
    endloop
  endfacet
  facet normal 0 -1 0
    outer loop
      vertex 9.65 0.589999 1.38686
      vertex 10.65 0.589999 3.11891
      vertex 9.05181 0.589999 1.78656
    endloop
  endfacet
  facet normal 0 -1 -0
    outer loop
      vertex 10.65 0.589999 3.11891
      vertex 9.65 0.589999 1.38686
      vertex 11.0606 0.589999 2.91642
    endloop
  endfacet
  facet normal 0 -1 0
    outer loop
      vertex 10.2952 0.589999 1.06866
      vertex 11.0606 0.589999 2.91642
      vertex 9.65 0.589999 1.38686
    endloop
  endfacet
  facet normal 0 -1 -0
    outer loop
      vertex 14.5048 0.589999 11.2313
      vertex 13.7394 0.589999 9.38358
      vertex 15.15 0.589999 10.9131
    endloop
  endfacet
  facet normal 0 -1 0
    outer loop
      vertex 14.15 0.589999 9.18109
      vertex 15.15 0.589999 10.9131
      vertex 13.7394 0.589999 9.38358
    endloop
  endfacet
  facet normal 0 -1 -0
    outer loop
      vertex 15.15 0.589999 10.9131
      vertex 14.15 0.589999 9.18109
      vertex 15.7482 0.589999 10.5134
    endloop
  endfacet
  facet normal 0 -1 0
    outer loop
      vertex 14.5307 0.589999 8.92674
      vertex 15.7482 0.589999 10.5134
      vertex 14.15 0.589999 9.18109
    endloop
  endfacet
  facet normal 0 -1 -0
    outer loop
      vertex 15.7482 0.589999 10.5134
      vertex 14.5307 0.589999 8.92674
      vertex 16.2891 0.589999 10.0391
    endloop
  endfacet
  facet normal 0 -1 0
    outer loop
      vertex 14.8749 0.589999 8.62487
      vertex 16.2891 0.589999 10.0391
      vertex 14.5307 0.589999 8.92674
    endloop
  endfacet
  facet normal 0 -1 -0
    outer loop
      vertex 16.2891 0.589999 10.0391
      vertex 14.8749 0.589999 8.62487
      vertex 16.7634 0.589999 9.49819
    endloop
  endfacet
  facet normal 0 -1 0
    outer loop
      vertex 15.1767 0.589999 8.28066
      vertex 16.7634 0.589999 9.49819
      vertex 14.8749 0.589999 8.62487
    endloop
  endfacet
  facet normal 0 -1 -0
    outer loop
      vertex 16.7634 0.589999 9.49819
      vertex 15.1767 0.589999 8.28066
      vertex 17.1631 0.589999 8.9
    endloop
  endfacet
  facet normal 0 -1 0
    outer loop
      vertex 15.4311 0.589999 7.9
      vertex 17.1631 0.589999 8.9
      vertex 15.1767 0.589999 8.28066
    endloop
  endfacet
  facet normal 0 -1 -0
    outer loop
      vertex 17.1631 0.589999 8.9
      vertex 15.4311 0.589999 7.9
      vertex 17.4813 0.589999 8.25476
    endloop
  endfacet
  facet normal 0 -1 0
    outer loop
      vertex 15.6336 0.589999 7.48939
      vertex 17.4813 0.589999 8.25476
      vertex 15.4311 0.589999 7.9
    endloop
  endfacet
  facet normal 0 -1 -0
    outer loop
      vertex 17.4813 0.589999 8.25476
      vertex 15.6336 0.589999 7.48939
      vertex 17.7126 0.589999 7.5735
    endloop
  endfacet
  facet normal 0 -1 0
    outer loop
      vertex 15.7807 0.589999 7.05587
      vertex 17.7126 0.589999 7.5735
      vertex 15.6336 0.589999 7.48939
    endloop
  endfacet
  facet normal 0 -1 0
    outer loop
      vertex 15.7807 0.589999 7.05587
      vertex 17.8529 0.589999 6.86789
      vertex 17.7126 0.589999 7.5735
    endloop
  endfacet
  facet normal 0 -1 0
    outer loop
      vertex 15.8701 0.589999 6.60684
      vertex 17.8529 0.589999 6.86789
      vertex 15.7807 0.589999 7.05587
    endloop
  endfacet
  facet normal 0 -1 0
    outer loop
      vertex 15.9 0.589999 6.15
      vertex 17.8529 0.589999 6.86789
      vertex 15.8701 0.589999 6.60684
    endloop
  endfacet
  facet normal 0 -1 0
    outer loop
      vertex 15.9 0.589999 6.15
      vertex 17.9 0.589999 6.15
      vertex 17.8529 0.589999 6.86789
    endloop
  endfacet
  facet normal 0 -1 0
    outer loop
      vertex 15.8701 0.589999 5.69316
      vertex 17.9 0.589999 6.15
      vertex 15.9 0.589999 6.15
    endloop
  endfacet
  facet normal 0 -1 0
    outer loop
      vertex 15.8701 0.589999 5.69316
      vertex 17.8529 0.589999 5.43211
      vertex 17.9 0.589999 6.15
    endloop
  endfacet
  facet normal 0 -1 0
    outer loop
      vertex 15.7807 0.589999 5.24413
      vertex 17.8529 0.589999 5.43211
      vertex 15.8701 0.589999 5.69316
    endloop
  endfacet
  facet normal 0 -1 0
    outer loop
      vertex 17.7126 0.589999 4.72649
      vertex 15.7807 0.589999 5.24413
      vertex 15.6336 0.589999 4.81061
    endloop
  endfacet
  facet normal 0 -1 0
    outer loop
      vertex 15.7807 0.589999 5.24413
      vertex 17.7126 0.589999 4.72649
      vertex 17.8529 0.589999 5.43211
    endloop
  endfacet
  facet normal 0 -1 0
    outer loop
      vertex 17.4813 0.589999 4.04524
      vertex 15.6336 0.589999 4.81061
      vertex 15.4311 0.589999 4.4
    endloop
  endfacet
  facet normal 0 -1 0
    outer loop
      vertex 15.6336 0.589999 4.81061
      vertex 17.4813 0.589999 4.04524
      vertex 17.7126 0.589999 4.72649
    endloop
  endfacet
  facet normal 0 -1 0
    outer loop
      vertex 17.1631 0.589999 3.4
      vertex 15.4311 0.589999 4.4
      vertex 15.1767 0.589999 4.01933
    endloop
  endfacet
  facet normal 0 -1 0
    outer loop
      vertex 16.7634 0.589999 2.80181
      vertex 15.1767 0.589999 4.01933
      vertex 14.8749 0.589999 3.67513
    endloop
  endfacet
  facet normal 0 -1 0
    outer loop
      vertex 15.4311 0.589999 4.4
      vertex 17.1631 0.589999 3.4
      vertex 17.4813 0.589999 4.04524
    endloop
  endfacet
  facet normal 0 -1 0
    outer loop
      vertex 16.2891 0.589999 2.26091
      vertex 14.8749 0.589999 3.67513
      vertex 14.5307 0.589999 3.37326
    endloop
  endfacet
  facet normal 0 -1 0
    outer loop
      vertex 15.7482 0.589999 1.78656
      vertex 14.5307 0.589999 3.37326
      vertex 14.15 0.589999 3.11891
    endloop
  endfacet
  facet normal 0 -1 0
    outer loop
      vertex 15.15 0.589999 1.38686
      vertex 14.15 0.589999 3.11891
      vertex 13.7394 0.589999 2.91642
    endloop
  endfacet
  facet normal 0 -1 0
    outer loop
      vertex 15.1767 0.589999 4.01933
      vertex 16.7634 0.589999 2.80181
      vertex 17.1631 0.589999 3.4
    endloop
  endfacet
  facet normal 0 -1 0
    outer loop
      vertex 14.5048 0.589999 1.06866
      vertex 13.7394 0.589999 2.91642
      vertex 13.3059 0.589999 2.76926
    endloop
  endfacet
  facet normal 0 -1 0
    outer loop
      vertex 13.8235 0.589999 0.837407
      vertex 13.3059 0.589999 2.76926
      vertex 12.8568 0.589999 2.67994
    endloop
  endfacet
  facet normal 0 -1 0
    outer loop
      vertex 13.1179 0.589999 0.697053
      vertex 12.8568 0.589999 2.67994
      vertex 12.4 0.589999 2.65
    endloop
  endfacet
  facet normal 0 -1 -0
    outer loop
      vertex 11.0606 0.589999 2.91642
      vertex 10.2952 0.589999 1.06866
      vertex 11.4941 0.589999 2.76926
    endloop
  endfacet
  facet normal 0 -1 0
    outer loop
      vertex 14.8749 0.589999 3.67513
      vertex 16.2891 0.589999 2.26091
      vertex 16.7634 0.589999 2.80181
    endloop
  endfacet
  facet normal 0 -1 0
    outer loop
      vertex 10.9765 0.589999 0.837407
      vertex 11.4941 0.589999 2.76926
      vertex 10.2952 0.589999 1.06866
    endloop
  endfacet
  facet normal 0 -1 0
    outer loop
      vertex 14.5307 0.589999 3.37326
      vertex 15.7482 0.589999 1.78656
      vertex 16.2891 0.589999 2.26091
    endloop
  endfacet
  facet normal 0 -1 -0
    outer loop
      vertex 11.4941 0.589999 2.76926
      vertex 10.9765 0.589999 0.837407
      vertex 11.9432 0.589999 2.67994
    endloop
  endfacet
  facet normal 0 -1 0
    outer loop
      vertex 14.15 0.589999 3.11891
      vertex 15.15 0.589999 1.38686
      vertex 15.7482 0.589999 1.78656
    endloop
  endfacet
  facet normal 0 -1 0
    outer loop
      vertex 11.6821 0.589999 0.697053
      vertex 11.9432 0.589999 2.67994
      vertex 10.9765 0.589999 0.837407
    endloop
  endfacet
  facet normal 0 -1 0
    outer loop
      vertex 13.7394 0.589999 2.91642
      vertex 14.5048 0.589999 1.06866
      vertex 15.15 0.589999 1.38686
    endloop
  endfacet
  facet normal 0 -1 -0
    outer loop
      vertex 11.9432 0.589999 2.67994
      vertex 11.6821 0.589999 0.697053
      vertex 12.4 0.589999 2.65
    endloop
  endfacet
  facet normal 0 -1 0
    outer loop
      vertex 13.3059 0.589999 2.76926
      vertex 13.8235 0.589999 0.837407
      vertex 14.5048 0.589999 1.06866
    endloop
  endfacet
  facet normal 0 -1 0
    outer loop
      vertex 12.4 0.589999 0.65
      vertex 12.4 0.589999 2.65
      vertex 11.6821 0.589999 0.697053
    endloop
  endfacet
  facet normal 0 -1 0
    outer loop
      vertex 12.8568 0.589999 2.67994
      vertex 13.1179 0.589999 0.697053
      vertex 13.8235 0.589999 0.837407
    endloop
  endfacet
  facet normal 0 -1 0
    outer loop
      vertex 12.4 0.589999 2.65
      vertex 12.4 0.589999 0.65
      vertex 13.1179 0.589999 0.697053
    endloop
  endfacet
  facet normal -0.442314 0 -0.89686
    outer loop
      vertex 14.5048 0 11.2313
      vertex 15.15 0.589999 10.9131
      vertex 15.15 0 10.9131
    endloop
  endfacet
  facet normal -0.442314 0 -0.89686
    outer loop
      vertex 15.15 0.589999 10.9131
      vertex 14.5048 0 11.2313
      vertex 14.5048 0.589999 11.2313
    endloop
  endfacet
  facet normal 0.321418 0 0.946937
    outer loop
      vertex 10.2952 0.589999 1.06866
      vertex 10.9765 0 0.837407
      vertex 10.9765 0.589999 0.837407
    endloop
  endfacet
  facet normal 0.321418 0 0.946937
    outer loop
      vertex 10.9765 0 0.837407
      vertex 10.2952 0.589999 1.06866
      vertex 10.2952 0 1.06866
    endloop
  endfacet
  facet normal -0.831468 0 -0.555572
    outer loop
      vertex 17.1631 0 8.9
      vertex 16.7634 0.589999 9.49819
      vertex 17.1631 0.589999 8.9
    endloop
  endfacet
  facet normal -0.831468 -0 -0.555572
    outer loop
      vertex 16.7634 0.589999 9.49819
      vertex 17.1631 0 8.9
      vertex 16.7634 0 9.49819
    endloop
  endfacet
  facet normal -0.9808 0 -0.195017
    outer loop
      vertex 17.8529 0 6.86789
      vertex 17.7126 0.589999 7.5735
      vertex 17.8529 0.589999 6.86789
    endloop
  endfacet
  facet normal -0.9808 -0 -0.195017
    outer loop
      vertex 17.7126 0.589999 7.5735
      vertex 17.8529 0 6.86789
      vertex 17.7126 0 7.5735
    endloop
  endfacet
  facet normal 0.896871 0 -0.442292
    outer loop
      vertex 7.63686 0 8.9
      vertex 7.31866 0.589999 8.25476
      vertex 7.63686 0.589999 8.9
    endloop
  endfacet
  facet normal 0.896871 0 -0.442292
    outer loop
      vertex 7.31866 0.589999 8.25476
      vertex 7.63686 0 8.9
      vertex 7.31866 0 8.25476
    endloop
  endfacet
  facet normal 0.980784 0 -0.195098
    outer loop
      vertex 7.08741 0 7.5735
      vertex 6.94705 0.589999 6.86789
      vertex 7.08741 0.589999 7.5735
    endloop
  endfacet
  facet normal 0.980784 0 -0.195098
    outer loop
      vertex 6.94705 0.589999 6.86789
      vertex 7.08741 0 7.5735
      vertex 6.94705 0 6.86789
    endloop
  endfacet
  facet normal 0.946933 0 -0.321431
    outer loop
      vertex 7.31866 0 8.25476
      vertex 7.08741 0.589999 7.5735
      vertex 7.31866 0.589999 8.25476
    endloop
  endfacet
  facet normal 0.946933 0 -0.321431
    outer loop
      vertex 7.08741 0.589999 7.5735
      vertex 7.31866 0 8.25476
      vertex 7.08741 0 7.5735
    endloop
  endfacet
  facet normal -0.751885 0 -0.659294
    outer loop
      vertex 16.7634 0 9.49819
      vertex 16.2891 0.589999 10.0391
      vertex 16.7634 0.589999 9.49819
    endloop
  endfacet
  facet normal -0.751885 -0 -0.659294
    outer loop
      vertex 16.2891 0.589999 10.0391
      vertex 16.7634 0 9.49819
      vertex 16.2891 0 10.0391
    endloop
  endfacet
  facet normal -0.0654022 0 0.997859
    outer loop
      vertex 12.4 0.589999 0.65
      vertex 13.1179 0 0.697053
      vertex 13.1179 0.589999 0.697053
    endloop
  endfacet
  facet normal -0.0654022 0 0.997859
    outer loop
      vertex 13.1179 0 0.697053
      vertex 12.4 0.589999 0.65
      vertex 12.4 0 0.65
    endloop
  endfacet
  facet normal -0.195092 0 0.980785
    outer loop
      vertex 13.1179 0.589999 0.697053
      vertex 13.8235 0 0.837407
      vertex 13.8235 0.589999 0.837407
    endloop
  endfacet
  facet normal -0.195092 0 0.980785
    outer loop
      vertex 13.8235 0 0.837407
      vertex 13.1179 0.589999 0.697053
      vertex 13.1179 0 0.697053
    endloop
  endfacet
  facet normal 0.321477 0 -0.946918
    outer loop
      vertex 10.2952 0 11.2313
      vertex 10.9765 0.589999 11.4626
      vertex 10.9765 0 11.4626
    endloop
  endfacet
  facet normal 0.321477 0 -0.946918
    outer loop
      vertex 10.9765 0.589999 11.4626
      vertex 10.2952 0 11.2313
      vertex 10.2952 0.589999 11.2313
    endloop
  endfacet
  facet normal 0.555572 0 0.831468
    outer loop
      vertex 9.05181 0.589999 1.78656
      vertex 9.65 0 1.38686
      vertex 9.65 0.589999 1.38686
    endloop
  endfacet
  facet normal 0.555572 0 0.831468
    outer loop
      vertex 9.65 0 1.38686
      vertex 9.05181 0.589999 1.78656
      vertex 9.05181 0 1.78656
    endloop
  endfacet
  facet normal 0.195092 0 0.980785
    outer loop
      vertex 10.9765 0.589999 0.837407
      vertex 11.6821 0 0.697053
      vertex 11.6821 0.589999 0.697053
    endloop
  endfacet
  facet normal 0.195092 0 0.980785
    outer loop
      vertex 11.6821 0 0.697053
      vertex 10.9765 0.589999 0.837407
      vertex 10.9765 0 0.837407
    endloop
  endfacet
  facet normal 0.0654673 0 -0.997855
    outer loop
      vertex 11.6821 0 11.6029
      vertex 12.4 0.589999 11.65
      vertex 12.4 0 11.65
    endloop
  endfacet
  facet normal 0.0654673 0 -0.997855
    outer loop
      vertex 12.4 0.589999 11.65
      vertex 11.6821 0 11.6029
      vertex 11.6821 0.589999 11.6029
    endloop
  endfacet
  facet normal 0.442314 0 -0.89686
    outer loop
      vertex 9.65 0 10.9131
      vertex 10.2952 0.589999 11.2313
      vertex 10.2952 0 11.2313
    endloop
  endfacet
  facet normal 0.442314 0 -0.89686
    outer loop
      vertex 10.2952 0.589999 11.2313
      vertex 9.65 0 10.9131
      vertex 9.65 0.589999 10.9131
    endloop
  endfacet
  facet normal 0.896871 -0 0.442292
    outer loop
      vertex 7.31866 0 4.04524
      vertex 7.63686 0.589999 3.4
      vertex 7.31866 0.589999 4.04524
    endloop
  endfacet
  facet normal 0.896871 0 0.442292
    outer loop
      vertex 7.63686 0.589999 3.4
      vertex 7.31866 0 4.04524
      vertex 7.63686 0 3.4
    endloop
  endfacet
  facet normal 0.0654022 0 0.997859
    outer loop
      vertex 11.6821 0.589999 0.697053
      vertex 12.4 0 0.65
      vertex 12.4 0.589999 0.65
    endloop
  endfacet
  facet normal 0.0654022 0 0.997859
    outer loop
      vertex 12.4 0 0.65
      vertex 11.6821 0.589999 0.697053
      vertex 11.6821 0 0.697053
    endloop
  endfacet
  facet normal 0.75185 0 -0.659334
    outer loop
      vertex 8.51091 0 10.0391
      vertex 8.03656 0.589999 9.49819
      vertex 8.51091 0.589999 10.0391
    endloop
  endfacet
  facet normal 0.75185 0 -0.659334
    outer loop
      vertex 8.03656 0.589999 9.49819
      vertex 8.51091 0 10.0391
      vertex 8.03656 0 9.49819
    endloop
  endfacet
  facet normal 0.442314 0 0.89686
    outer loop
      vertex 9.65 0.589999 1.38686
      vertex 10.2952 0 1.06866
      vertex 10.2952 0.589999 1.06866
    endloop
  endfacet
  facet normal 0.442314 0 0.89686
    outer loop
      vertex 10.2952 0 1.06866
      vertex 9.65 0.589999 1.38686
      vertex 9.65 0 1.38686
    endloop
  endfacet
  facet normal -0.555566 0 -0.831472
    outer loop
      vertex 15.15 0 10.9131
      vertex 15.7482 0.589999 10.5134
      vertex 15.7482 0 10.5134
    endloop
  endfacet
  facet normal -0.555566 0 -0.831472
    outer loop
      vertex 15.7482 0.589999 10.5134
      vertex 15.15 0 10.9131
      vertex 15.15 0.589999 10.9131
    endloop
  endfacet
  facet normal -0.659301 0 -0.751879
    outer loop
      vertex 15.7482 0 10.5134
      vertex 16.2891 0.589999 10.0391
      vertex 16.2891 0 10.0391
    endloop
  endfacet
  facet normal -0.659301 0 -0.751879
    outer loop
      vertex 16.2891 0.589999 10.0391
      vertex 15.7482 0 10.5134
      vertex 15.7482 0.589999 10.5134
    endloop
  endfacet
  facet normal 0.555572 0 -0.831468
    outer loop
      vertex 9.05181 0 10.5134
      vertex 9.65 0.589999 10.9131
      vertex 9.65 0 10.9131
    endloop
  endfacet
  facet normal 0.555572 0 -0.831468
    outer loop
      vertex 9.65 0.589999 10.9131
      vertex 9.05181 0 10.5134
      vertex 9.05181 0.589999 10.5134
    endloop
  endfacet
  facet normal 0 0 -1
    outer loop
      vertex 0 9.4 11.3
      vertex 1.60001 22.4 11.3
      vertex 1.60001 9.4 11.3
    endloop
  endfacet
  facet normal -0 0 -1
    outer loop
      vertex 1.60001 22.4 11.3
      vertex 0 9.4 11.3
      vertex 0 22.4 11.3
    endloop
  endfacet
  facet normal -0 0 1
    outer loop
      vertex 0 22.4 4.3
      vertex 1.60001 9.4 4.3
      vertex 1.60001 22.4 4.3
    endloop
  endfacet
  facet normal 0 0 1
    outer loop
      vertex 1.60001 9.4 4.3
      vertex 0 22.4 4.3
      vertex 0 9.4 4.3
    endloop
  endfacet
  facet normal 0 -1 0
    outer loop
      vertex 0 22.4 4.3
      vertex 1.60001 22.4 11.3
      vertex 0 22.4 11.3
    endloop
  endfacet
  facet normal 0 -1 -0
    outer loop
      vertex 1.60001 22.4 11.3
      vertex 0 22.4 4.3
      vertex 1.60001 22.4 4.3
    endloop
  endfacet
  facet normal 0 1 -0
    outer loop
      vertex 1.60001 9.4 4.3
      vertex 0 9.4 11.3
      vertex 1.60001 9.4 11.3
    endloop
  endfacet
  facet normal 0 1 0
    outer loop
      vertex 0 9.4 11.3
      vertex 1.60001 9.4 4.3
      vertex 0 9.4 4.3
    endloop
  endfacet
  facet normal -0.980741 -0.195314 0
    outer loop
      vertex 41.0812 19.3872 0
      vertex 41.025 19.6694 1.6
      vertex 41.025 19.6694 0
    endloop
  endfacet
  facet normal -0.980741 -0.195314 0
    outer loop
      vertex 41.025 19.6694 1.6
      vertex 41.0812 19.3872 0
      vertex 41.0812 19.3872 1.6
    endloop
  endfacet
  facet normal -0.997864 -0.0653198 0
    outer loop
      vertex 41.1 19.1 0
      vertex 41.0812 19.3872 1.6
      vertex 41.0812 19.3872 0
    endloop
  endfacet
  facet normal -0.997864 -0.0653198 0
    outer loop
      vertex 41.0812 19.3872 1.6
      vertex 41.1 19.1 0
      vertex 41.1 19.1 1.6
    endloop
  endfacet
  facet normal 0.997864 -0.0653198 0
    outer loop
      vertex 36.7 19.1 1.6
      vertex 36.7188 19.3872 0
      vertex 36.7188 19.3872 1.6
    endloop
  endfacet
  facet normal 0.997864 -0.0653198 0
    outer loop
      vertex 36.7188 19.3872 0
      vertex 36.7 19.1 1.6
      vertex 36.7 19.1 0
    endloop
  endfacet
  facet normal -0.831462 -0.555582 0
    outer loop
      vertex 40.8053 20.2 0
      vertex 40.6454 20.4393 1.6
      vertex 40.6454 20.4393 0
    endloop
  endfacet
  facet normal -0.831462 -0.555582 0
    outer loop
      vertex 40.6454 20.4393 1.6
      vertex 40.8053 20.2 0
      vertex 40.8053 20.2 1.6
    endloop
  endfacet
  facet normal -0.321435 0.946931 0
    outer loop
      vertex 39.7419 17.0675 0
      vertex 39.4694 16.975 1.6
      vertex 39.7419 17.0675 1.6
    endloop
  endfacet
  facet normal -0.321435 0.946931 0
    outer loop
      vertex 39.4694 16.975 1.6
      vertex 39.7419 17.0675 0
      vertex 39.4694 16.975 0
    endloop
  endfacet
  facet normal -0.896984 -0.442063 0
    outer loop
      vertex 40.9325 19.9419 0
      vertex 40.8053 20.2 1.6
      vertex 40.8053 20.2 0
    endloop
  endfacet
  facet normal -0.896984 -0.442063 0
    outer loop
      vertex 40.8053 20.2 1.6
      vertex 40.9325 19.9419 0
      vertex 40.9325 19.9419 1.6
    endloop
  endfacet
  facet normal -0.997864 0.0653198 0
    outer loop
      vertex 41.0812 18.8128 0
      vertex 41.1 19.1 1.6
      vertex 41.1 19.1 0
    endloop
  endfacet
  facet normal -0.997864 0.0653198 0
    outer loop
      vertex 41.1 19.1 1.6
      vertex 41.0812 18.8128 0
      vertex 41.0812 18.8128 1.6
    endloop
  endfacet
  facet normal 0.321435 -0.946931 0
    outer loop
      vertex 38.0581 21.1325 0
      vertex 38.3306 21.225 1.6
      vertex 38.0581 21.1325 1.6
    endloop
  endfacet
  facet normal 0.321435 -0.946931 0
    outer loop
      vertex 38.3306 21.225 1.6
      vertex 38.0581 21.1325 0
      vertex 38.3306 21.225 0
    endloop
  endfacet
  facet normal -0.831462 0.555582 0
    outer loop
      vertex 40.6454 17.7607 0
      vertex 40.8053 18 1.6
      vertex 40.8053 18 0
    endloop
  endfacet
  facet normal -0.831462 0.555582 0
    outer loop
      vertex 40.8053 18 1.6
      vertex 40.6454 17.7607 0
      vertex 40.6454 17.7607 1.6
    endloop
  endfacet
  facet normal 0.195314 0.980741 -0
    outer loop
      vertex 38.6128 16.9188 0
      vertex 38.3306 16.975 1.6
      vertex 38.6128 16.9188 1.6
    endloop
  endfacet
  facet normal 0.195314 0.980741 0
    outer loop
      vertex 38.3306 16.975 1.6
      vertex 38.6128 16.9188 0
      vertex 38.3306 16.975 0
    endloop
  endfacet
  facet normal 0.321435 0.946931 -0
    outer loop
      vertex 38.3306 16.975 0
      vertex 38.0581 17.0675 1.6
      vertex 38.3306 16.975 1.6
    endloop
  endfacet
  facet normal 0.321435 0.946931 0
    outer loop
      vertex 38.0581 17.0675 1.6
      vertex 38.3306 16.975 0
      vertex 38.0581 17.0675 0
    endloop
  endfacet
  facet normal 0.896984 0.442063 0
    outer loop
      vertex 36.9947 18 1.6
      vertex 36.8675 18.2581 0
      vertex 36.8675 18.2581 1.6
    endloop
  endfacet
  facet normal 0.896984 0.442063 0
    outer loop
      vertex 36.8675 18.2581 0
      vertex 36.9947 18 1.6
      vertex 36.9947 18 0
    endloop
  endfacet
  facet normal -0.980741 0.195314 0
    outer loop
      vertex 41.025 18.5306 0
      vertex 41.0812 18.8128 1.6
      vertex 41.0812 18.8128 0
    endloop
  endfacet
  facet normal -0.980741 0.195314 0
    outer loop
      vertex 41.0812 18.8128 1.6
      vertex 41.025 18.5306 0
      vertex 41.025 18.5306 1.6
    endloop
  endfacet
  facet normal -0.896984 0.442063 0
    outer loop
      vertex 40.8053 18 0
      vertex 40.9325 18.2581 1.6
      vertex 40.9325 18.2581 0
    endloop
  endfacet
  facet normal -0.896984 0.442063 0
    outer loop
      vertex 40.9325 18.2581 1.6
      vertex 40.8053 18 0
      vertex 40.8053 18 1.6
    endloop
  endfacet
  facet normal -0.0653198 -0.997864 0
    outer loop
      vertex 38.9 21.3 0
      vertex 39.1872 21.2812 1.6
      vertex 38.9 21.3 1.6
    endloop
  endfacet
  facet normal -0.0653198 -0.997864 -0
    outer loop
      vertex 39.1872 21.2812 1.6
      vertex 38.9 21.3 0
      vertex 39.1872 21.2812 0
    endloop
  endfacet
  facet normal 0.659562 -0.75165 0
    outer loop
      vertex 37.3444 20.6556 0
      vertex 37.5607 20.8454 1.6
      vertex 37.3444 20.6556 1.6
    endloop
  endfacet
  facet normal 0.659562 -0.75165 0
    outer loop
      vertex 37.5607 20.8454 1.6
      vertex 37.3444 20.6556 0
      vertex 37.5607 20.8454 0
    endloop
  endfacet
  facet normal -0.75165 -0.659562 0
    outer loop
      vertex 40.6454 20.4393 0
      vertex 40.4556 20.6556 1.6
      vertex 40.4556 20.6556 0
    endloop
  endfacet
  facet normal -0.75165 -0.659562 0
    outer loop
      vertex 40.4556 20.6556 1.6
      vertex 40.6454 20.4393 0
      vertex 40.6454 20.4393 1.6
    endloop
  endfacet
  facet normal 0.555582 -0.831462 0
    outer loop
      vertex 37.5607 20.8454 0
      vertex 37.8 21.0053 1.6
      vertex 37.5607 20.8454 1.6
    endloop
  endfacet
  facet normal 0.555582 -0.831462 0
    outer loop
      vertex 37.8 21.0053 1.6
      vertex 37.5607 20.8454 0
      vertex 37.8 21.0053 0
    endloop
  endfacet
  facet normal 0.980741 0.195314 0
    outer loop
      vertex 36.775 18.5306 1.6
      vertex 36.7188 18.8128 0
      vertex 36.7188 18.8128 1.6
    endloop
  endfacet
  facet normal 0.980741 0.195314 0
    outer loop
      vertex 36.7188 18.8128 0
      vertex 36.775 18.5306 1.6
      vertex 36.775 18.5306 0
    endloop
  endfacet
  facet normal 0.75165 0.659562 0
    outer loop
      vertex 37.3444 17.5444 1.6
      vertex 37.1546 17.7607 0
      vertex 37.1546 17.7607 1.6
    endloop
  endfacet
  facet normal 0.75165 0.659562 0
    outer loop
      vertex 37.1546 17.7607 0
      vertex 37.3444 17.5444 1.6
      vertex 37.3444 17.5444 0
    endloop
  endfacet
  facet normal -0.195314 0.980741 0
    outer loop
      vertex 39.4694 16.975 0
      vertex 39.1872 16.9188 1.6
      vertex 39.4694 16.975 1.6
    endloop
  endfacet
  facet normal -0.195314 0.980741 0
    outer loop
      vertex 39.1872 16.9188 1.6
      vertex 39.4694 16.975 0
      vertex 39.1872 16.9188 0
    endloop
  endfacet
  facet normal -0.659562 0.75165 0
    outer loop
      vertex 40.4556 17.5444 0
      vertex 40.2393 17.3546 1.6
      vertex 40.4556 17.5444 1.6
    endloop
  endfacet
  facet normal -0.659562 0.75165 0
    outer loop
      vertex 40.2393 17.3546 1.6
      vertex 40.4556 17.5444 0
      vertex 40.2393 17.3546 0
    endloop
  endfacet
  facet normal -0.195314 -0.980741 0
    outer loop
      vertex 39.1872 21.2812 0
      vertex 39.4694 21.225 1.6
      vertex 39.1872 21.2812 1.6
    endloop
  endfacet
  facet normal -0.195314 -0.980741 -0
    outer loop
      vertex 39.4694 21.225 1.6
      vertex 39.1872 21.2812 0
      vertex 39.4694 21.225 0
    endloop
  endfacet
  facet normal -0.555582 -0.831462 0
    outer loop
      vertex 40 21.0053 0
      vertex 40.2393 20.8454 1.6
      vertex 40 21.0053 1.6
    endloop
  endfacet
  facet normal -0.555582 -0.831462 -0
    outer loop
      vertex 40.2393 20.8454 1.6
      vertex 40 21.0053 0
      vertex 40.2393 20.8454 0
    endloop
  endfacet
  facet normal -0.555582 0.831462 0
    outer loop
      vertex 40.2393 17.3546 0
      vertex 40 17.1947 1.6
      vertex 40.2393 17.3546 1.6
    endloop
  endfacet
  facet normal -0.555582 0.831462 0
    outer loop
      vertex 40 17.1947 1.6
      vertex 40.2393 17.3546 0
      vertex 40 17.1947 0
    endloop
  endfacet
  facet normal -0.321435 -0.946931 0
    outer loop
      vertex 39.4694 21.225 0
      vertex 39.7419 21.1325 1.6
      vertex 39.4694 21.225 1.6
    endloop
  endfacet
  facet normal -0.321435 -0.946931 -0
    outer loop
      vertex 39.7419 21.1325 1.6
      vertex 39.4694 21.225 0
      vertex 39.7419 21.1325 0
    endloop
  endfacet
  facet normal 0.195314 -0.980741 0
    outer loop
      vertex 38.3306 21.225 0
      vertex 38.6128 21.2812 1.6
      vertex 38.3306 21.225 1.6
    endloop
  endfacet
  facet normal 0.195314 -0.980741 0
    outer loop
      vertex 38.6128 21.2812 1.6
      vertex 38.3306 21.225 0
      vertex 38.6128 21.2812 0
    endloop
  endfacet
  facet normal 0.442063 -0.896984 0
    outer loop
      vertex 37.8 21.0053 0
      vertex 38.0581 21.1325 1.6
      vertex 37.8 21.0053 1.6
    endloop
  endfacet
  facet normal 0.442063 -0.896984 0
    outer loop
      vertex 38.0581 21.1325 1.6
      vertex 37.8 21.0053 0
      vertex 38.0581 21.1325 0
    endloop
  endfacet
  facet normal -0.946931 0.321435 0
    outer loop
      vertex 40.9325 18.2581 0
      vertex 41.025 18.5306 1.6
      vertex 41.025 18.5306 0
    endloop
  endfacet
  facet normal -0.946931 0.321435 0
    outer loop
      vertex 41.025 18.5306 1.6
      vertex 40.9325 18.2581 0
      vertex 40.9325 18.2581 1.6
    endloop
  endfacet
  facet normal -0.442063 0.896984 0
    outer loop
      vertex 40 17.1947 0
      vertex 39.7419 17.0675 1.6
      vertex 40 17.1947 1.6
    endloop
  endfacet
  facet normal -0.442063 0.896984 0
    outer loop
      vertex 39.7419 17.0675 1.6
      vertex 40 17.1947 0
      vertex 39.7419 17.0675 0
    endloop
  endfacet
  facet normal -0.442063 -0.896984 0
    outer loop
      vertex 39.7419 21.1325 0
      vertex 40 21.0053 1.6
      vertex 39.7419 21.1325 1.6
    endloop
  endfacet
  facet normal -0.442063 -0.896984 -0
    outer loop
      vertex 40 21.0053 1.6
      vertex 39.7419 21.1325 0
      vertex 40 21.0053 0
    endloop
  endfacet
  facet normal 0.946931 0.321435 0
    outer loop
      vertex 36.8675 18.2581 1.6
      vertex 36.775 18.5306 0
      vertex 36.775 18.5306 1.6
    endloop
  endfacet
  facet normal 0.946931 0.321435 0
    outer loop
      vertex 36.775 18.5306 0
      vertex 36.8675 18.2581 1.6
      vertex 36.8675 18.2581 0
    endloop
  endfacet
  facet normal 0.442063 0.896984 -0
    outer loop
      vertex 38.0581 17.0675 0
      vertex 37.8 17.1947 1.6
      vertex 38.0581 17.0675 1.6
    endloop
  endfacet
  facet normal 0.442063 0.896984 0
    outer loop
      vertex 37.8 17.1947 1.6
      vertex 38.0581 17.0675 0
      vertex 37.8 17.1947 0
    endloop
  endfacet
  facet normal -0.659562 -0.75165 0
    outer loop
      vertex 40.2393 20.8454 0
      vertex 40.4556 20.6556 1.6
      vertex 40.2393 20.8454 1.6
    endloop
  endfacet
  facet normal -0.659562 -0.75165 -0
    outer loop
      vertex 40.4556 20.6556 1.6
      vertex 40.2393 20.8454 0
      vertex 40.4556 20.6556 0
    endloop
  endfacet
  facet normal 0.555582 0.831462 -0
    outer loop
      vertex 37.8 17.1947 0
      vertex 37.5607 17.3546 1.6
      vertex 37.8 17.1947 1.6
    endloop
  endfacet
  facet normal 0.555582 0.831462 0
    outer loop
      vertex 37.5607 17.3546 1.6
      vertex 37.8 17.1947 0
      vertex 37.5607 17.3546 0
    endloop
  endfacet
  facet normal 0.659562 0.75165 -0
    outer loop
      vertex 37.5607 17.3546 0
      vertex 37.3444 17.5444 1.6
      vertex 37.5607 17.3546 1.6
    endloop
  endfacet
  facet normal 0.659562 0.75165 0
    outer loop
      vertex 37.3444 17.5444 1.6
      vertex 37.5607 17.3546 0
      vertex 37.3444 17.5444 0
    endloop
  endfacet
  facet normal -0.946931 -0.321435 0
    outer loop
      vertex 41.025 19.6694 0
      vertex 40.9325 19.9419 1.6
      vertex 40.9325 19.9419 0
    endloop
  endfacet
  facet normal -0.946931 -0.321435 0
    outer loop
      vertex 40.9325 19.9419 1.6
      vertex 41.025 19.6694 0
      vertex 41.025 19.6694 1.6
    endloop
  endfacet
  facet normal -0.0653198 0.997864 0
    outer loop
      vertex 39.1872 16.9188 0
      vertex 38.9 16.9 1.6
      vertex 39.1872 16.9188 1.6
    endloop
  endfacet
  facet normal -0.0653198 0.997864 0
    outer loop
      vertex 38.9 16.9 1.6
      vertex 39.1872 16.9188 0
      vertex 38.9 16.9 0
    endloop
  endfacet
  facet normal 0.831462 -0.555582 0
    outer loop
      vertex 36.9947 20.2 1.6
      vertex 37.1546 20.4393 0
      vertex 37.1546 20.4393 1.6
    endloop
  endfacet
  facet normal 0.831462 -0.555582 0
    outer loop
      vertex 37.1546 20.4393 0
      vertex 36.9947 20.2 1.6
      vertex 36.9947 20.2 0
    endloop
  endfacet
  facet normal 0.997864 0.0653198 0
    outer loop
      vertex 36.7188 18.8128 1.6
      vertex 36.7 19.1 0
      vertex 36.7 19.1 1.6
    endloop
  endfacet
  facet normal 0.997864 0.0653198 0
    outer loop
      vertex 36.7 19.1 0
      vertex 36.7188 18.8128 1.6
      vertex 36.7188 18.8128 0
    endloop
  endfacet
  facet normal 0.0653198 -0.997864 0
    outer loop
      vertex 38.6128 21.2812 0
      vertex 38.9 21.3 1.6
      vertex 38.6128 21.2812 1.6
    endloop
  endfacet
  facet normal 0.0653198 -0.997864 0
    outer loop
      vertex 38.9 21.3 1.6
      vertex 38.6128 21.2812 0
      vertex 38.9 21.3 0
    endloop
  endfacet
  facet normal 0.75165 -0.659562 0
    outer loop
      vertex 37.1546 20.4393 1.6
      vertex 37.3444 20.6556 0
      vertex 37.3444 20.6556 1.6
    endloop
  endfacet
  facet normal 0.75165 -0.659562 0
    outer loop
      vertex 37.3444 20.6556 0
      vertex 37.1546 20.4393 1.6
      vertex 37.1546 20.4393 0
    endloop
  endfacet
  facet normal 0.946931 -0.321435 0
    outer loop
      vertex 36.775 19.6694 1.6
      vertex 36.8675 19.9419 0
      vertex 36.8675 19.9419 1.6
    endloop
  endfacet
  facet normal 0.946931 -0.321435 0
    outer loop
      vertex 36.8675 19.9419 0
      vertex 36.775 19.6694 1.6
      vertex 36.775 19.6694 0
    endloop
  endfacet
  facet normal 0.831462 0.555582 0
    outer loop
      vertex 37.1546 17.7607 1.6
      vertex 36.9947 18 0
      vertex 36.9947 18 1.6
    endloop
  endfacet
  facet normal 0.831462 0.555582 0
    outer loop
      vertex 36.9947 18 0
      vertex 37.1546 17.7607 1.6
      vertex 37.1546 17.7607 0
    endloop
  endfacet
  facet normal -0.75165 0.659562 0
    outer loop
      vertex 40.4556 17.5444 0
      vertex 40.6454 17.7607 1.6
      vertex 40.6454 17.7607 0
    endloop
  endfacet
  facet normal -0.75165 0.659562 0
    outer loop
      vertex 40.6454 17.7607 1.6
      vertex 40.4556 17.5444 0
      vertex 40.4556 17.5444 1.6
    endloop
  endfacet
  facet normal 0.980741 -0.195314 0
    outer loop
      vertex 36.7188 19.3872 1.6
      vertex 36.775 19.6694 0
      vertex 36.775 19.6694 1.6
    endloop
  endfacet
  facet normal 0.980741 -0.195314 0
    outer loop
      vertex 36.775 19.6694 0
      vertex 36.7188 19.3872 1.6
      vertex 36.7188 19.3872 0
    endloop
  endfacet
  facet normal 0.896984 -0.442063 0
    outer loop
      vertex 36.8675 19.9419 1.6
      vertex 36.9947 20.2 0
      vertex 36.9947 20.2 1.6
    endloop
  endfacet
  facet normal 0.896984 -0.442063 0
    outer loop
      vertex 36.9947 20.2 0
      vertex 36.8675 19.9419 1.6
      vertex 36.8675 19.9419 0
    endloop
  endfacet
  facet normal 0.0653198 0.997864 -0
    outer loop
      vertex 38.9 16.9 0
      vertex 38.6128 16.9188 1.6
      vertex 38.9 16.9 1.6
    endloop
  endfacet
  facet normal 0.0653198 0.997864 0
    outer loop
      vertex 38.6128 16.9188 1.6
      vertex 38.9 16.9 0
      vertex 38.6128 16.9188 0
    endloop
  endfacet
  facet normal 0 0.89684 0.442355
    outer loop
      vertex 1.60001 23.7505 8.425
      vertex 0 23.7071 8.51299
      vertex 1.60001 23.7071 8.51299
    endloop
  endfacet
  facet normal 0 0.89684 0.442355
    outer loop
      vertex 0 23.7071 8.51299
      vertex 1.60001 23.7505 8.425
      vertex 0 23.7505 8.425
    endloop
  endfacet
  facet normal 0 0.980663 0.195704
    outer loop
      vertex 1.60001 23.6756 8.60589
      vertex 0 23.6564 8.7021
      vertex 1.60001 23.6564 8.7021
    endloop
  endfacet
  facet normal 0 0.980663 0.195704
    outer loop
      vertex 0 23.6564 8.7021
      vertex 1.60001 23.6756 8.60589
      vertex 0 23.6756 8.60589
    endloop
  endfacet
  facet normal 0 -0.659673 0.751552
    outer loop
      vertex 0 24.9303 8.26967
      vertex 1.60001 24.8566 8.20498
      vertex 1.60001 24.9303 8.26967
    endloop
  endfacet
  facet normal 0 -0.659673 0.751552
    outer loop
      vertex 1.60001 24.8566 8.20498
      vertex 0 24.9303 8.26967
      vertex 0 24.8566 8.20498
    endloop
  endfacet
  facet normal 0 -0.0654366 0.997857
    outer loop
      vertex 0 24.4979 8.05642
      vertex 1.60001 24.4 8.05
      vertex 1.60001 24.4979 8.05642
    endloop
  endfacet
  facet normal 0 -0.0654366 0.997857
    outer loop
      vertex 1.60001 24.4 8.05
      vertex 0 24.4979 8.05642
      vertex 0 24.4 8.05
    endloop
  endfacet
  facet normal -0 0.0654366 0.997857
    outer loop
      vertex 0 24.4 8.05
      vertex 1.60001 24.3021 8.05642
      vertex 1.60001 24.4 8.05
    endloop
  endfacet
  facet normal 0 0.0654366 0.997857
    outer loop
      vertex 1.60001 24.3021 8.05642
      vertex 0 24.4 8.05
      vertex 0 24.3021 8.05642
    endloop
  endfacet
  facet normal 0 -0.555406 0.83158
    outer loop
      vertex 0 24.8566 8.20498
      vertex 1.60001 24.775 8.15048
      vertex 1.60001 24.8566 8.20498
    endloop
  endfacet
  facet normal 0 -0.555406 0.83158
    outer loop
      vertex 1.60001 24.775 8.15048
      vertex 0 24.8566 8.20498
      vertex 0 24.775 8.15048
    endloop
  endfacet
  facet normal 0 -0.0654366 -0.997857
    outer loop
      vertex 0 24.4 9.55
      vertex 1.60001 24.4979 9.54358
      vertex 1.60001 24.4 9.55
    endloop
  endfacet
  facet normal -0 -0.0654366 -0.997857
    outer loop
      vertex 1.60001 24.4979 9.54358
      vertex 0 24.4 9.55
      vertex 0 24.4979 9.54358
    endloop
  endfacet
  facet normal 0 0.831485 -0.555547
    outer loop
      vertex 1.60001 23.7505 9.175
      vertex 0 23.805 9.25657
      vertex 1.60001 23.805 9.25657
    endloop
  endfacet
  facet normal 0 0.831485 -0.555547
    outer loop
      vertex 0 23.805 9.25657
      vertex 1.60001 23.7505 9.175
      vertex 0 23.7505 9.175
    endloop
  endfacet
  facet normal 0 0.195136 -0.980776
    outer loop
      vertex 0 24.2059 9.52444
      vertex 1.60001 24.3021 9.54358
      vertex 1.60001 24.2059 9.52444
    endloop
  endfacet
  facet normal 0 0.195136 -0.980776
    outer loop
      vertex 1.60001 24.3021 9.54358
      vertex 0 24.2059 9.52444
      vertex 0 24.3021 9.54358
    endloop
  endfacet
  facet normal -0 0.659673 0.751552
    outer loop
      vertex 0 23.9434 8.20498
      vertex 1.60001 23.8697 8.26967
      vertex 1.60001 23.9434 8.20498
    endloop
  endfacet
  facet normal 0 0.659673 0.751552
    outer loop
      vertex 1.60001 23.8697 8.26967
      vertex 0 23.9434 8.20498
      vertex 0 23.8697 8.26967
    endloop
  endfacet
  facet normal -0 0.195038 0.980796
    outer loop
      vertex 0 24.3021 8.05642
      vertex 1.60001 24.2059 8.07555
      vertex 1.60001 24.3021 8.05642
    endloop
  endfacet
  facet normal 0 0.195038 0.980796
    outer loop
      vertex 1.60001 24.2059 8.07555
      vertex 0 24.3021 8.05642
      vertex 0 24.2059 8.07555
    endloop
  endfacet
  facet normal -0 0.321482 0.946916
    outer loop
      vertex 0 24.2059 8.07555
      vertex 1.60001 24.113 8.10709
      vertex 1.60001 24.2059 8.07555
    endloop
  endfacet
  facet normal 0 0.321482 0.946916
    outer loop
      vertex 1.60001 24.113 8.10709
      vertex 0 24.2059 8.07555
      vertex 0 24.113 8.10709
    endloop
  endfacet
  facet normal 0 -0.94704 -0.321117
    outer loop
      vertex 0 25.1244 8.99411
      vertex 1.60001 25.0929 9.08701
      vertex 0 25.0929 9.08701
    endloop
  endfacet
  facet normal 0 -0.94704 -0.321117
    outer loop
      vertex 1.60001 25.0929 9.08701
      vertex 0 25.1244 8.99411
      vertex 1.60001 25.1244 8.99411
    endloop
  endfacet
  facet normal 0 -0.195038 0.980796
    outer loop
      vertex 0 24.5941 8.07555
      vertex 1.60001 24.4979 8.05642
      vertex 1.60001 24.5941 8.07555
    endloop
  endfacet
  facet normal 0 -0.195038 0.980796
    outer loop
      vertex 1.60001 24.4979 8.05642
      vertex 0 24.5941 8.07555
      vertex 0 24.4979 8.05642
    endloop
  endfacet
  facet normal 0 -0.751768 -0.659428
    outer loop
      vertex 0 24.995 9.25657
      vertex 1.60001 24.9303 9.33033
      vertex 0 24.9303 9.33033
    endloop
  endfacet
  facet normal 0 -0.751768 -0.659428
    outer loop
      vertex 1.60001 24.9303 9.33033
      vertex 0 24.995 9.25657
      vertex 1.60001 24.995 9.25657
    endloop
  endfacet
  facet normal 0 -0.442233 0.8969
    outer loop
      vertex 0 24.775 8.15048
      vertex 1.60001 24.687 8.10709
      vertex 1.60001 24.775 8.15048
    endloop
  endfacet
  facet normal 0 -0.442233 0.8969
    outer loop
      vertex 1.60001 24.687 8.10709
      vertex 0 24.775 8.15048
      vertex 0 24.687 8.10709
    endloop
  endfacet
  facet normal 0 -0.831485 -0.555547
    outer loop
      vertex 0 25.0495 9.175
      vertex 1.60001 24.995 9.25657
      vertex 0 24.995 9.25657
    endloop
  endfacet
  facet normal 0 -0.831485 -0.555547
    outer loop
      vertex 1.60001 24.995 9.25657
      vertex 0 25.0495 9.175
      vertex 1.60001 25.0495 9.175
    endloop
  endfacet
  facet normal 0 -0.94704 0.321117
    outer loop
      vertex 0 25.0929 8.51299
      vertex 1.60001 25.1244 8.60589
      vertex 0 25.1244 8.60589
    endloop
  endfacet
  facet normal 0 -0.94704 0.321117
    outer loop
      vertex 1.60001 25.1244 8.60589
      vertex 0 25.0929 8.51299
      vertex 1.60001 25.0929 8.51299
    endloop
  endfacet
  facet normal 0 0.442233 -0.8969
    outer loop
      vertex 0 24.025 9.44952
      vertex 1.60001 24.113 9.49291
      vertex 1.60001 24.025 9.44952
    endloop
  endfacet
  facet normal 0 0.442233 -0.8969
    outer loop
      vertex 1.60001 24.113 9.49291
      vertex 0 24.025 9.44952
      vertex 0 24.113 9.49291
    endloop
  endfacet
  facet normal 0 0.555476 -0.831533
    outer loop
      vertex 0 23.9434 9.39501
      vertex 1.60001 24.025 9.44952
      vertex 1.60001 23.9434 9.39501
    endloop
  endfacet
  facet normal 0 0.555476 -0.831533
    outer loop
      vertex 1.60001 24.025 9.44952
      vertex 0 23.9434 9.39501
      vertex 0 24.025 9.44952
    endloop
  endfacet
  facet normal 0 0.94704 0.321117
    outer loop
      vertex 1.60001 23.7071 8.51299
      vertex 0 23.6756 8.60589
      vertex 1.60001 23.6756 8.60589
    endloop
  endfacet
  facet normal 0 0.94704 0.321117
    outer loop
      vertex 0 23.6756 8.60589
      vertex 1.60001 23.7071 8.51299
      vertex 0 23.7071 8.51299
    endloop
  endfacet
  facet normal 0 0.980667 -0.195685
    outer loop
      vertex 1.60001 23.6564 8.89789
      vertex 0 23.6756 8.99411
      vertex 1.60001 23.6756 8.99411
    endloop
  endfacet
  facet normal 0 0.980667 -0.195685
    outer loop
      vertex 0 23.6756 8.99411
      vertex 1.60001 23.6564 8.89789
      vertex 0 23.6564 8.89789
    endloop
  endfacet
  facet normal 0 0.751768 0.659428
    outer loop
      vertex 1.60001 23.8697 8.26967
      vertex 0 23.805 8.34343
      vertex 1.60001 23.805 8.34343
    endloop
  endfacet
  facet normal 0 0.751768 0.659428
    outer loop
      vertex 0 23.805 8.34343
      vertex 1.60001 23.8697 8.26967
      vertex 0 23.8697 8.26967
    endloop
  endfacet
  facet normal 0 -0.751768 0.659428
    outer loop
      vertex 0 24.9303 8.26967
      vertex 1.60001 24.995 8.34343
      vertex 0 24.995 8.34343
    endloop
  endfacet
  facet normal 0 -0.751768 0.659428
    outer loop
      vertex 1.60001 24.995 8.34343
      vertex 0 24.9303 8.26967
      vertex 1.60001 24.9303 8.26967
    endloop
  endfacet
  facet normal 0 0.99787 0.0652336
    outer loop
      vertex 1.60001 23.6564 8.7021
      vertex 0 23.65 8.8
      vertex 1.60001 23.65 8.8
    endloop
  endfacet
  facet normal 0 0.99787 0.0652336
    outer loop
      vertex 0 23.65 8.8
      vertex 1.60001 23.6564 8.7021
      vertex 0 23.6564 8.7021
    endloop
  endfacet
  facet normal 0 -0.831485 0.555547
    outer loop
      vertex 0 24.995 8.34343
      vertex 1.60001 25.0495 8.425
      vertex 0 25.0495 8.425
    endloop
  endfacet
  facet normal 0 -0.831485 0.555547
    outer loop
      vertex 1.60001 25.0495 8.425
      vertex 0 24.995 8.34343
      vertex 1.60001 24.995 8.34343
    endloop
  endfacet
  facet normal 0 0.831485 0.555547
    outer loop
      vertex 1.60001 23.805 8.34343
      vertex 0 23.7505 8.425
      vertex 1.60001 23.7505 8.425
    endloop
  endfacet
  facet normal 0 0.831485 0.555547
    outer loop
      vertex 0 23.7505 8.425
      vertex 1.60001 23.805 8.34343
      vertex 0 23.805 8.34343
    endloop
  endfacet
  facet normal 0 0.321391 -0.946947
    outer loop
      vertex 0 24.113 9.49291
      vertex 1.60001 24.2059 9.52444
      vertex 1.60001 24.113 9.49291
    endloop
  endfacet
  facet normal 0 0.321391 -0.946947
    outer loop
      vertex 1.60001 24.2059 9.52444
      vertex 0 24.113 9.49291
      vertex 0 24.2059 9.52444
    endloop
  endfacet
  facet normal 0 -0.89684 -0.442355
    outer loop
      vertex 0 25.0929 9.08701
      vertex 1.60001 25.0495 9.175
      vertex 0 25.0495 9.175
    endloop
  endfacet
  facet normal 0 -0.89684 -0.442355
    outer loop
      vertex 1.60001 25.0495 9.175
      vertex 0 25.0929 9.08701
      vertex 1.60001 25.0929 9.08701
    endloop
  endfacet
  facet normal 0 -0.980667 -0.195685
    outer loop
      vertex 0 25.1436 8.89789
      vertex 1.60001 25.1244 8.99411
      vertex 0 25.1244 8.99411
    endloop
  endfacet
  facet normal 0 -0.980667 -0.195685
    outer loop
      vertex 1.60001 25.1244 8.99411
      vertex 0 25.1436 8.89789
      vertex 1.60001 25.1436 8.89789
    endloop
  endfacet
  facet normal 0 -0.89684 0.442355
    outer loop
      vertex 0 25.0495 8.425
      vertex 1.60001 25.0929 8.51299
      vertex 0 25.0929 8.51299
    endloop
  endfacet
  facet normal 0 -0.89684 0.442355
    outer loop
      vertex 1.60001 25.0929 8.51299
      vertex 0 25.0495 8.425
      vertex 1.60001 25.0495 8.425
    endloop
  endfacet
  facet normal 0 -0.442233 -0.8969
    outer loop
      vertex 0 24.687 9.49291
      vertex 1.60001 24.775 9.44952
      vertex 1.60001 24.687 9.49291
    endloop
  endfacet
  facet normal -0 -0.442233 -0.8969
    outer loop
      vertex 1.60001 24.775 9.44952
      vertex 0 24.687 9.49291
      vertex 0 24.775 9.44952
    endloop
  endfacet
  facet normal 0 -0.980663 0.195704
    outer loop
      vertex 0 25.1244 8.60589
      vertex 1.60001 25.1436 8.7021
      vertex 0 25.1436 8.7021
    endloop
  endfacet
  facet normal 0 -0.980663 0.195704
    outer loop
      vertex 1.60001 25.1436 8.7021
      vertex 0 25.1244 8.60589
      vertex 1.60001 25.1244 8.60589
    endloop
  endfacet
  facet normal -0 0.555406 0.83158
    outer loop
      vertex 0 24.025 8.15048
      vertex 1.60001 23.9434 8.20498
      vertex 1.60001 24.025 8.15048
    endloop
  endfacet
  facet normal 0 0.555406 0.83158
    outer loop
      vertex 1.60001 23.9434 8.20498
      vertex 0 24.025 8.15048
      vertex 0 23.9434 8.20498
    endloop
  endfacet
  facet normal 0 -0.555476 -0.831533
    outer loop
      vertex 0 24.775 9.44952
      vertex 1.60001 24.8566 9.39501
      vertex 1.60001 24.775 9.44952
    endloop
  endfacet
  facet normal -0 -0.555476 -0.831533
    outer loop
      vertex 1.60001 24.8566 9.39501
      vertex 0 24.775 9.44952
      vertex 0 24.8566 9.39501
    endloop
  endfacet
  facet normal 0 0.99787 -0.0652402
    outer loop
      vertex 1.60001 23.65 8.8
      vertex 0 23.6564 8.89789
      vertex 1.60001 23.6564 8.89789
    endloop
  endfacet
  facet normal 0 0.99787 -0.0652402
    outer loop
      vertex 0 23.6564 8.89789
      vertex 1.60001 23.65 8.8
      vertex 0 23.65 8.8
    endloop
  endfacet
  facet normal 0 0.659616 -0.751603
    outer loop
      vertex 0 23.8697 9.33033
      vertex 1.60001 23.9434 9.39501
      vertex 1.60001 23.8697 9.33033
    endloop
  endfacet
  facet normal 0 0.659616 -0.751603
    outer loop
      vertex 1.60001 23.9434 9.39501
      vertex 0 23.8697 9.33033
      vertex 0 23.9434 9.39501
    endloop
  endfacet
  facet normal 0 0.0654366 -0.997857
    outer loop
      vertex 0 24.3021 9.54358
      vertex 1.60001 24.4 9.55
      vertex 1.60001 24.3021 9.54358
    endloop
  endfacet
  facet normal 0 0.0654366 -0.997857
    outer loop
      vertex 1.60001 24.4 9.55
      vertex 0 24.3021 9.54358
      vertex 0 24.4 9.55
    endloop
  endfacet
  facet normal 0 0.94704 -0.321117
    outer loop
      vertex 1.60001 23.6756 8.99411
      vertex 0 23.7071 9.08701
      vertex 1.60001 23.7071 9.08701
    endloop
  endfacet
  facet normal 0 0.94704 -0.321117
    outer loop
      vertex 0 23.7071 9.08701
      vertex 1.60001 23.6756 8.99411
      vertex 0 23.6756 8.99411
    endloop
  endfacet
  facet normal 0 -0.321482 0.946916
    outer loop
      vertex 0 24.687 8.10709
      vertex 1.60001 24.5941 8.07555
      vertex 1.60001 24.687 8.10709
    endloop
  endfacet
  facet normal 0 -0.321482 0.946916
    outer loop
      vertex 1.60001 24.5941 8.07555
      vertex 0 24.687 8.10709
      vertex 0 24.5941 8.07555
    endloop
  endfacet
  facet normal 0 -0.321391 -0.946947
    outer loop
      vertex 0 24.5941 9.52444
      vertex 1.60001 24.687 9.49291
      vertex 1.60001 24.5941 9.52444
    endloop
  endfacet
  facet normal -0 -0.321391 -0.946947
    outer loop
      vertex 1.60001 24.687 9.49291
      vertex 0 24.5941 9.52444
      vertex 0 24.687 9.49291
    endloop
  endfacet
  facet normal 0 0.89684 -0.442355
    outer loop
      vertex 1.60001 23.7071 9.08701
      vertex 0 23.7505 9.175
      vertex 1.60001 23.7505 9.175
    endloop
  endfacet
  facet normal 0 0.89684 -0.442355
    outer loop
      vertex 0 23.7505 9.175
      vertex 1.60001 23.7071 9.08701
      vertex 0 23.7071 9.08701
    endloop
  endfacet
  facet normal 0 -0.195136 -0.980776
    outer loop
      vertex 0 24.4979 9.54358
      vertex 1.60001 24.5941 9.52444
      vertex 1.60001 24.4979 9.54358
    endloop
  endfacet
  facet normal -0 -0.195136 -0.980776
    outer loop
      vertex 1.60001 24.5941 9.52444
      vertex 0 24.4979 9.54358
      vertex 0 24.5941 9.52444
    endloop
  endfacet
  facet normal 0 -0.659616 -0.751603
    outer loop
      vertex 0 24.8566 9.39501
      vertex 1.60001 24.9303 9.33033
      vertex 1.60001 24.8566 9.39501
    endloop
  endfacet
  facet normal -0 -0.659616 -0.751603
    outer loop
      vertex 1.60001 24.9303 9.33033
      vertex 0 24.8566 9.39501
      vertex 0 24.9303 9.33033
    endloop
  endfacet
  facet normal 0 -0.99787 0.0652336
    outer loop
      vertex 0 25.1436 8.7021
      vertex 1.60001 25.15 8.8
      vertex 0 25.15 8.8
    endloop
  endfacet
  facet normal 0 -0.99787 0.0652336
    outer loop
      vertex 1.60001 25.15 8.8
      vertex 0 25.1436 8.7021
      vertex 1.60001 25.1436 8.7021
    endloop
  endfacet
  facet normal 0 -0.99787 -0.0652402
    outer loop
      vertex 0 25.15 8.8
      vertex 1.60001 25.1436 8.89789
      vertex 0 25.1436 8.89789
    endloop
  endfacet
  facet normal 0 -0.99787 -0.0652402
    outer loop
      vertex 1.60001 25.1436 8.89789
      vertex 0 25.15 8.8
      vertex 1.60001 25.15 8.8
    endloop
  endfacet
  facet normal 0 0.751768 -0.659428
    outer loop
      vertex 1.60001 23.805 9.25657
      vertex 0 23.8697 9.33033
      vertex 1.60001 23.8697 9.33033
    endloop
  endfacet
  facet normal 0 0.751768 -0.659428
    outer loop
      vertex 0 23.8697 9.33033
      vertex 1.60001 23.805 9.25657
      vertex 0 23.805 9.25657
    endloop
  endfacet
  facet normal -0 0.442233 0.8969
    outer loop
      vertex 0 24.113 8.10709
      vertex 1.60001 24.025 8.15048
      vertex 1.60001 24.113 8.10709
    endloop
  endfacet
  facet normal 0 0.442233 0.8969
    outer loop
      vertex 1.60001 24.025 8.15048
      vertex 0 24.113 8.10709
      vertex 0 24.025 8.15048
    endloop
  endfacet
  facet normal -0.442315 0 -0.89686
    outer loop
      vertex 20.6296 0 8.70433
      vertex 20.7 1.60001 8.66961
      vertex 20.7 0 8.66961
    endloop
  endfacet
  facet normal -0.442315 0 -0.89686
    outer loop
      vertex 20.7 1.60001 8.66961
      vertex 20.6296 0 8.70433
      vertex 20.6296 1.60001 8.70433
    endloop
  endfacet
  facet normal -0.0653771 0 0.997861
    outer loop
      vertex 20.4 1.60001 7.55
      vertex 20.4783 0 7.55513
      vertex 20.4783 1.60001 7.55513
    endloop
  endfacet
  facet normal -0.0653771 0 0.997861
    outer loop
      vertex 20.4783 0 7.55513
      vertex 20.4 1.60001 7.55
      vertex 20.4 0 7.55
    endloop
  endfacet
  facet normal -0.98081 0 0.194964
    outer loop
      vertex 20.9796 0 7.99471
      vertex 20.9949 1.60001 8.07168
      vertex 20.9796 1.60001 7.99471
    endloop
  endfacet
  facet normal -0.98081 0 0.194964
    outer loop
      vertex 20.9949 1.60001 8.07168
      vertex 20.9796 0 7.99471
      vertex 20.9949 0 8.07168
    endloop
  endfacet
  facet normal -0.997887 0 0.0649798
    outer loop
      vertex 20.9949 0 8.07168
      vertex 21 1.60001 8.15
      vertex 20.9949 1.60001 8.07168
    endloop
  endfacet
  facet normal -0.997887 0 0.0649798
    outer loop
      vertex 21 1.60001 8.15
      vertex 20.9949 0 8.07168
      vertex 21 0 8.15
    endloop
  endfacet
  facet normal -0.946652 0 0.322259
    outer loop
      vertex 20.9543 0 7.92039
      vertex 20.9796 1.60001 7.99471
      vertex 20.9543 1.60001 7.92039
    endloop
  endfacet
  facet normal -0.946652 0 0.322259
    outer loop
      vertex 20.9796 1.60001 7.99471
      vertex 20.9543 0 7.92039
      vertex 20.9796 0 7.99471
    endloop
  endfacet
  facet normal 0.752103 -0 0.659046
    outer loop
      vertex 19.924 0 7.78474
      vertex 19.9757 1.60001 7.72574
      vertex 19.924 1.60001 7.78474
    endloop
  endfacet
  facet normal 0.752103 0 0.659046
    outer loop
      vertex 19.9757 1.60001 7.72574
      vertex 19.924 0 7.78474
      vertex 19.9757 0 7.72574
    endloop
  endfacet
  facet normal 0.997887 0 -0.0649798
    outer loop
      vertex 19.8051 0 8.22832
      vertex 19.8 1.60001 8.15
      vertex 19.8051 1.60001 8.22832
    endloop
  endfacet
  facet normal 0.997887 0 -0.0649798
    outer loop
      vertex 19.8 1.60001 8.15
      vertex 19.8051 0 8.22832
      vertex 19.8 0 8.15
    endloop
  endfacet
  facet normal 0.321537 0 0.946897
    outer loop
      vertex 20.1704 1.60001 7.59567
      vertex 20.2447 0 7.57044
      vertex 20.2447 1.60001 7.57044
    endloop
  endfacet
  facet normal 0.321537 0 0.946897
    outer loop
      vertex 20.2447 0 7.57044
      vertex 20.1704 1.60001 7.59567
      vertex 20.1704 0 7.59567
    endloop
  endfacet
  facet normal 0.831501 -0 0.555523
    outer loop
      vertex 19.8804 0 7.85
      vertex 19.924 1.60001 7.78474
      vertex 19.8804 1.60001 7.85
    endloop
  endfacet
  facet normal 0.831501 0 0.555523
    outer loop
      vertex 19.924 1.60001 7.78474
      vertex 19.8804 0 7.85
      vertex 19.924 0 7.78474
    endloop
  endfacet
  facet normal 0.555376 0 0.831599
    outer loop
      vertex 20.0347 1.60001 7.67399
      vertex 20.1 0 7.63038
      vertex 20.1 1.60001 7.63038
    endloop
  endfacet
  facet normal 0.555376 0 0.831599
    outer loop
      vertex 20.1 0 7.63038
      vertex 20.0347 1.60001 7.67399
      vertex 20.0347 0 7.67399
    endloop
  endfacet
  facet normal 0.831501 0 -0.555523
    outer loop
      vertex 19.924 0 8.51526
      vertex 19.8804 1.60001 8.45
      vertex 19.924 1.60001 8.51526
    endloop
  endfacet
  facet normal 0.831501 0 -0.555523
    outer loop
      vertex 19.8804 1.60001 8.45
      vertex 19.924 0 8.51526
      vertex 19.8804 0 8.45
    endloop
  endfacet
  facet normal 0.946652 0 -0.322259
    outer loop
      vertex 19.8457 0 8.37961
      vertex 19.8204 1.60001 8.30529
      vertex 19.8457 1.60001 8.37961
    endloop
  endfacet
  facet normal 0.946652 0 -0.322259
    outer loop
      vertex 19.8204 1.60001 8.30529
      vertex 19.8457 0 8.37961
      vertex 19.8204 0 8.30529
    endloop
  endfacet
  facet normal 0.98081 -0 0.194964
    outer loop
      vertex 19.8051 0 8.07168
      vertex 19.8204 1.60001 7.99471
      vertex 19.8051 1.60001 8.07168
    endloop
  endfacet
  facet normal 0.98081 0 0.194964
    outer loop
      vertex 19.8204 1.60001 7.99471
      vertex 19.8051 0 8.07168
      vertex 19.8204 0 7.99471
    endloop
  endfacet
  facet normal -0.555376 0 0.831599
    outer loop
      vertex 20.7 1.60001 7.63038
      vertex 20.7653 0 7.67399
      vertex 20.7653 1.60001 7.67399
    endloop
  endfacet
  facet normal -0.555376 0 0.831599
    outer loop
      vertex 20.7653 0 7.67399
      vertex 20.7 1.60001 7.63038
      vertex 20.7 0 7.63038
    endloop
  endfacet
  facet normal 0.896936 -0 0.44216
    outer loop
      vertex 19.8457 0 7.92039
      vertex 19.8804 1.60001 7.85
      vertex 19.8457 1.60001 7.92039
    endloop
  endfacet
  facet normal 0.896936 0 0.44216
    outer loop
      vertex 19.8804 1.60001 7.85
      vertex 19.8457 0 7.92039
      vertex 19.8804 0 7.85
    endloop
  endfacet
  facet normal -0.321537 0 0.946897
    outer loop
      vertex 20.5553 1.60001 7.57044
      vertex 20.6296 0 7.59567
      vertex 20.6296 1.60001 7.59567
    endloop
  endfacet
  facet normal -0.321537 0 0.946897
    outer loop
      vertex 20.6296 0 7.59567
      vertex 20.5553 1.60001 7.57044
      vertex 20.5553 0 7.57044
    endloop
  endfacet
  facet normal 0.659406 0 0.751787
    outer loop
      vertex 19.9757 1.60001 7.72574
      vertex 20.0347 0 7.67399
      vertex 20.0347 1.60001 7.67399
    endloop
  endfacet
  facet normal 0.659406 0 0.751787
    outer loop
      vertex 20.0347 0 7.67399
      vertex 19.9757 1.60001 7.72574
      vertex 19.9757 0 7.72574
    endloop
  endfacet
  facet normal -0.659406 0 0.751787
    outer loop
      vertex 20.7653 1.60001 7.67399
      vertex 20.8243 0 7.72574
      vertex 20.8243 1.60001 7.72574
    endloop
  endfacet
  facet normal -0.659406 0 0.751787
    outer loop
      vertex 20.8243 0 7.72574
      vertex 20.7653 1.60001 7.67399
      vertex 20.7653 0 7.67399
    endloop
  endfacet
  facet normal -0.831501 0 -0.555523
    outer loop
      vertex 20.9196 0 8.45
      vertex 20.876 1.60001 8.51526
      vertex 20.9196 1.60001 8.45
    endloop
  endfacet
  facet normal -0.831501 -0 -0.555523
    outer loop
      vertex 20.876 1.60001 8.51526
      vertex 20.9196 0 8.45
      vertex 20.876 0 8.51526
    endloop
  endfacet
  facet normal 0.752103 0 -0.659046
    outer loop
      vertex 19.9757 0 8.57426
      vertex 19.924 1.60001 8.51526
      vertex 19.9757 1.60001 8.57426
    endloop
  endfacet
  facet normal 0.752103 0 -0.659046
    outer loop
      vertex 19.924 1.60001 8.51526
      vertex 19.9757 0 8.57426
      vertex 19.924 0 8.51526
    endloop
  endfacet
  facet normal -0.195014 0 -0.980801
    outer loop
      vertex 20.4783 0 8.74487
      vertex 20.5553 1.60001 8.72956
      vertex 20.5553 0 8.72956
    endloop
  endfacet
  facet normal -0.195014 0 -0.980801
    outer loop
      vertex 20.5553 1.60001 8.72956
      vertex 20.4783 0 8.74487
      vertex 20.4783 1.60001 8.74487
    endloop
  endfacet
  facet normal -0.896936 0 0.44216
    outer loop
      vertex 20.9196 0 7.85
      vertex 20.9543 1.60001 7.92039
      vertex 20.9196 1.60001 7.85
    endloop
  endfacet
  facet normal -0.896936 0 0.44216
    outer loop
      vertex 20.9543 1.60001 7.92039
      vertex 20.9196 0 7.85
      vertex 20.9543 0 7.92039
    endloop
  endfacet
  facet normal -0.442212 0 0.89691
    outer loop
      vertex 20.6296 1.60001 7.59567
      vertex 20.7 0 7.63038
      vertex 20.7 1.60001 7.63038
    endloop
  endfacet
  facet normal -0.442212 0 0.89691
    outer loop
      vertex 20.7 0 7.63038
      vertex 20.6296 1.60001 7.59567
      vertex 20.6296 0 7.59567
    endloop
  endfacet
  facet normal 0.195014 0 0.980801
    outer loop
      vertex 20.2447 1.60001 7.57044
      vertex 20.3217 0 7.55513
      vertex 20.3217 1.60001 7.55513
    endloop
  endfacet
  facet normal 0.195014 0 0.980801
    outer loop
      vertex 20.3217 0 7.55513
      vertex 20.2447 1.60001 7.57044
      vertex 20.2447 0 7.57044
    endloop
  endfacet
  facet normal -0.752103 0 0.659046
    outer loop
      vertex 20.8243 0 7.72574
      vertex 20.876 1.60001 7.78474
      vertex 20.8243 1.60001 7.72574
    endloop
  endfacet
  facet normal -0.752103 0 0.659046
    outer loop
      vertex 20.876 1.60001 7.78474
      vertex 20.8243 0 7.72574
      vertex 20.876 0 7.78474
    endloop
  endfacet
  facet normal 0.195014 0 -0.980801
    outer loop
      vertex 20.2447 0 8.72956
      vertex 20.3217 1.60001 8.74487
      vertex 20.3217 0 8.74487
    endloop
  endfacet
  facet normal 0.195014 0 -0.980801
    outer loop
      vertex 20.3217 1.60001 8.74487
      vertex 20.2447 0 8.72956
      vertex 20.2447 1.60001 8.72956
    endloop
  endfacet
  facet normal -0.195014 0 0.980801
    outer loop
      vertex 20.4783 1.60001 7.55513
      vertex 20.5553 0 7.57044
      vertex 20.5553 1.60001 7.57044
    endloop
  endfacet
  facet normal -0.195014 0 0.980801
    outer loop
      vertex 20.5553 0 7.57044
      vertex 20.4783 1.60001 7.55513
      vertex 20.4783 0 7.55513
    endloop
  endfacet
  facet normal 0.0653771 0 0.997861
    outer loop
      vertex 20.3217 1.60001 7.55513
      vertex 20.4 0 7.55
      vertex 20.4 1.60001 7.55
    endloop
  endfacet
  facet normal 0.0653771 0 0.997861
    outer loop
      vertex 20.4 0 7.55
      vertex 20.3217 1.60001 7.55513
      vertex 20.3217 0 7.55513
    endloop
  endfacet
  facet normal 0.659406 0 -0.751787
    outer loop
      vertex 19.9757 0 8.57426
      vertex 20.0347 1.60001 8.62601
      vertex 20.0347 0 8.62601
    endloop
  endfacet
  facet normal 0.659406 0 -0.751787
    outer loop
      vertex 20.0347 1.60001 8.62601
      vertex 19.9757 0 8.57426
      vertex 19.9757 1.60001 8.57426
    endloop
  endfacet
  facet normal -0.0653771 0 -0.997861
    outer loop
      vertex 20.4 0 8.75
      vertex 20.4783 1.60001 8.74487
      vertex 20.4783 0 8.74487
    endloop
  endfacet
  facet normal -0.0653771 0 -0.997861
    outer loop
      vertex 20.4783 1.60001 8.74487
      vertex 20.4 0 8.75
      vertex 20.4 1.60001 8.75
    endloop
  endfacet
  facet normal -0.555288 0 -0.831658
    outer loop
      vertex 20.7 0 8.66961
      vertex 20.7653 1.60001 8.62601
      vertex 20.7653 0 8.62601
    endloop
  endfacet
  facet normal -0.555288 0 -0.831658
    outer loop
      vertex 20.7653 1.60001 8.62601
      vertex 20.7 0 8.66961
      vertex 20.7 1.60001 8.66961
    endloop
  endfacet
  facet normal -0.659406 0 -0.751787
    outer loop
      vertex 20.7653 0 8.62601
      vertex 20.8243 1.60001 8.57426
      vertex 20.8243 0 8.57426
    endloop
  endfacet
  facet normal -0.659406 0 -0.751787
    outer loop
      vertex 20.8243 1.60001 8.57426
      vertex 20.7653 0 8.62601
      vertex 20.7653 1.60001 8.62601
    endloop
  endfacet
  facet normal 0.896936 0 -0.44216
    outer loop
      vertex 19.8804 0 8.45
      vertex 19.8457 1.60001 8.37961
      vertex 19.8804 1.60001 8.45
    endloop
  endfacet
  facet normal 0.896936 0 -0.44216
    outer loop
      vertex 19.8457 1.60001 8.37961
      vertex 19.8804 0 8.45
      vertex 19.8457 0 8.37961
    endloop
  endfacet
  facet normal -0.997887 0 -0.0649798
    outer loop
      vertex 21 0 8.15
      vertex 20.9949 1.60001 8.22832
      vertex 21 1.60001 8.15
    endloop
  endfacet
  facet normal -0.997887 -0 -0.0649798
    outer loop
      vertex 20.9949 1.60001 8.22832
      vertex 21 0 8.15
      vertex 20.9949 0 8.22832
    endloop
  endfacet
  facet normal -0.98081 0 -0.194964
    outer loop
      vertex 20.9949 0 8.22832
      vertex 20.9796 1.60001 8.30529
      vertex 20.9949 1.60001 8.22832
    endloop
  endfacet
  facet normal -0.98081 -0 -0.194964
    outer loop
      vertex 20.9796 1.60001 8.30529
      vertex 20.9949 0 8.22832
      vertex 20.9796 0 8.30529
    endloop
  endfacet
  facet normal -0.831501 0 0.555523
    outer loop
      vertex 20.876 0 7.78474
      vertex 20.9196 1.60001 7.85
      vertex 20.876 1.60001 7.78474
    endloop
  endfacet
  facet normal -0.831501 0 0.555523
    outer loop
      vertex 20.9196 1.60001 7.85
      vertex 20.876 0 7.78474
      vertex 20.9196 0 7.85
    endloop
  endfacet
  facet normal -0.752103 0 -0.659046
    outer loop
      vertex 20.876 0 8.51526
      vertex 20.8243 1.60001 8.57426
      vertex 20.876 1.60001 8.51526
    endloop
  endfacet
  facet normal -0.752103 -0 -0.659046
    outer loop
      vertex 20.8243 1.60001 8.57426
      vertex 20.876 0 8.51526
      vertex 20.8243 0 8.57426
    endloop
  endfacet
  facet normal 0.321537 0 -0.946897
    outer loop
      vertex 20.1704 0 8.70433
      vertex 20.2447 1.60001 8.72956
      vertex 20.2447 0 8.72956
    endloop
  endfacet
  facet normal 0.321537 0 -0.946897
    outer loop
      vertex 20.2447 1.60001 8.72956
      vertex 20.1704 0 8.70433
      vertex 20.1704 1.60001 8.70433
    endloop
  endfacet
  facet normal 0.946652 -0 0.322259
    outer loop
      vertex 19.8204 0 7.99471
      vertex 19.8457 1.60001 7.92039
      vertex 19.8204 1.60001 7.99471
    endloop
  endfacet
  facet normal 0.946652 0 0.322259
    outer loop
      vertex 19.8457 1.60001 7.92039
      vertex 19.8204 0 7.99471
      vertex 19.8457 0 7.92039
    endloop
  endfacet
  facet normal -0.321537 0 -0.946897
    outer loop
      vertex 20.5553 0 8.72956
      vertex 20.6296 1.60001 8.70433
      vertex 20.6296 0 8.70433
    endloop
  endfacet
  facet normal -0.321537 0 -0.946897
    outer loop
      vertex 20.6296 1.60001 8.70433
      vertex 20.5553 0 8.72956
      vertex 20.5553 1.60001 8.72956
    endloop
  endfacet
  facet normal 0.0653771 0 -0.997861
    outer loop
      vertex 20.3217 0 8.74487
      vertex 20.4 1.60001 8.75
      vertex 20.4 0 8.75
    endloop
  endfacet
  facet normal 0.0653771 0 -0.997861
    outer loop
      vertex 20.4 1.60001 8.75
      vertex 20.3217 0 8.74487
      vertex 20.3217 1.60001 8.74487
    endloop
  endfacet
  facet normal 0.98081 0 -0.194964
    outer loop
      vertex 19.8204 0 8.30529
      vertex 19.8051 1.60001 8.22832
      vertex 19.8204 1.60001 8.30529
    endloop
  endfacet
  facet normal 0.98081 0 -0.194964
    outer loop
      vertex 19.8051 1.60001 8.22832
      vertex 19.8204 0 8.30529
      vertex 19.8051 0 8.22832
    endloop
  endfacet
  facet normal -0.896936 0 -0.44216
    outer loop
      vertex 20.9543 0 8.37961
      vertex 20.9196 1.60001 8.45
      vertex 20.9543 1.60001 8.37961
    endloop
  endfacet
  facet normal -0.896936 -0 -0.44216
    outer loop
      vertex 20.9196 1.60001 8.45
      vertex 20.9543 0 8.37961
      vertex 20.9196 0 8.45
    endloop
  endfacet
  facet normal -0.946652 0 -0.322259
    outer loop
      vertex 20.9796 0 8.30529
      vertex 20.9543 1.60001 8.37961
      vertex 20.9796 1.60001 8.30529
    endloop
  endfacet
  facet normal -0.946652 -0 -0.322259
    outer loop
      vertex 20.9543 1.60001 8.37961
      vertex 20.9796 0 8.30529
      vertex 20.9543 0 8.37961
    endloop
  endfacet
  facet normal 0.997887 -0 0.0649798
    outer loop
      vertex 19.8 0 8.15
      vertex 19.8051 1.60001 8.07168
      vertex 19.8 1.60001 8.15
    endloop
  endfacet
  facet normal 0.997887 0 0.0649798
    outer loop
      vertex 19.8051 1.60001 8.07168
      vertex 19.8 0 8.15
      vertex 19.8051 0 8.07168
    endloop
  endfacet
  facet normal 0.442212 0 0.89691
    outer loop
      vertex 20.1 1.60001 7.63038
      vertex 20.1704 0 7.59567
      vertex 20.1704 1.60001 7.59567
    endloop
  endfacet
  facet normal 0.442212 0 0.89691
    outer loop
      vertex 20.1704 0 7.59567
      vertex 20.1 1.60001 7.63038
      vertex 20.1 0 7.63038
    endloop
  endfacet
  facet normal 0.442315 0 -0.89686
    outer loop
      vertex 20.1 0 8.66961
      vertex 20.1704 1.60001 8.70433
      vertex 20.1704 0 8.70433
    endloop
  endfacet
  facet normal 0.442315 0 -0.89686
    outer loop
      vertex 20.1704 1.60001 8.70433
      vertex 20.1 0 8.66961
      vertex 20.1 1.60001 8.66961
    endloop
  endfacet
  facet normal 0.555288 0 -0.831658
    outer loop
      vertex 20.0347 0 8.62601
      vertex 20.1 1.60001 8.66961
      vertex 20.1 0 8.66961
    endloop
  endfacet
  facet normal 0.555288 0 -0.831658
    outer loop
      vertex 20.1 1.60001 8.66961
      vertex 20.0347 0 8.62601
      vertex 20.0347 1.60001 8.62601
    endloop
  endfacet
  facet normal 1 -0 0
    outer loop
      vertex 35.6 15.8 4.1
      vertex 35.6 22.4 1.6
      vertex 35.6 22.4 4.1
    endloop
  endfacet
  facet normal 1 0 0
    outer loop
      vertex 35.6 22.4 1.6
      vertex 35.6 15.8 4.1
      vertex 35.6 15.8 1.6
    endloop
  endfacet
  facet normal -0 0 1
    outer loop
      vertex 34.6 22.4 4.1
      vertex 35.6 15.8 4.1
      vertex 35.6 22.4 4.1
    endloop
  endfacet
  facet normal 0 0 1
    outer loop
      vertex 35.6 15.8 4.1
      vertex 34.6 22.4 4.1
      vertex 34.6 15.8 4.1
    endloop
  endfacet
  facet normal -1 0 0
    outer loop
      vertex 34.6 15.8 1.6
      vertex 34.6 22.4 4.1
      vertex 34.6 22.4 1.6
    endloop
  endfacet
  facet normal -1 -0 0
    outer loop
      vertex 34.6 22.4 4.1
      vertex 34.6 15.8 1.6
      vertex 34.6 15.8 4.1
    endloop
  endfacet
  facet normal 0 1 -0
    outer loop
      vertex 35.6 22.4 1.6
      vertex 34.6 22.4 4.1
      vertex 35.6 22.4 4.1
    endloop
  endfacet
  facet normal 0 1 0
    outer loop
      vertex 34.6 22.4 4.1
      vertex 35.6 22.4 1.6
      vertex 34.6 22.4 1.6
    endloop
  endfacet
  facet normal 0 -1 0
    outer loop
      vertex 34.6 15.8 1.6
      vertex 35.6 15.8 4.1
      vertex 34.6 15.8 4.1
    endloop
  endfacet
  facet normal 0 -1 -0
    outer loop
      vertex 35.6 15.8 4.1
      vertex 34.6 15.8 1.6
      vertex 35.6 15.8 1.6
    endloop
  endfacet
  facet normal 1 -0 0
    outer loop
      vertex 43.2 15.8 4.1
      vertex 43.2 22.4 1.6
      vertex 43.2 22.4 4.1
    endloop
  endfacet
  facet normal 1 0 0
    outer loop
      vertex 43.2 22.4 1.6
      vertex 43.2 15.8 4.1
      vertex 43.2 15.8 1.6
    endloop
  endfacet
  facet normal -0 0 1
    outer loop
      vertex 42.2 22.4 4.1
      vertex 43.2 15.8 4.1
      vertex 43.2 22.4 4.1
    endloop
  endfacet
  facet normal 0 0 1
    outer loop
      vertex 43.2 15.8 4.1
      vertex 42.2 22.4 4.1
      vertex 42.2 15.8 4.1
    endloop
  endfacet
  facet normal -1 0 0
    outer loop
      vertex 42.2 15.8 1.6
      vertex 42.2 22.4 4.1
      vertex 42.2 22.4 1.6
    endloop
  endfacet
  facet normal -1 -0 0
    outer loop
      vertex 42.2 22.4 4.1
      vertex 42.2 15.8 1.6
      vertex 42.2 15.8 4.1
    endloop
  endfacet
  facet normal 0 1 -0
    outer loop
      vertex 43.2 22.4 1.6
      vertex 42.2 22.4 4.1
      vertex 43.2 22.4 4.1
    endloop
  endfacet
  facet normal 0 1 0
    outer loop
      vertex 42.2 22.4 4.1
      vertex 43.2 22.4 1.6
      vertex 42.2 22.4 1.6
    endloop
  endfacet
  facet normal 0 -1 0
    outer loop
      vertex 42.2 15.8 1.6
      vertex 43.2 15.8 4.1
      vertex 42.2 15.8 4.1
    endloop
  endfacet
  facet normal 0 -1 -0
    outer loop
      vertex 43.2 15.8 4.1
      vertex 42.2 15.8 1.6
      vertex 43.2 15.8 1.6
    endloop
  endfacet
  facet normal 1 0 0
    outer loop
      vertex 7.85 7.5 10.1
      vertex 7.85 6.8 5.6
      vertex 7.85 7.5 5.6
    endloop
  endfacet
  facet normal 1 -0 0
    outer loop
      vertex 7.85 1.60001 10.1
      vertex 7.85 6.8 5.6
      vertex 7.85 7.5 10.1
    endloop
  endfacet
  facet normal 1 0 0
    outer loop
      vertex 7.85 1.60001 1.6
      vertex 7.85 6.8 5.6
      vertex 7.85 1.60001 10.1
    endloop
  endfacet
  facet normal 1 0 0
    outer loop
      vertex 7.85 6.8 5.6
      vertex 7.85 1.60001 1.6
      vertex 7.85 6.8 1.6
    endloop
  endfacet
  facet normal -0 0 1
    outer loop
      vertex 6.85 7.5 10.1
      vertex 7.85 1.60001 10.1
      vertex 7.85 7.5 10.1
    endloop
  endfacet
  facet normal 0 0 1
    outer loop
      vertex 7.85 1.60001 10.1
      vertex 6.85 7.5 10.1
      vertex 6.85 1.60001 10.1
    endloop
  endfacet
  facet normal -1 0 0
    outer loop
      vertex 6.85 7.8 1.6
      vertex 6.85 7.5 5.6
      vertex 6.85 7.8 5.6
    endloop
  endfacet
  facet normal -1 0 0
    outer loop
      vertex 6.85 1.60001 1.6
      vertex 6.85 7.5 5.6
      vertex 6.85 7.8 1.6
    endloop
  endfacet
  facet normal -1 0 0
    outer loop
      vertex 6.85 1.60001 10.1
      vertex 6.85 7.5 5.6
      vertex 6.85 1.60001 1.6
    endloop
  endfacet
  facet normal -1 0 0
    outer loop
      vertex 6.85 7.5 5.6
      vertex 6.85 1.60001 10.1
      vertex 6.85 7.5 10.1
    endloop
  endfacet
  facet normal 0 1 -0
    outer loop
      vertex 7.85 7.5 5.6
      vertex 6.85 7.5 10.1
      vertex 7.85 7.5 10.1
    endloop
  endfacet
  facet normal 0 1 0
    outer loop
      vertex 6.85 7.5 10.1
      vertex 7.85 7.5 5.6
      vertex 6.85 7.5 5.6
    endloop
  endfacet
  facet normal 1 0 0
    outer loop
      vertex 17.95 7.5 10.1
      vertex 17.95 1.60001 10.1
      vertex 17.95 7.5 5.6
    endloop
  endfacet
  facet normal 1 -0 0
    outer loop
      vertex 17.95 7.5 5.6
      vertex 17.95 7.8 1.6
      vertex 17.95 7.8 5.6
    endloop
  endfacet
  facet normal 1 0 0
    outer loop
      vertex 17.95 1.60001 1.6
      vertex 17.95 7.5 5.6
      vertex 17.95 1.60001 10.1
    endloop
  endfacet
  facet normal 1 0 0
    outer loop
      vertex 17.95 7.5 5.6
      vertex 17.95 1.60001 1.6
      vertex 17.95 7.8 1.6
    endloop
  endfacet
  facet normal -0 0 1
    outer loop
      vertex 16.95 7.5 10.1
      vertex 17.95 1.60001 10.1
      vertex 17.95 7.5 10.1
    endloop
  endfacet
  facet normal 0 0 1
    outer loop
      vertex 17.95 1.60001 10.1
      vertex 16.95 7.5 10.1
      vertex 16.95 1.60001 10.1
    endloop
  endfacet
  facet normal -1 0 0
    outer loop
      vertex 16.95 6.8 1.6
      vertex 16.95 1.60001 1.6
      vertex 16.95 6.8 5.6
    endloop
  endfacet
  facet normal -1 0 0
    outer loop
      vertex 16.95 6.8 5.6
      vertex 16.95 7.5 10.1
      vertex 16.95 7.5 5.6
    endloop
  endfacet
  facet normal -1 0 0
    outer loop
      vertex 16.95 1.60001 10.1
      vertex 16.95 6.8 5.6
      vertex 16.95 1.60001 1.6
    endloop
  endfacet
  facet normal -1 0 0
    outer loop
      vertex 16.95 6.8 5.6
      vertex 16.95 1.60001 10.1
      vertex 16.95 7.5 10.1
    endloop
  endfacet
  facet normal 0 1 -0
    outer loop
      vertex 17.95 7.5 5.6
      vertex 16.95 7.5 10.1
      vertex 17.95 7.5 10.1
    endloop
  endfacet
  facet normal 0 1 0
    outer loop
      vertex 16.95 7.5 10.1
      vertex 17.95 7.5 5.6
      vertex 16.95 7.5 5.6
    endloop
  endfacet
  facet normal 0 0 1
    outer loop
      vertex 17.95 7.8 5.6
      vertex 16.95 7.5 5.6
      vertex 17.95 7.5 5.6
    endloop
  endfacet
  facet normal 0 0 1
    outer loop
      vertex 16.95 7.5 5.6
      vertex 7.85 7.5 5.6
      vertex 16.95 6.8 5.6
    endloop
  endfacet
  facet normal 0 0 1
    outer loop
      vertex 17.95 7.8 5.6
      vertex 7.85 7.5 5.6
      vertex 16.95 7.5 5.6
    endloop
  endfacet
  facet normal -0 0 1
    outer loop
      vertex 6.85 7.8 5.6
      vertex 7.85 7.5 5.6
      vertex 17.95 7.8 5.6
    endloop
  endfacet
  facet normal 0 0 1
    outer loop
      vertex 7.85 7.5 5.6
      vertex 6.85 7.8 5.6
      vertex 6.85 7.5 5.6
    endloop
  endfacet
  facet normal 0 0 1
    outer loop
      vertex 16.95 6.8 5.6
      vertex 7.85 7.5 5.6
      vertex 7.85 6.8 5.6
    endloop
  endfacet
  facet normal 0 1 -0
    outer loop
      vertex 17.95 7.8 1.6
      vertex 6.85 7.8 5.6
      vertex 17.95 7.8 5.6
    endloop
  endfacet
  facet normal 0 1 0
    outer loop
      vertex 6.85 7.8 5.6
      vertex 17.95 7.8 1.6
      vertex 6.85 7.8 1.6
    endloop
  endfacet
  facet normal 0 -1 0
    outer loop
      vertex 7.85 6.8 1.6
      vertex 16.95 6.8 5.6
      vertex 7.85 6.8 5.6
    endloop
  endfacet
  facet normal 0 -1 -0
    outer loop
      vertex 16.95 6.8 5.6
      vertex 7.85 6.8 1.6
      vertex 16.95 6.8 1.6
    endloop
  endfacet
  facet normal 1 -0 0
    outer loop
      vertex 23.9 1.60001 7.6
      vertex 23.9 34.4 1.6
      vertex 23.9 34.4 7.6
    endloop
  endfacet
  facet normal 1 0 0
    outer loop
      vertex 23.9 34.4 1.6
      vertex 23.9 1.60001 7.6
      vertex 23.9 1.60001 1.6
    endloop
  endfacet
  facet normal -0 0 1
    outer loop
      vertex 22.9 34.4 7.6
      vertex 23.9 1.60001 7.6
      vertex 23.9 34.4 7.6
    endloop
  endfacet
  facet normal 0 0 1
    outer loop
      vertex 23.9 1.60001 7.6
      vertex 22.9 34.4 7.6
      vertex 22.9 1.60001 7.6
    endloop
  endfacet
  facet normal -1 0 0
    outer loop
      vertex 22.9 1.60001 1.6
      vertex 22.9 34.4 7.6
      vertex 22.9 34.4 1.6
    endloop
  endfacet
  facet normal -1 -0 0
    outer loop
      vertex 22.9 34.4 7.6
      vertex 22.9 1.60001 1.6
      vertex 22.9 1.60001 7.6
    endloop
  endfacet
endsolid OpenSCAD_Model
