solid OpenSCAD_Model
  facet normal 0.321446 -0.946928 0
    outer loop
      vertex 53.7765 0.102219 0
      vertex 54.1481 0.228363 11.9
      vertex 53.7765 0.102219 11.9
    endloop
  endfacet
  facet normal 0.321446 -0.946928 0
    outer loop
      vertex 54.1481 0.228363 11.9
      vertex 53.7765 0.102219 0
      vertex 54.1481 0.228363 0
    endloop
  endfacet
  facet normal 0 -1 0
    outer loop
      vertex 3 0 0
      vertex 53 0 11.9
      vertex 3 0 11.9
    endloop
  endfacet
  facet normal 0 -1 -0
    outer loop
      vertex 53 0 11.9
      vertex 3 0 0
      vertex 53 0 0
    endloop
  endfacet
  facet normal 0.195072 -0.980789 0
    outer loop
      vertex 53.3916 0.0256653 0
      vertex 53.7765 0.102219 11.9
      vertex 53.3916 0.0256653 11.9
    endloop
  endfacet
  facet normal 0.195072 -0.980789 0
    outer loop
      vertex 53.7765 0.102219 11.9
      vertex 53.3916 0.0256653 0
      vertex 53.7765 0.102219 0
    endloop
  endfacet
  facet normal 0.751724 0.659478 0
    outer loop
      vertex 55.3801 29.8263 11.9
      vertex 55.1213 30.1213 0
      vertex 55.1213 30.1213 11.9
    endloop
  endfacet
  facet normal 0.751724 0.659478 0
    outer loop
      vertex 55.1213 30.1213 0
      vertex 55.3801 29.8263 11.9
      vertex 55.3801 29.8263 0
    endloop
  endfacet
  facet normal 0.0654873 0.997853 -0
    outer loop
      vertex 53.3916 30.9743 0
      vertex 53 31 11.9
      vertex 53.3916 30.9743 11.9
    endloop
  endfacet
  facet normal 0.0654873 0.997853 0
    outer loop
      vertex 53 31 11.9
      vertex 53.3916 30.9743 0
      vertex 53 31 0
    endloop
  endfacet
  facet normal 0.0653993 -0.997859 0
    outer loop
      vertex 53 0 0
      vertex 53.3916 0.0256653 11.9
      vertex 53 0 11.9
    endloop
  endfacet
  facet normal 0.0653993 -0.997859 0
    outer loop
      vertex 53.3916 0.0256653 11.9
      vertex 53 0 0
      vertex 53.3916 0.0256653 0
    endloop
  endfacet
  facet normal -0.896876 -0.442281 0
    outer loop
      vertex 0.401917 1.5 0
      vertex 0.228363 1.85194 11.9
      vertex 0.228363 1.85194 0
    endloop
  endfacet
  facet normal -0.896876 -0.442281 0
    outer loop
      vertex 0.228363 1.85194 11.9
      vertex 0.401917 1.5 0
      vertex 0.401917 1.5 11.9
    endloop
  endfacet
  facet normal -0.0654043 -0.997859 0
    outer loop
      vertex 2.60843 0.0256653 0
      vertex 3 0 11.9
      vertex 2.60843 0.0256653 11.9
    endloop
  endfacet
  facet normal -0.0654043 -0.997859 -0
    outer loop
      vertex 3 0 11.9
      vertex 2.60843 0.0256653 0
      vertex 3 0 0
    endloop
  endfacet
  facet normal -0.321446 -0.946928 0
    outer loop
      vertex 1.85194 0.228363 0
      vertex 2.22354 0.102219 11.9
      vertex 1.85194 0.228363 11.9
    endloop
  endfacet
  facet normal -0.321446 -0.946928 -0
    outer loop
      vertex 2.22354 0.102219 11.9
      vertex 1.85194 0.228363 0
      vertex 2.22354 0.102219 0
    endloop
  endfacet
  facet normal -0.659424 0.751771 0
    outer loop
      vertex 1.17372 30.3801 0
      vertex 0.878677 30.1213 11.9
      vertex 1.17372 30.3801 11.9
    endloop
  endfacet
  facet normal -0.659424 0.751771 0
    outer loop
      vertex 0.878677 30.1213 11.9
      vertex 1.17372 30.3801 0
      vertex 0.878677 30.1213 0
    endloop
  endfacet
  facet normal -0.896856 0.442322 0
    outer loop
      vertex 0.228363 29.1481 0
      vertex 0.401917 29.5 11.9
      vertex 0.401917 29.5 0
    endloop
  endfacet
  facet normal -0.896856 0.442322 0
    outer loop
      vertex 0.401917 29.5 11.9
      vertex 0.228363 29.1481 0
      vertex 0.228363 29.1481 11.9
    endloop
  endfacet
  facet normal -0.442171 0.896931 0
    outer loop
      vertex 1.85194 30.7716 0
      vertex 1.5 30.5981 11.9
      vertex 1.85194 30.7716 11.9
    endloop
  endfacet
  facet normal -0.442171 0.896931 0
    outer loop
      vertex 1.5 30.5981 11.9
      vertex 1.85194 30.7716 0
      vertex 1.5 30.5981 0
    endloop
  endfacet
  facet normal 1 -0 0
    outer loop
      vertex 56 3 11.9
      vertex 56 28 0
      vertex 56 28 11.9
    endloop
  endfacet
  facet normal 1 0 0
    outer loop
      vertex 56 28 0
      vertex 56 3 11.9
      vertex 56 3 0
    endloop
  endfacet
  facet normal -1 0 0
    outer loop
      vertex 0 19.9929 8.51299
      vertex 0 28 11.9
      vertex 0 28 0
    endloop
  endfacet
  facet normal -1 0 0
    outer loop
      vertex 0 28 11.9
      vertex 0 20.0436 8.7021
      vertex 0 20.05 8.8
    endloop
  endfacet
  facet normal -1 0 0
    outer loop
      vertex 0 28 11.9
      vertex 0 20.0244 8.60589
      vertex 0 20.0436 8.7021
    endloop
  endfacet
  facet normal -1 0 0
    outer loop
      vertex 0 28 11.9
      vertex 0 19.9929 8.51299
      vertex 0 20.0244 8.60589
    endloop
  endfacet
  facet normal -1 0 0
    outer loop
      vertex 0 28 0
      vertex 0 19.9495 8.425
      vertex 0 19.9929 8.51299
    endloop
  endfacet
  facet normal -1 0 0
    outer loop
      vertex 0 28 0
      vertex 0 19.895 8.34343
      vertex 0 19.9495 8.425
    endloop
  endfacet
  facet normal -1 0 0
    outer loop
      vertex 0 28 0
      vertex 0 19.8303 8.26967
      vertex 0 19.895 8.34343
    endloop
  endfacet
  facet normal -1 0 0
    outer loop
      vertex 0 28 0
      vertex 0 19.7566 8.20498
      vertex 0 19.8303 8.26967
    endloop
  endfacet
  facet normal -1 0 0
    outer loop
      vertex 0 17.3 4.3
      vertex 0 19.7566 8.20498
      vertex 0 28 0
    endloop
  endfacet
  facet normal -1 0 0
    outer loop
      vertex 0 19.7566 8.20498
      vertex 0 17.3 4.3
      vertex 0 19.675 8.15048
    endloop
  endfacet
  facet normal -1 0 0
    outer loop
      vertex 0 19.675 8.15048
      vertex 0 17.3 4.3
      vertex 0 19.587 8.10709
    endloop
  endfacet
  facet normal -1 0 0
    outer loop
      vertex 0 19.587 8.10709
      vertex 0 17.3 4.3
      vertex 0 19.4941 8.07555
    endloop
  endfacet
  facet normal -1 0 0
    outer loop
      vertex 0 19.4941 8.07555
      vertex 0 17.3 4.3
      vertex 0 19.3979 8.05642
    endloop
  endfacet
  facet normal -1 0 0
    outer loop
      vertex 0 19.3979 8.05642
      vertex 0 17.3 4.3
      vertex 0 19.3 8.05
    endloop
  endfacet
  facet normal -1 -0 0
    outer loop
      vertex 0 19.3 8.05
      vertex 0 17.3 4.3
      vertex 0 19.2021 8.05642
    endloop
  endfacet
  facet normal -1 -0 0
    outer loop
      vertex 0 19.2021 8.05642
      vertex 0 17.3 4.3
      vertex 0 19.1059 8.07555
    endloop
  endfacet
  facet normal -1 -0 0
    outer loop
      vertex 0 19.1059 8.07555
      vertex 0 17.3 4.3
      vertex 0 19.013 8.10709
    endloop
  endfacet
  facet normal -1 -0 0
    outer loop
      vertex 0 19.013 8.10709
      vertex 0 17.3 4.3
      vertex 0 18.925 8.15048
    endloop
  endfacet
  facet normal -1 -0 0
    outer loop
      vertex 0 18.925 8.15048
      vertex 0 17.3 4.3
      vertex 0 18.8434 8.20498
    endloop
  endfacet
  facet normal -1 0 0
    outer loop
      vertex 0 17.3 11.3
      vertex 0 18.5564 8.7021
      vertex 0 17.3 4.3
    endloop
  endfacet
  facet normal -1 -0 0
    outer loop
      vertex 0 18.5756 8.60589
      vertex 0 17.3 4.3
      vertex 0 18.5564 8.7021
    endloop
  endfacet
  facet normal -1 -0 0
    outer loop
      vertex 0 18.6071 8.51299
      vertex 0 17.3 4.3
      vertex 0 18.5756 8.60589
    endloop
  endfacet
  facet normal -1 -0 0
    outer loop
      vertex 0 18.6505 8.425
      vertex 0 17.3 4.3
      vertex 0 18.6071 8.51299
    endloop
  endfacet
  facet normal -1 -0 0
    outer loop
      vertex 0 18.705 8.34343
      vertex 0 17.3 4.3
      vertex 0 18.6505 8.425
    endloop
  endfacet
  facet normal -1 -0 0
    outer loop
      vertex 0 18.7697 8.26967
      vertex 0 17.3 4.3
      vertex 0 18.705 8.34343
    endloop
  endfacet
  facet normal -1 -0 0
    outer loop
      vertex 0 18.8434 8.20498
      vertex 0 17.3 4.3
      vertex 0 18.7697 8.26967
    endloop
  endfacet
  facet normal -1 0 0
    outer loop
      vertex 0 3 0
      vertex 0 17.3 4.3
      vertex 0 28 0
    endloop
  endfacet
  facet normal -1 0 0
    outer loop
      vertex 0 3 11.9
      vertex 0 4.3 4.3
      vertex 0 3 0
    endloop
  endfacet
  facet normal -1 -0 0
    outer loop
      vertex 0 17.3 4.3
      vertex 0 3 0
      vertex 0 4.3 4.3
    endloop
  endfacet
  facet normal -1 0 0
    outer loop
      vertex 0 20.0436 8.89789
      vertex 0 28 11.9
      vertex 0 20.05 8.8
    endloop
  endfacet
  facet normal -1 0 0
    outer loop
      vertex 0 20.0244 8.99411
      vertex 0 28 11.9
      vertex 0 20.0436 8.89789
    endloop
  endfacet
  facet normal -1 0 0
    outer loop
      vertex 0 19.9929 9.08701
      vertex 0 28 11.9
      vertex 0 20.0244 8.99411
    endloop
  endfacet
  facet normal -1 0 0
    outer loop
      vertex 0 19.9495 9.175
      vertex 0 28 11.9
      vertex 0 19.9929 9.08701
    endloop
  endfacet
  facet normal -1 0 0
    outer loop
      vertex 0 19.895 9.25657
      vertex 0 28 11.9
      vertex 0 19.9495 9.175
    endloop
  endfacet
  facet normal -1 0 0
    outer loop
      vertex 0 19.8303 9.33033
      vertex 0 28 11.9
      vertex 0 19.895 9.25657
    endloop
  endfacet
  facet normal -1 0 0
    outer loop
      vertex 0 19.7566 9.39501
      vertex 0 28 11.9
      vertex 0 19.8303 9.33033
    endloop
  endfacet
  facet normal -1 0 0
    outer loop
      vertex 0 19.675 9.44952
      vertex 0 28 11.9
      vertex 0 19.7566 9.39501
    endloop
  endfacet
  facet normal -1 0 0
    outer loop
      vertex 0 19.587 9.49291
      vertex 0 28 11.9
      vertex 0 19.675 9.44952
    endloop
  endfacet
  facet normal -1 0 0
    outer loop
      vertex 0 17.3 11.3
      vertex 0 19.587 9.49291
      vertex 0 19.4941 9.52444
    endloop
  endfacet
  facet normal -1 0 0
    outer loop
      vertex 0 17.3 11.3
      vertex 0 19.4941 9.52444
      vertex 0 19.3979 9.54358
    endloop
  endfacet
  facet normal -1 0 0
    outer loop
      vertex 0 17.3 11.3
      vertex 0 19.3979 9.54358
      vertex 0 19.3 9.55
    endloop
  endfacet
  facet normal -1 0 0
    outer loop
      vertex 0 17.3 11.3
      vertex 0 19.3 9.55
      vertex 0 19.2021 9.54358
    endloop
  endfacet
  facet normal -1 0 0
    outer loop
      vertex 0 17.3 11.3
      vertex 0 19.2021 9.54358
      vertex 0 19.1059 9.52444
    endloop
  endfacet
  facet normal -1 0 0
    outer loop
      vertex 0 18.5564 8.7021
      vertex 0 17.3 11.3
      vertex 0 18.55 8.8
    endloop
  endfacet
  facet normal -1 0 0
    outer loop
      vertex 0 18.55 8.8
      vertex 0 17.3 11.3
      vertex 0 18.5564 8.89789
    endloop
  endfacet
  facet normal -1 0 0
    outer loop
      vertex 0 18.5564 8.89789
      vertex 0 17.3 11.3
      vertex 0 18.5756 8.99411
    endloop
  endfacet
  facet normal -1 0 0
    outer loop
      vertex 0 17.3 11.3
      vertex 0 18.6071 9.08701
      vertex 0 18.5756 8.99411
    endloop
  endfacet
  facet normal -1 0 0
    outer loop
      vertex 0 17.3 11.3
      vertex 0 18.6505 9.175
      vertex 0 18.6071 9.08701
    endloop
  endfacet
  facet normal -1 0 0
    outer loop
      vertex 0 17.3 11.3
      vertex 0 18.705 9.25657
      vertex 0 18.6505 9.175
    endloop
  endfacet
  facet normal -1 0 0
    outer loop
      vertex 0 17.3 11.3
      vertex 0 18.7697 9.33033
      vertex 0 18.705 9.25657
    endloop
  endfacet
  facet normal -1 0 0
    outer loop
      vertex 0 17.3 11.3
      vertex 0 18.8434 9.39501
      vertex 0 18.7697 9.33033
    endloop
  endfacet
  facet normal -1 0 0
    outer loop
      vertex 0 17.3 11.3
      vertex 0 18.925 9.44952
      vertex 0 18.8434 9.39501
    endloop
  endfacet
  facet normal -1 0 0
    outer loop
      vertex 0 17.3 11.3
      vertex 0 19.013 9.49291
      vertex 0 18.925 9.44952
    endloop
  endfacet
  facet normal -1 0 0
    outer loop
      vertex 0 17.3 11.3
      vertex 0 19.1059 9.52444
      vertex 0 19.013 9.49291
    endloop
  endfacet
  facet normal -1 0 0
    outer loop
      vertex 0 19.587 9.49291
      vertex 0 17.3 11.3
      vertex 0 28 11.9
    endloop
  endfacet
  facet normal -1 0 0
    outer loop
      vertex 0 3 11.9
      vertex 0 17.3 11.3
      vertex 0 4.3 11.3
    endloop
  endfacet
  facet normal -1 0 0
    outer loop
      vertex 0 17.3 11.3
      vertex 0 3 11.9
      vertex 0 28 11.9
    endloop
  endfacet
  facet normal -1 0 0
    outer loop
      vertex 0 4.3 4.3
      vertex 0 3 11.9
      vertex 0 4.3 11.3
    endloop
  endfacet
  facet normal -0.0654923 0.997853 0
    outer loop
      vertex 3 31 0
      vertex 2.60843 30.9743 11.9
      vertex 3 31 11.9
    endloop
  endfacet
  facet normal -0.0654923 0.997853 0
    outer loop
      vertex 2.60843 30.9743 11.9
      vertex 3 31 0
      vertex 2.60843 30.9743 0
    endloop
  endfacet
  facet normal 0.321574 0.946885 -0
    outer loop
      vertex 54.1481 30.7716 0
      vertex 53.7765 30.8978 11.9
      vertex 54.1481 30.7716 11.9
    endloop
  endfacet
  facet normal 0.321574 0.946885 0
    outer loop
      vertex 53.7765 30.8978 11.9
      vertex 54.1481 30.7716 0
      vertex 53.7765 30.8978 0
    endloop
  endfacet
  facet normal -0.659342 -0.751843 0
    outer loop
      vertex 0.878677 0.878677 0
      vertex 1.17372 0.619934 11.9
      vertex 0.878677 0.878677 11.9
    endloop
  endfacet
  facet normal -0.659342 -0.751843 -0
    outer loop
      vertex 1.17372 0.619934 11.9
      vertex 0.878677 0.878677 0
      vertex 1.17372 0.619934 0
    endloop
  endfacet
  facet normal -0.946928 0.321446 0
    outer loop
      vertex 0.102219 28.7765 0
      vertex 0.228363 29.1481 11.9
      vertex 0.228363 29.1481 0
    endloop
  endfacet
  facet normal -0.946928 0.321446 0
    outer loop
      vertex 0.228363 29.1481 11.9
      vertex 0.102219 28.7765 0
      vertex 0.102219 28.7765 11.9
    endloop
  endfacet
  facet normal -0.195076 -0.980788 0
    outer loop
      vertex 2.22354 0.102219 0
      vertex 2.60843 0.0256653 11.9
      vertex 2.22354 0.102219 11.9
    endloop
  endfacet
  facet normal -0.195076 -0.980788 -0
    outer loop
      vertex 2.60843 0.0256653 11.9
      vertex 2.22354 0.102219 0
      vertex 2.60843 0.0256653 0
    endloop
  endfacet
  facet normal -0.751796 0.659396 0
    outer loop
      vertex 0.619934 29.8263 0
      vertex 0.878677 30.1213 11.9
      vertex 0.878677 30.1213 0
    endloop
  endfacet
  facet normal -0.751796 0.659396 0
    outer loop
      vertex 0.878677 30.1213 11.9
      vertex 0.619934 29.8263 0
      vertex 0.619934 29.8263 11.9
    endloop
  endfacet
  facet normal 0.980814 -0.194945 0
    outer loop
      vertex 55.8978 2.22354 11.9
      vertex 55.9743 2.60843 0
      vertex 55.9743 2.60843 11.9
    endloop
  endfacet
  facet normal 0.980814 -0.194945 0
    outer loop
      vertex 55.9743 2.60843 0
      vertex 55.8978 2.22354 11.9
      vertex 55.8978 2.22354 0
    endloop
  endfacet
  facet normal -0.442281 -0.896876 0
    outer loop
      vertex 1.5 0.401917 0
      vertex 1.85194 0.228363 11.9
      vertex 1.5 0.401917 11.9
    endloop
  endfacet
  facet normal -0.442281 -0.896876 -0
    outer loop
      vertex 1.85194 0.228363 11.9
      vertex 1.5 0.401917 0
      vertex 1.85194 0.228363 0
    endloop
  endfacet
  facet normal 0 1 0
    outer loop
      vertex 24 31 4.63361
      vertex 24 31 0.982771
      vertex 23 31 4.63361
    endloop
  endfacet
  facet normal 0 1 0
    outer loop
      vertex 53 31 11.9
      vertex 32 31 10.9172
      vertex 3 31 11.9
    endloop
  endfacet
  facet normal 0 1 -0
    outer loop
      vertex 42.7128 31 7.18118
      vertex 32 31 10.9172
      vertex 53 31 11.9
    endloop
  endfacet
  facet normal 0 1 0
    outer loop
      vertex 42.7128 31 7.18118
      vertex 53 31 11.9
      vertex 43 31 7.2
    endloop
  endfacet
  facet normal 0 1 0
    outer loop
      vertex 53 31 11.9
      vertex 43.2872 31 7.18118
      vertex 43 31 7.2
    endloop
  endfacet
  facet normal 0 1 0
    outer loop
      vertex 53 31 11.9
      vertex 43.5694 31 7.12504
      vertex 43.2872 31 7.18118
    endloop
  endfacet
  facet normal 0 1 0
    outer loop
      vertex 53 31 11.9
      vertex 43.8419 31 7.03253
      vertex 43.5694 31 7.12504
    endloop
  endfacet
  facet normal 0 1 0
    outer loop
      vertex 53 31 11.9
      vertex 44.1 31 6.90526
      vertex 43.8419 31 7.03253
    endloop
  endfacet
  facet normal 0 1 0
    outer loop
      vertex 53 31 11.9
      vertex 44.3393 31 6.74538
      vertex 44.1 31 6.90526
    endloop
  endfacet
  facet normal 0 1 0
    outer loop
      vertex 53 31 11.9
      vertex 44.5556 31 6.55563
      vertex 44.3393 31 6.74538
    endloop
  endfacet
  facet normal 0 1 0
    outer loop
      vertex 53 31 11.9
      vertex 44.7454 31 6.33927
      vertex 44.5556 31 6.55563
    endloop
  endfacet
  facet normal 0 1 0
    outer loop
      vertex 53 31 11.9
      vertex 44.9053 31 6.1
      vertex 44.7454 31 6.33927
    endloop
  endfacet
  facet normal 0 1 0
    outer loop
      vertex 53 31 11.9
      vertex 45.0325 31 5.8419
      vertex 44.9053 31 6.1
    endloop
  endfacet
  facet normal 0 1 0
    outer loop
      vertex 53 31 11.9
      vertex 45.125 31 5.5694
      vertex 45.0325 31 5.8419
    endloop
  endfacet
  facet normal 0 1 0
    outer loop
      vertex 53 31 11.9
      vertex 45.1812 31 5.28716
      vertex 45.125 31 5.5694
    endloop
  endfacet
  facet normal 0 1 -0
    outer loop
      vertex 53 31 0
      vertex 45.1812 31 5.28716
      vertex 53 31 11.9
    endloop
  endfacet
  facet normal 0 1 0
    outer loop
      vertex 45.1812 31 5.28716
      vertex 53 31 0
      vertex 45.2 31 5
    endloop
  endfacet
  facet normal 0 1 0
    outer loop
      vertex 45.2 31 5
      vertex 53 31 0
      vertex 45.1812 31 4.71284
    endloop
  endfacet
  facet normal 0 1 0
    outer loop
      vertex 45.1812 31 4.71284
      vertex 53 31 0
      vertex 45.125 31 4.4306
    endloop
  endfacet
  facet normal 0 1 0
    outer loop
      vertex 45.125 31 4.4306
      vertex 53 31 0
      vertex 45.0325 31 4.1581
    endloop
  endfacet
  facet normal 0 1 0
    outer loop
      vertex 45.0325 31 4.1581
      vertex 53 31 0
      vertex 44.9053 31 3.9
    endloop
  endfacet
  facet normal 0 1 0
    outer loop
      vertex 44.9053 31 3.9
      vertex 53 31 0
      vertex 44.7454 31 3.66072
    endloop
  endfacet
  facet normal 0 1 0
    outer loop
      vertex 53 31 0
      vertex 43 31 2.8
      vertex 43.2872 31 2.81882
    endloop
  endfacet
  facet normal 0 1 0
    outer loop
      vertex 32 31 0.982771
      vertex 53 31 0
      vertex 24 31 0.982771
    endloop
  endfacet
  facet normal 0 1 0
    outer loop
      vertex 43 31 2.8
      vertex 53 31 0
      vertex 32 31 0.982771
    endloop
  endfacet
  facet normal 0 1 0
    outer loop
      vertex 43.5694 31 2.87496
      vertex 53 31 0
      vertex 43.2872 31 2.81882
    endloop
  endfacet
  facet normal 0 1 0
    outer loop
      vertex 43.8419 31 2.96746
      vertex 53 31 0
      vertex 43.5694 31 2.87496
    endloop
  endfacet
  facet normal 0 1 0
    outer loop
      vertex 44.1 31 3.09474
      vertex 53 31 0
      vertex 43.8419 31 2.96746
    endloop
  endfacet
  facet normal 0 1 0
    outer loop
      vertex 44.3393 31 3.25462
      vertex 53 31 0
      vertex 44.1 31 3.09474
    endloop
  endfacet
  facet normal 0 1 0
    outer loop
      vertex 44.5556 31 3.44436
      vertex 53 31 0
      vertex 44.3393 31 3.25462
    endloop
  endfacet
  facet normal 0 1 0
    outer loop
      vertex 44.7454 31 3.66072
      vertex 53 31 0
      vertex 44.5556 31 3.44436
    endloop
  endfacet
  facet normal 0 1 -0
    outer loop
      vertex 24 31 10.9172
      vertex 3 31 11.9
      vertex 32 31 10.9172
    endloop
  endfacet
  facet normal 0 1 0
    outer loop
      vertex 23 31 7.26639
      vertex 24 31 10.9172
      vertex 24 31 7.26639
    endloop
  endfacet
  facet normal 0 1 0
    outer loop
      vertex 24 31 10.9172
      vertex 23 31 7.26639
      vertex 3 31 11.9
    endloop
  endfacet
  facet normal 0 1 -0
    outer loop
      vertex 23 31 4.63361
      vertex 3 31 11.9
      vertex 23 31 7.26639
    endloop
  endfacet
  facet normal 0 1 0
    outer loop
      vertex 3 31 0
      vertex 23 31 4.63361
      vertex 24 31 0.982771
    endloop
  endfacet
  facet normal 0 1 0
    outer loop
      vertex 23 31 4.63361
      vertex 3 31 0
      vertex 3 31 11.9
    endloop
  endfacet
  facet normal 0 1 0
    outer loop
      vertex 3 31 0
      vertex 24 31 0.982771
      vertex 53 31 0
    endloop
  endfacet
  facet normal 0 1 0
    outer loop
      vertex 32 31 10.9172
      vertex 33 31 7.26639
      vertex 32 31 7.26639
    endloop
  endfacet
  facet normal 0 1 -0
    outer loop
      vertex 42.4306 31 7.12504
      vertex 32 31 10.9172
      vertex 42.7128 31 7.18118
    endloop
  endfacet
  facet normal 0 1 -0
    outer loop
      vertex 42.1581 31 7.03253
      vertex 32 31 10.9172
      vertex 42.4306 31 7.12504
    endloop
  endfacet
  facet normal 0 1 -0
    outer loop
      vertex 41.9 31 6.90526
      vertex 32 31 10.9172
      vertex 42.1581 31 7.03253
    endloop
  endfacet
  facet normal 0 1 -0
    outer loop
      vertex 41.6607 31 6.74538
      vertex 32 31 10.9172
      vertex 41.9 31 6.90526
    endloop
  endfacet
  facet normal 0 1 -0
    outer loop
      vertex 41.4444 31 6.55563
      vertex 32 31 10.9172
      vertex 41.6607 31 6.74538
    endloop
  endfacet
  facet normal 0 1 0
    outer loop
      vertex 32 31 10.9172
      vertex 41.4444 31 6.55563
      vertex 33 31 7.26639
    endloop
  endfacet
  facet normal 0 1 -0
    outer loop
      vertex 41.2546 31 6.33927
      vertex 33 31 7.26639
      vertex 41.4444 31 6.55563
    endloop
  endfacet
  facet normal 0 1 -0
    outer loop
      vertex 41.0947 31 6.1
      vertex 33 31 7.26639
      vertex 41.2546 31 6.33927
    endloop
  endfacet
  facet normal 0 1 -0
    outer loop
      vertex 40.9675 31 5.8419
      vertex 33 31 7.26639
      vertex 41.0947 31 6.1
    endloop
  endfacet
  facet normal 0 1 -0
    outer loop
      vertex 40.875 31 5.5694
      vertex 33 31 7.26639
      vertex 40.9675 31 5.8419
    endloop
  endfacet
  facet normal 0 1 -0
    outer loop
      vertex 40.8188 31 5.28716
      vertex 33 31 7.26639
      vertex 40.875 31 5.5694
    endloop
  endfacet
  facet normal 0 1 0
    outer loop
      vertex 33 31 4.63361
      vertex 40.8188 31 5.28716
      vertex 40.8 31 5
    endloop
  endfacet
  facet normal 0 1 0
    outer loop
      vertex 33 31 4.63361
      vertex 40.8 31 5
      vertex 40.8188 31 4.71284
    endloop
  endfacet
  facet normal 0 1 0
    outer loop
      vertex 40.8188 31 5.28716
      vertex 33 31 4.63361
      vertex 33 31 7.26639
    endloop
  endfacet
  facet normal 0 1 0
    outer loop
      vertex 40.875 31 4.4306
      vertex 33 31 4.63361
      vertex 40.8188 31 4.71284
    endloop
  endfacet
  facet normal 0 1 0
    outer loop
      vertex 40.9675 31 4.1581
      vertex 33 31 4.63361
      vertex 40.875 31 4.4306
    endloop
  endfacet
  facet normal 0 1 0
    outer loop
      vertex 41.0947 31 3.9
      vertex 33 31 4.63361
      vertex 40.9675 31 4.1581
    endloop
  endfacet
  facet normal 0 1 0
    outer loop
      vertex 33 31 4.63361
      vertex 41.0947 31 3.9
      vertex 32 31 0.982771
    endloop
  endfacet
  facet normal 0 1 0
    outer loop
      vertex 32 31 0.982771
      vertex 41.0947 31 3.9
      vertex 41.2546 31 3.66072
    endloop
  endfacet
  facet normal 0 1 0
    outer loop
      vertex 32 31 0.982771
      vertex 41.2546 31 3.66072
      vertex 41.4444 31 3.44436
    endloop
  endfacet
  facet normal 0 1 0
    outer loop
      vertex 32 31 0.982771
      vertex 41.4444 31 3.44436
      vertex 41.6607 31 3.25462
    endloop
  endfacet
  facet normal 0 1 0
    outer loop
      vertex 32 31 0.982771
      vertex 41.6607 31 3.25462
      vertex 41.9 31 3.09474
    endloop
  endfacet
  facet normal 0 1 0
    outer loop
      vertex 32 31 0.982771
      vertex 41.9 31 3.09474
      vertex 42.1581 31 2.96746
    endloop
  endfacet
  facet normal 0 1 0
    outer loop
      vertex 32 31 0.982771
      vertex 42.1581 31 2.96746
      vertex 42.4306 31 2.87496
    endloop
  endfacet
  facet normal 0 1 0
    outer loop
      vertex 32 31 0.982771
      vertex 42.4306 31 2.87496
      vertex 42.7128 31 2.81882
    endloop
  endfacet
  facet normal 0 1 0
    outer loop
      vertex 33 31 4.63361
      vertex 32 31 0.982771
      vertex 32 31 4.63361
    endloop
  endfacet
  facet normal 0 1 0
    outer loop
      vertex 32 31 0.982771
      vertex 42.7128 31 2.81882
      vertex 43 31 2.8
    endloop
  endfacet
  facet normal 0.831501 0.555523 0
    outer loop
      vertex 55.5981 29.5 11.9
      vertex 55.3801 29.8263 0
      vertex 55.3801 29.8263 11.9
    endloop
  endfacet
  facet normal 0.831501 0.555523 0
    outer loop
      vertex 55.3801 29.8263 0
      vertex 55.5981 29.5 11.9
      vertex 55.5981 29.5 0
    endloop
  endfacet
  facet normal -0.321574 0.946885 0
    outer loop
      vertex 2.22354 30.8978 0
      vertex 1.85194 30.7716 11.9
      vertex 2.22354 30.8978 11.9
    endloop
  endfacet
  facet normal -0.321574 0.946885 0
    outer loop
      vertex 1.85194 30.7716 11.9
      vertex 2.22354 30.8978 0
      vertex 1.85194 30.7716 0
    endloop
  endfacet
  facet normal -0.831481 0.555553 0
    outer loop
      vertex 0.401917 29.5 0
      vertex 0.619934 29.8263 11.9
      vertex 0.619934 29.8263 0
    endloop
  endfacet
  facet normal -0.831481 0.555553 0
    outer loop
      vertex 0.619934 29.8263 11.9
      vertex 0.401917 29.5 0
      vertex 0.401917 29.5 11.9
    endloop
  endfacet
  facet normal -0.997859 0.0653993 0
    outer loop
      vertex 0 28 0
      vertex 0.0256653 28.3916 11.9
      vertex 0.0256653 28.3916 0
    endloop
  endfacet
  facet normal -0.997859 0.0653993 0
    outer loop
      vertex 0.0256653 28.3916 11.9
      vertex 0 28 0
      vertex 0 28 11.9
    endloop
  endfacet
  facet normal -0.555577 -0.831465 0
    outer loop
      vertex 1.17372 0.619934 0
      vertex 1.5 0.401917 11.9
      vertex 1.17372 0.619934 11.9
    endloop
  endfacet
  facet normal -0.555577 -0.831465 -0
    outer loop
      vertex 1.5 0.401917 11.9
      vertex 1.17372 0.619934 0
      vertex 1.5 0.401917 0
    endloop
  endfacet
  facet normal -0.194945 0.980814 0
    outer loop
      vertex 2.60843 30.9743 0
      vertex 2.22354 30.8978 11.9
      vertex 2.60843 30.9743 11.9
    endloop
  endfacet
  facet normal -0.194945 0.980814 0
    outer loop
      vertex 2.22354 30.8978 11.9
      vertex 2.60843 30.9743 0
      vertex 2.22354 30.8978 0
    endloop
  endfacet
  facet normal 0.896931 -0.442171 0
    outer loop
      vertex 55.5981 1.5 11.9
      vertex 55.7716 1.85194 0
      vertex 55.7716 1.85194 11.9
    endloop
  endfacet
  facet normal 0.896931 -0.442171 0
    outer loop
      vertex 55.7716 1.85194 0
      vertex 55.5981 1.5 11.9
      vertex 55.5981 1.5 0
    endloop
  endfacet
  facet normal 0.659396 -0.751796 0
    outer loop
      vertex 54.8263 0.619934 0
      vertex 55.1213 0.878677 11.9
      vertex 54.8263 0.619934 11.9
    endloop
  endfacet
  facet normal 0.659396 -0.751796 0
    outer loop
      vertex 55.1213 0.878677 11.9
      vertex 54.8263 0.619934 0
      vertex 55.1213 0.878677 0
    endloop
  endfacet
  facet normal 0.555523 0.831501 -0
    outer loop
      vertex 54.8263 30.3801 0
      vertex 54.5 30.5981 11.9
      vertex 54.8263 30.3801 11.9
    endloop
  endfacet
  facet normal 0.555523 0.831501 0
    outer loop
      vertex 54.5 30.5981 11.9
      vertex 54.8263 30.3801 0
      vertex 54.5 30.5981 0
    endloop
  endfacet
  facet normal 0.442211 0.896911 -0
    outer loop
      vertex 54.5 30.5981 0
      vertex 54.1481 30.7716 11.9
      vertex 54.5 30.5981 11.9
    endloop
  endfacet
  facet normal 0.442211 0.896911 0
    outer loop
      vertex 54.1481 30.7716 11.9
      vertex 54.5 30.5981 0
      vertex 54.1481 30.7716 0
    endloop
  endfacet
  facet normal 0.946885 0.321574 0
    outer loop
      vertex 55.8978 28.7765 11.9
      vertex 55.7716 29.1481 0
      vertex 55.7716 29.1481 11.9
    endloop
  endfacet
  facet normal 0.946885 0.321574 0
    outer loop
      vertex 55.7716 29.1481 0
      vertex 55.8978 28.7765 11.9
      vertex 55.8978 28.7765 0
    endloop
  endfacet
  facet normal 0.19494 0.980815 -0
    outer loop
      vertex 53.7765 30.8978 0
      vertex 53.3916 30.9743 11.9
      vertex 53.7765 30.8978 11.9
    endloop
  endfacet
  facet normal 0.19494 0.980815 0
    outer loop
      vertex 53.3916 30.9743 11.9
      vertex 53.7765 30.8978 0
      vertex 53.3916 30.9743 0
    endloop
  endfacet
  facet normal 0.997853 0.0654873 0
    outer loop
      vertex 56 28 11.9
      vertex 55.9743 28.3916 0
      vertex 55.9743 28.3916 11.9
    endloop
  endfacet
  facet normal 0.997853 0.0654873 0
    outer loop
      vertex 55.9743 28.3916 0
      vertex 56 28 11.9
      vertex 56 28 0
    endloop
  endfacet
  facet normal -0.555547 0.831485 0
    outer loop
      vertex 1.5 30.5981 0
      vertex 1.17372 30.3801 11.9
      vertex 1.5 30.5981 11.9
    endloop
  endfacet
  facet normal -0.555547 0.831485 0
    outer loop
      vertex 1.17372 30.3801 11.9
      vertex 1.5 30.5981 0
      vertex 1.17372 30.3801 0
    endloop
  endfacet
  facet normal 0.831485 -0.555547 0
    outer loop
      vertex 55.3801 1.17372 11.9
      vertex 55.5981 1.5 0
      vertex 55.5981 1.5 11.9
    endloop
  endfacet
  facet normal 0.831485 -0.555547 0
    outer loop
      vertex 55.5981 1.5 0
      vertex 55.3801 1.17372 11.9
      vertex 55.3801 1.17372 0
    endloop
  endfacet
  facet normal 0.751771 -0.659424 0
    outer loop
      vertex 55.1213 0.878677 11.9
      vertex 55.3801 1.17372 0
      vertex 55.3801 1.17372 11.9
    endloop
  endfacet
  facet normal 0.751771 -0.659424 0
    outer loop
      vertex 55.3801 1.17372 0
      vertex 55.1213 0.878677 11.9
      vertex 55.1213 0.878677 0
    endloop
  endfacet
  facet normal -0.997859 -0.0654043 0
    outer loop
      vertex 0.0256653 2.60843 0
      vertex 0 3 11.9
      vertex 0 3 0
    endloop
  endfacet
  facet normal -0.997859 -0.0654043 0
    outer loop
      vertex 0 3 11.9
      vertex 0.0256653 2.60843 0
      vertex 0.0256653 2.60843 11.9
    endloop
  endfacet
  facet normal -0.980789 0.195072 0
    outer loop
      vertex 0.0256653 28.3916 0
      vertex 0.102219 28.7765 11.9
      vertex 0.102219 28.7765 0
    endloop
  endfacet
  facet normal -0.980789 0.195072 0
    outer loop
      vertex 0.102219 28.7765 11.9
      vertex 0.0256653 28.3916 0
      vertex 0.0256653 28.3916 11.9
    endloop
  endfacet
  facet normal 0.946885 -0.321574 0
    outer loop
      vertex 55.7716 1.85194 11.9
      vertex 55.8978 2.22354 0
      vertex 55.8978 2.22354 11.9
    endloop
  endfacet
  facet normal 0.946885 -0.321574 0
    outer loop
      vertex 55.8978 2.22354 0
      vertex 55.7716 1.85194 11.9
      vertex 55.7716 1.85194 0
    endloop
  endfacet
  facet normal 0.659478 0.751724 -0
    outer loop
      vertex 55.1213 30.1213 0
      vertex 54.8263 30.3801 11.9
      vertex 55.1213 30.1213 11.9
    endloop
  endfacet
  facet normal 0.659478 0.751724 0
    outer loop
      vertex 54.8263 30.3801 11.9
      vertex 55.1213 30.1213 0
      vertex 54.8263 30.3801 0
    endloop
  endfacet
  facet normal 0.896911 0.442211 0
    outer loop
      vertex 55.7716 29.1481 11.9
      vertex 55.5981 29.5 0
      vertex 55.5981 29.5 11.9
    endloop
  endfacet
  facet normal 0.896911 0.442211 0
    outer loop
      vertex 55.5981 29.5 0
      vertex 55.7716 29.1481 11.9
      vertex 55.7716 29.1481 0
    endloop
  endfacet
  facet normal 0.980815 0.19494 0
    outer loop
      vertex 55.9743 28.3916 11.9
      vertex 55.8978 28.7765 0
      vertex 55.8978 28.7765 11.9
    endloop
  endfacet
  facet normal 0.980815 0.19494 0
    outer loop
      vertex 55.8978 28.7765 0
      vertex 55.9743 28.3916 11.9
      vertex 55.9743 28.3916 0
    endloop
  endfacet
  facet normal -0.980788 -0.195076 0
    outer loop
      vertex 0.102219 2.22354 0
      vertex 0.0256653 2.60843 11.9
      vertex 0.0256653 2.60843 0
    endloop
  endfacet
  facet normal -0.980788 -0.195076 0
    outer loop
      vertex 0.0256653 2.60843 11.9
      vertex 0.102219 2.22354 0
      vertex 0.102219 2.22354 11.9
    endloop
  endfacet
  facet normal -0.946928 -0.321446 0
    outer loop
      vertex 0.228363 1.85194 0
      vertex 0.102219 2.22354 11.9
      vertex 0.102219 2.22354 0
    endloop
  endfacet
  facet normal -0.946928 -0.321446 0
    outer loop
      vertex 0.102219 2.22354 11.9
      vertex 0.228363 1.85194 0
      vertex 0.228363 1.85194 11.9
    endloop
  endfacet
  facet normal -0.831465 -0.555577 0
    outer loop
      vertex 0.619934 1.17372 0
      vertex 0.401917 1.5 11.9
      vertex 0.401917 1.5 0
    endloop
  endfacet
  facet normal -0.831465 -0.555577 0
    outer loop
      vertex 0.401917 1.5 11.9
      vertex 0.619934 1.17372 0
      vertex 0.619934 1.17372 11.9
    endloop
  endfacet
  facet normal -0.751843 -0.659342 0
    outer loop
      vertex 0.878677 0.878677 0
      vertex 0.619934 1.17372 11.9
      vertex 0.619934 1.17372 0
    endloop
  endfacet
  facet normal -0.751843 -0.659342 0
    outer loop
      vertex 0.619934 1.17372 11.9
      vertex 0.878677 0.878677 0
      vertex 0.878677 0.878677 11.9
    endloop
  endfacet
  facet normal 0 0 -1
    outer loop
      vertex 53 0 0
      vertex 56 3 0
      vertex 55.9743 2.60843 0
    endloop
  endfacet
  facet normal -0 0 -1
    outer loop
      vertex 56 3 0
      vertex 53 0 0
      vertex 56 28 0
    endloop
  endfacet
  facet normal 0 0 -1
    outer loop
      vertex 53 0 0
      vertex 55.9743 2.60843 0
      vertex 55.8978 2.22354 0
    endloop
  endfacet
  facet normal 0 0 -1
    outer loop
      vertex 53 31 0
      vertex 56 28 0
      vertex 53 0 0
    endloop
  endfacet
  facet normal 0 0 -1
    outer loop
      vertex 53 0 0
      vertex 55.8978 2.22354 0
      vertex 55.7716 1.85194 0
    endloop
  endfacet
  facet normal 0 0 -1
    outer loop
      vertex 56 28 0
      vertex 53 31 0
      vertex 55.9743 28.3916 0
    endloop
  endfacet
  facet normal 0 0 -1
    outer loop
      vertex 53 0 0
      vertex 55.7716 1.85194 0
      vertex 55.5981 1.5 0
    endloop
  endfacet
  facet normal 0 0 -1
    outer loop
      vertex 55.9743 28.3916 0
      vertex 53 31 0
      vertex 55.8978 28.7765 0
    endloop
  endfacet
  facet normal 0 0 -1
    outer loop
      vertex 53 0 0
      vertex 55.5981 1.5 0
      vertex 55.3801 1.17372 0
    endloop
  endfacet
  facet normal 0 0 -1
    outer loop
      vertex 55.8978 28.7765 0
      vertex 53 31 0
      vertex 55.7716 29.1481 0
    endloop
  endfacet
  facet normal 0 0 -1
    outer loop
      vertex 53 0 0
      vertex 55.3801 1.17372 0
      vertex 55.1213 0.878677 0
    endloop
  endfacet
  facet normal 0 0 -1
    outer loop
      vertex 55.7716 29.1481 0
      vertex 53 31 0
      vertex 55.5981 29.5 0
    endloop
  endfacet
  facet normal 0 0 -1
    outer loop
      vertex 53 0 0
      vertex 55.1213 0.878677 0
      vertex 54.8263 0.619934 0
    endloop
  endfacet
  facet normal 0 0 -1
    outer loop
      vertex 55.5981 29.5 0
      vertex 53 31 0
      vertex 55.3801 29.8263 0
    endloop
  endfacet
  facet normal 0 0 -1
    outer loop
      vertex 53 0 0
      vertex 54.8263 0.619934 0
      vertex 54.5 0.401917 0
    endloop
  endfacet
  facet normal 0 0 -1
    outer loop
      vertex 55.3801 29.8263 0
      vertex 53 31 0
      vertex 55.1213 30.1213 0
    endloop
  endfacet
  facet normal 0 0 -1
    outer loop
      vertex 53 0 0
      vertex 54.5 0.401917 0
      vertex 54.1481 0.228363 0
    endloop
  endfacet
  facet normal 0 0 -1
    outer loop
      vertex 55.1213 30.1213 0
      vertex 53 31 0
      vertex 54.8263 30.3801 0
    endloop
  endfacet
  facet normal 0 0 -1
    outer loop
      vertex 53 0 0
      vertex 54.1481 0.228363 0
      vertex 53.7765 0.102219 0
    endloop
  endfacet
  facet normal 0 0 -1
    outer loop
      vertex 54.8263 30.3801 0
      vertex 53 31 0
      vertex 54.5 30.5981 0
    endloop
  endfacet
  facet normal 0 0 -1
    outer loop
      vertex 53 0 0
      vertex 53.7765 0.102219 0
      vertex 53.3916 0.0256653 0
    endloop
  endfacet
  facet normal 0 0 -1
    outer loop
      vertex 54.5 30.5981 0
      vertex 53 31 0
      vertex 54.1481 30.7716 0
    endloop
  endfacet
  facet normal 0 0 -1
    outer loop
      vertex 54.1481 30.7716 0
      vertex 53 31 0
      vertex 53.7765 30.8978 0
    endloop
  endfacet
  facet normal 0 0 -1
    outer loop
      vertex 53.7765 30.8978 0
      vertex 53 31 0
      vertex 53.3916 30.9743 0
    endloop
  endfacet
  facet normal 0 0 -1
    outer loop
      vertex 19.4949 4.97832 0
      vertex 53 0 0
      vertex 19.5 4.9 0
    endloop
  endfacet
  facet normal 0 0 -1
    outer loop
      vertex 53 0 0
      vertex 19.4949 4.82168 0
      vertex 19.5 4.9 0
    endloop
  endfacet
  facet normal 0 0 -1
    outer loop
      vertex 53 0 0
      vertex 19.4796 4.74471 0
      vertex 19.4949 4.82168 0
    endloop
  endfacet
  facet normal 0 0 -1
    outer loop
      vertex 53 0 0
      vertex 19.4543 4.67039 0
      vertex 19.4796 4.74471 0
    endloop
  endfacet
  facet normal 0 0 -1
    outer loop
      vertex 53 0 0
      vertex 19.4196 4.6 0
      vertex 19.4543 4.67039 0
    endloop
  endfacet
  facet normal 0 0 -1
    outer loop
      vertex 53 0 0
      vertex 19.376 4.53474 0
      vertex 19.4196 4.6 0
    endloop
  endfacet
  facet normal 0 0 -1
    outer loop
      vertex 53 0 0
      vertex 19.3243 4.47574 0
      vertex 19.376 4.53474 0
    endloop
  endfacet
  facet normal 0 0 -1
    outer loop
      vertex 53 0 0
      vertex 19.2653 4.42399 0
      vertex 19.3243 4.47574 0
    endloop
  endfacet
  facet normal 0 0 -1
    outer loop
      vertex 53 0 0
      vertex 19.2 4.38038 0
      vertex 19.2653 4.42399 0
    endloop
  endfacet
  facet normal 0 0 -1
    outer loop
      vertex 53 0 0
      vertex 19.1296 4.34567 0
      vertex 19.2 4.38038 0
    endloop
  endfacet
  facet normal 0 0 -1
    outer loop
      vertex 53 0 0
      vertex 19.0553 4.32044 0
      vertex 19.1296 4.34567 0
    endloop
  endfacet
  facet normal 0 0 -1
    outer loop
      vertex 53 0 0
      vertex 18.9783 4.30513 0
      vertex 19.0553 4.32044 0
    endloop
  endfacet
  facet normal 0 0 -1
    outer loop
      vertex 3 0 0
      vertex 18.9783 4.30513 0
      vertex 53 0 0
    endloop
  endfacet
  facet normal 0 0 -1
    outer loop
      vertex 18.9783 4.30513 0
      vertex 3 0 0
      vertex 18.9 4.3 0
    endloop
  endfacet
  facet normal 0 0 -1
    outer loop
      vertex 53 31 0
      vertex 17.8529 23.7321 0
      vertex 17.9 24.45 0
    endloop
  endfacet
  facet normal 0 0 -1
    outer loop
      vertex 18.3051 4.97832 0
      vertex 17.7126 23.0265 0
      vertex 17.8529 23.7321 0
    endloop
  endfacet
  facet normal 0 0 -1
    outer loop
      vertex 18.3051 4.97832 0
      vertex 17.4813 22.3452 0
      vertex 17.7126 23.0265 0
    endloop
  endfacet
  facet normal 0 0 -1
    outer loop
      vertex 18.3051 4.97832 0
      vertex 17.1631 21.7 0
      vertex 17.4813 22.3452 0
    endloop
  endfacet
  facet normal 0 0 -1
    outer loop
      vertex 3 0 0
      vertex 18.3 4.9 0
      vertex 18.3051 4.82168 0
    endloop
  endfacet
  facet normal 0 0 -1
    outer loop
      vertex 18.3051 4.97832 0
      vertex 16.7634 21.1018 0
      vertex 17.1631 21.7 0
    endloop
  endfacet
  facet normal 0 0 -1
    outer loop
      vertex 18.3051 4.97832 0
      vertex 16.2891 20.5609 0
      vertex 16.7634 21.1018 0
    endloop
  endfacet
  facet normal 0 0 -1
    outer loop
      vertex 18.3051 4.97832 0
      vertex 15.7482 20.0866 0
      vertex 16.2891 20.5609 0
    endloop
  endfacet
  facet normal 0 0 -1
    outer loop
      vertex 18.3051 4.97832 0
      vertex 15.15 19.6869 0
      vertex 15.7482 20.0866 0
    endloop
  endfacet
  facet normal 0 0 -1
    outer loop
      vertex 3 0 0
      vertex 18.3051 4.82168 0
      vertex 18.3204 4.74471 0
    endloop
  endfacet
  facet normal 0 0 -1
    outer loop
      vertex 18.3051 4.97832 0
      vertex 14.5048 19.3687 0
      vertex 15.15 19.6869 0
    endloop
  endfacet
  facet normal 0 0 -1
    outer loop
      vertex 18.3051 4.97832 0
      vertex 13.8235 19.1374 0
      vertex 14.5048 19.3687 0
    endloop
  endfacet
  facet normal 0 0 -1
    outer loop
      vertex 18.3051 4.97832 0
      vertex 13.1179 18.9971 0
      vertex 13.8235 19.1374 0
    endloop
  endfacet
  facet normal 0 0 -1
    outer loop
      vertex 3 0 0
      vertex 18.3204 4.74471 0
      vertex 18.3457 4.67039 0
    endloop
  endfacet
  facet normal 0 0 -1
    outer loop
      vertex 18.3051 4.97832 0
      vertex 12.4 18.95 0
      vertex 13.1179 18.9971 0
    endloop
  endfacet
  facet normal 0 0 -1
    outer loop
      vertex 18.3051 4.97832 0
      vertex 11.6821 18.9971 0
      vertex 12.4 18.95 0
    endloop
  endfacet
  facet normal 0 0 -1
    outer loop
      vertex 18.3051 4.97832 0
      vertex 10.9765 19.1374 0
      vertex 11.6821 18.9971 0
    endloop
  endfacet
  facet normal 0 0 -1
    outer loop
      vertex 3 0 0
      vertex 18.3457 4.67039 0
      vertex 18.3804 4.6 0
    endloop
  endfacet
  facet normal -0 0 -1
    outer loop
      vertex 18.3051 4.97832 0
      vertex 0 3 0
      vertex 10.9765 19.1374 0
    endloop
  endfacet
  facet normal -0 0 -1
    outer loop
      vertex 10.9765 19.1374 0
      vertex 0 3 0
      vertex 10.2952 19.3687 0
    endloop
  endfacet
  facet normal -0 0 -1
    outer loop
      vertex 10.2952 19.3687 0
      vertex 0 3 0
      vertex 9.65 19.6869 0
    endloop
  endfacet
  facet normal -0 0 -1
    outer loop
      vertex 9.65 19.6869 0
      vertex 0 3 0
      vertex 9.05181 20.0866 0
    endloop
  endfacet
  facet normal -0 0 -1
    outer loop
      vertex 9.05181 20.0866 0
      vertex 0 3 0
      vertex 8.51091 20.5609 0
    endloop
  endfacet
  facet normal -0 0 -1
    outer loop
      vertex 8.51091 20.5609 0
      vertex 0 3 0
      vertex 8.03656 21.1018 0
    endloop
  endfacet
  facet normal 0 0 -1
    outer loop
      vertex 7.31866 22.3452 0
      vertex 0 28 0
      vertex 7.08741 23.0265 0
    endloop
  endfacet
  facet normal 0 0 -1
    outer loop
      vertex 7.63686 21.7 0
      vertex 0 28 0
      vertex 7.31866 22.3452 0
    endloop
  endfacet
  facet normal 0 0 -1
    outer loop
      vertex 0 28 0
      vertex 7.63686 21.7 0
      vertex 0 3 0
    endloop
  endfacet
  facet normal -0 0 -1
    outer loop
      vertex 8.03656 21.1018 0
      vertex 0 3 0
      vertex 7.63686 21.7 0
    endloop
  endfacet
  facet normal 0 0 -1
    outer loop
      vertex 18.3051 4.97832 0
      vertex 3 0 0
      vertex 0 3 0
    endloop
  endfacet
  facet normal -0 0 -1
    outer loop
      vertex 18.424 4.53474 0
      vertex 3 0 0
      vertex 18.3804 4.6 0
    endloop
  endfacet
  facet normal -0 0 -1
    outer loop
      vertex 18.4757 4.47574 0
      vertex 3 0 0
      vertex 18.424 4.53474 0
    endloop
  endfacet
  facet normal -0 0 -1
    outer loop
      vertex 18.5347 4.42399 0
      vertex 3 0 0
      vertex 18.4757 4.47574 0
    endloop
  endfacet
  facet normal -0 0 -1
    outer loop
      vertex 18.6 4.38038 0
      vertex 3 0 0
      vertex 18.5347 4.42399 0
    endloop
  endfacet
  facet normal -0 0 -1
    outer loop
      vertex 18.6704 4.34567 0
      vertex 3 0 0
      vertex 18.6 4.38038 0
    endloop
  endfacet
  facet normal -0 0 -1
    outer loop
      vertex 18.7447 4.32044 0
      vertex 3 0 0
      vertex 18.6704 4.34567 0
    endloop
  endfacet
  facet normal -0 0 -1
    outer loop
      vertex 18.8217 4.30513 0
      vertex 3 0 0
      vertex 18.7447 4.32044 0
    endloop
  endfacet
  facet normal -0 0 -1
    outer loop
      vertex 18.9 4.3 0
      vertex 3 0 0
      vertex 18.8217 4.30513 0
    endloop
  endfacet
  facet normal 0 0 -1
    outer loop
      vertex 19.4796 5.05529 0
      vertex 53 0 0
      vertex 19.4949 4.97832 0
    endloop
  endfacet
  facet normal 0 0 -1
    outer loop
      vertex 19.4543 5.12961 0
      vertex 53 0 0
      vertex 19.4796 5.05529 0
    endloop
  endfacet
  facet normal 0 0 -1
    outer loop
      vertex 19.4196 5.2 0
      vertex 53 0 0
      vertex 19.4543 5.12961 0
    endloop
  endfacet
  facet normal 0 0 -1
    outer loop
      vertex 53 0 0
      vertex 19.4196 5.2 0
      vertex 53 31 0
    endloop
  endfacet
  facet normal 0 0 -1
    outer loop
      vertex 17.8529 23.7321 0
      vertex 19.4196 5.2 0
      vertex 19.376 5.26526 0
    endloop
  endfacet
  facet normal 0 0 -1
    outer loop
      vertex 17.8529 23.7321 0
      vertex 19.376 5.26526 0
      vertex 19.3243 5.32426 0
    endloop
  endfacet
  facet normal 0 0 -1
    outer loop
      vertex 17.8529 23.7321 0
      vertex 19.3243 5.32426 0
      vertex 19.2653 5.37601 0
    endloop
  endfacet
  facet normal 0 0 -1
    outer loop
      vertex 17.8529 23.7321 0
      vertex 19.2653 5.37601 0
      vertex 19.2 5.41961 0
    endloop
  endfacet
  facet normal 0 0 -1
    outer loop
      vertex 17.8529 23.7321 0
      vertex 19.2 5.41961 0
      vertex 19.1296 5.45433 0
    endloop
  endfacet
  facet normal 0 0 -1
    outer loop
      vertex 17.8529 23.7321 0
      vertex 19.1296 5.45433 0
      vertex 19.0553 5.47956 0
    endloop
  endfacet
  facet normal 0 0 -1
    outer loop
      vertex 17.8529 23.7321 0
      vertex 19.0553 5.47956 0
      vertex 18.9783 5.49487 0
    endloop
  endfacet
  facet normal 0 0 -1
    outer loop
      vertex 17.8529 23.7321 0
      vertex 18.9783 5.49487 0
      vertex 18.9 5.5 0
    endloop
  endfacet
  facet normal 0 0 -1
    outer loop
      vertex 17.8529 23.7321 0
      vertex 18.9 5.5 0
      vertex 18.8217 5.49487 0
    endloop
  endfacet
  facet normal 0 0 -1
    outer loop
      vertex 17.8529 23.7321 0
      vertex 18.8217 5.49487 0
      vertex 18.7447 5.47956 0
    endloop
  endfacet
  facet normal 0 0 -1
    outer loop
      vertex 17.8529 23.7321 0
      vertex 18.7447 5.47956 0
      vertex 18.6704 5.45433 0
    endloop
  endfacet
  facet normal 0 0 -1
    outer loop
      vertex 17.8529 23.7321 0
      vertex 18.6704 5.45433 0
      vertex 18.6 5.41961 0
    endloop
  endfacet
  facet normal 0 0 -1
    outer loop
      vertex 17.8529 23.7321 0
      vertex 18.6 5.41961 0
      vertex 18.5347 5.37601 0
    endloop
  endfacet
  facet normal 0 0 -1
    outer loop
      vertex 3 0 0
      vertex 18.3051 4.97832 0
      vertex 18.3 4.9 0
    endloop
  endfacet
  facet normal 0 0 -1
    outer loop
      vertex 17.8529 23.7321 0
      vertex 18.3204 5.05529 0
      vertex 18.3051 4.97832 0
    endloop
  endfacet
  facet normal 0 0 -1
    outer loop
      vertex 17.8529 23.7321 0
      vertex 18.3457 5.12961 0
      vertex 18.3204 5.05529 0
    endloop
  endfacet
  facet normal 0 0 -1
    outer loop
      vertex 17.8529 23.7321 0
      vertex 18.3804 5.2 0
      vertex 18.3457 5.12961 0
    endloop
  endfacet
  facet normal 0 0 -1
    outer loop
      vertex 17.8529 23.7321 0
      vertex 18.424 5.26526 0
      vertex 18.3804 5.2 0
    endloop
  endfacet
  facet normal 0 0 -1
    outer loop
      vertex 17.8529 23.7321 0
      vertex 18.4757 5.32426 0
      vertex 18.424 5.26526 0
    endloop
  endfacet
  facet normal 0 0 -1
    outer loop
      vertex 17.8529 23.7321 0
      vertex 18.5347 5.37601 0
      vertex 18.4757 5.32426 0
    endloop
  endfacet
  facet normal 0 0 -1
    outer loop
      vertex 17.8529 23.7321 0
      vertex 53 31 0
      vertex 19.4196 5.2 0
    endloop
  endfacet
  facet normal 0 0 -1
    outer loop
      vertex 17.8529 25.1679 0
      vertex 53 31 0
      vertex 17.9 24.45 0
    endloop
  endfacet
  facet normal 0 0 -1
    outer loop
      vertex 17.7126 25.8735 0
      vertex 53 31 0
      vertex 17.8529 25.1679 0
    endloop
  endfacet
  facet normal 0 0 -1
    outer loop
      vertex 17.4813 26.5548 0
      vertex 53 31 0
      vertex 17.7126 25.8735 0
    endloop
  endfacet
  facet normal 0 0 -1
    outer loop
      vertex 17.1631 27.2 0
      vertex 53 31 0
      vertex 17.4813 26.5548 0
    endloop
  endfacet
  facet normal 0 0 -1
    outer loop
      vertex 16.7634 27.7982 0
      vertex 53 31 0
      vertex 17.1631 27.2 0
    endloop
  endfacet
  facet normal 0 0 -1
    outer loop
      vertex 16.2891 28.3391 0
      vertex 53 31 0
      vertex 16.7634 27.7982 0
    endloop
  endfacet
  facet normal 0 0 -1
    outer loop
      vertex 15.7482 28.8134 0
      vertex 53 31 0
      vertex 16.2891 28.3391 0
    endloop
  endfacet
  facet normal 0 0 -1
    outer loop
      vertex 15.15 29.2131 0
      vertex 53 31 0
      vertex 15.7482 28.8134 0
    endloop
  endfacet
  facet normal 0 0 -1
    outer loop
      vertex 14.5048 29.5313 0
      vertex 53 31 0
      vertex 15.15 29.2131 0
    endloop
  endfacet
  facet normal 0 0 -1
    outer loop
      vertex 13.8235 29.7626 0
      vertex 53 31 0
      vertex 14.5048 29.5313 0
    endloop
  endfacet
  facet normal 0 0 -1
    outer loop
      vertex 13.1179 29.9029 0
      vertex 53 31 0
      vertex 13.8235 29.7626 0
    endloop
  endfacet
  facet normal 0 0 -1
    outer loop
      vertex 3 31 0
      vertex 13.1179 29.9029 0
      vertex 12.4 29.95 0
    endloop
  endfacet
  facet normal 0 0 -1
    outer loop
      vertex 7.08741 23.0265 0
      vertex 0 28 0
      vertex 6.94705 23.7321 0
    endloop
  endfacet
  facet normal 0 0 -1
    outer loop
      vertex 13.1179 29.9029 0
      vertex 3 31 0
      vertex 53 31 0
    endloop
  endfacet
  facet normal 0 0 -1
    outer loop
      vertex 11.6821 29.9029 0
      vertex 3 31 0
      vertex 12.4 29.95 0
    endloop
  endfacet
  facet normal 0 0 -1
    outer loop
      vertex 10.9765 29.7626 0
      vertex 3 31 0
      vertex 11.6821 29.9029 0
    endloop
  endfacet
  facet normal 0 0 -1
    outer loop
      vertex 10.2952 29.5313 0
      vertex 3 31 0
      vertex 10.9765 29.7626 0
    endloop
  endfacet
  facet normal 0 0 -1
    outer loop
      vertex 9.65 29.2131 0
      vertex 3 31 0
      vertex 10.2952 29.5313 0
    endloop
  endfacet
  facet normal 0 0 -1
    outer loop
      vertex 9.05181 28.8134 0
      vertex 3 31 0
      vertex 9.65 29.2131 0
    endloop
  endfacet
  facet normal 0 0 -1
    outer loop
      vertex 8.51091 28.3391 0
      vertex 3 31 0
      vertex 9.05181 28.8134 0
    endloop
  endfacet
  facet normal 0 0 -1
    outer loop
      vertex 8.03656 27.7982 0
      vertex 3 31 0
      vertex 8.51091 28.3391 0
    endloop
  endfacet
  facet normal 0 0 -1
    outer loop
      vertex 7.63686 27.2 0
      vertex 3 31 0
      vertex 8.03656 27.7982 0
    endloop
  endfacet
  facet normal 0 0 -1
    outer loop
      vertex 7.31866 26.5548 0
      vertex 3 31 0
      vertex 7.63686 27.2 0
    endloop
  endfacet
  facet normal 0 0 -1
    outer loop
      vertex 7.08741 25.8735 0
      vertex 3 31 0
      vertex 7.31866 26.5548 0
    endloop
  endfacet
  facet normal 0 0 -1
    outer loop
      vertex 0 28 0
      vertex 7.08741 25.8735 0
      vertex 6.94705 25.1679 0
    endloop
  endfacet
  facet normal 0 0 -1
    outer loop
      vertex 6.94705 23.7321 0
      vertex 0 28 0
      vertex 6.9 24.45 0
    endloop
  endfacet
  facet normal 0 0 -1
    outer loop
      vertex 0 3 0
      vertex 3 0 0
      vertex 2.60843 0.0256653 0
    endloop
  endfacet
  facet normal 0 0 -1
    outer loop
      vertex 6.9 24.45 0
      vertex 0 28 0
      vertex 6.94705 25.1679 0
    endloop
  endfacet
  facet normal 0 0 -1
    outer loop
      vertex 0 3 0
      vertex 2.60843 0.0256653 0
      vertex 2.22354 0.102219 0
    endloop
  endfacet
  facet normal 0 0 -1
    outer loop
      vertex 7.08741 25.8735 0
      vertex 0 28 0
      vertex 3 31 0
    endloop
  endfacet
  facet normal 0 0 -1
    outer loop
      vertex 0 3 0
      vertex 2.22354 0.102219 0
      vertex 1.85194 0.228363 0
    endloop
  endfacet
  facet normal 0 0 -1
    outer loop
      vertex 3 31 0
      vertex 0 28 0
      vertex 2.60843 30.9743 0
    endloop
  endfacet
  facet normal 0 0 -1
    outer loop
      vertex 0 3 0
      vertex 1.85194 0.228363 0
      vertex 1.5 0.401917 0
    endloop
  endfacet
  facet normal 0 0 -1
    outer loop
      vertex 2.60843 30.9743 0
      vertex 0 28 0
      vertex 2.22354 30.8978 0
    endloop
  endfacet
  facet normal 0 0 -1
    outer loop
      vertex 0 3 0
      vertex 1.5 0.401917 0
      vertex 1.17372 0.619934 0
    endloop
  endfacet
  facet normal 0 0 -1
    outer loop
      vertex 2.22354 30.8978 0
      vertex 0 28 0
      vertex 1.85194 30.7716 0
    endloop
  endfacet
  facet normal 0 0 -1
    outer loop
      vertex 0 3 0
      vertex 1.17372 0.619934 0
      vertex 0.878677 0.878677 0
    endloop
  endfacet
  facet normal 0 0 -1
    outer loop
      vertex 1.85194 30.7716 0
      vertex 0 28 0
      vertex 1.5 30.5981 0
    endloop
  endfacet
  facet normal 0 0 -1
    outer loop
      vertex 0 3 0
      vertex 0.878677 0.878677 0
      vertex 0.619934 1.17372 0
    endloop
  endfacet
  facet normal 0 0 -1
    outer loop
      vertex 1.5 30.5981 0
      vertex 0 28 0
      vertex 1.17372 30.3801 0
    endloop
  endfacet
  facet normal 0 0 -1
    outer loop
      vertex 0 3 0
      vertex 0.619934 1.17372 0
      vertex 0.401917 1.5 0
    endloop
  endfacet
  facet normal 0 0 -1
    outer loop
      vertex 1.17372 30.3801 0
      vertex 0 28 0
      vertex 0.878677 30.1213 0
    endloop
  endfacet
  facet normal 0 0 -1
    outer loop
      vertex 0 3 0
      vertex 0.401917 1.5 0
      vertex 0.228363 1.85194 0
    endloop
  endfacet
  facet normal 0 0 -1
    outer loop
      vertex 0.878677 30.1213 0
      vertex 0 28 0
      vertex 0.619934 29.8263 0
    endloop
  endfacet
  facet normal 0 0 -1
    outer loop
      vertex 0 3 0
      vertex 0.228363 1.85194 0
      vertex 0.102219 2.22354 0
    endloop
  endfacet
  facet normal 0 0 -1
    outer loop
      vertex 0.619934 29.8263 0
      vertex 0 28 0
      vertex 0.401917 29.5 0
    endloop
  endfacet
  facet normal 0 0 -1
    outer loop
      vertex 0 3 0
      vertex 0.102219 2.22354 0
      vertex 0.0256653 2.60843 0
    endloop
  endfacet
  facet normal 0 0 -1
    outer loop
      vertex 0.401917 29.5 0
      vertex 0 28 0
      vertex 0.228363 29.1481 0
    endloop
  endfacet
  facet normal 0 0 -1
    outer loop
      vertex 0.228363 29.1481 0
      vertex 0 28 0
      vertex 0.102219 28.7765 0
    endloop
  endfacet
  facet normal 0 0 -1
    outer loop
      vertex 0.102219 28.7765 0
      vertex 0 28 0
      vertex 0.0256653 28.3916 0
    endloop
  endfacet
  facet normal 0.997853 -0.0654923 0
    outer loop
      vertex 55.9743 2.60843 11.9
      vertex 56 3 0
      vertex 56 3 11.9
    endloop
  endfacet
  facet normal 0.997853 -0.0654923 0
    outer loop
      vertex 56 3 0
      vertex 55.9743 2.60843 11.9
      vertex 55.9743 2.60843 0
    endloop
  endfacet
  facet normal 0 0 1
    outer loop
      vertex 54.4 28 11.9
      vertex 56 28 11.9
      vertex 55.9743 28.3916 11.9
    endloop
  endfacet
  facet normal 0 0 1
    outer loop
      vertex 56 28 11.9
      vertex 54.4 28 11.9
      vertex 56 3 11.9
    endloop
  endfacet
  facet normal 0 0 1
    outer loop
      vertex 54.388 28.1827 11.9
      vertex 55.9743 28.3916 11.9
      vertex 55.8978 28.7765 11.9
    endloop
  endfacet
  facet normal 0 0 1
    outer loop
      vertex 54.4 3 11.9
      vertex 56 3 11.9
      vertex 54.4 28 11.9
    endloop
  endfacet
  facet normal 0 0 1
    outer loop
      vertex 54.3523 28.3624 11.9
      vertex 55.8978 28.7765 11.9
      vertex 55.7716 29.1481 11.9
    endloop
  endfacet
  facet normal 0 0 1
    outer loop
      vertex 56 3 11.9
      vertex 54.4 3 11.9
      vertex 55.9743 2.60843 11.9
    endloop
  endfacet
  facet normal 0 0 1
    outer loop
      vertex 54.2934 28.5358 11.9
      vertex 55.7716 29.1481 11.9
      vertex 55.5981 29.5 11.9
    endloop
  endfacet
  facet normal -0 0 1
    outer loop
      vertex 54.388 2.81726 11.9
      vertex 55.9743 2.60843 11.9
      vertex 54.4 3 11.9
    endloop
  endfacet
  facet normal 0 0 1
    outer loop
      vertex 54.2124 28.7 11.9
      vertex 55.5981 29.5 11.9
      vertex 55.3801 29.8263 11.9
    endloop
  endfacet
  facet normal 0 0 1
    outer loop
      vertex 55.9743 2.60843 11.9
      vertex 54.388 2.81726 11.9
      vertex 55.8978 2.22354 11.9
    endloop
  endfacet
  facet normal 0 0 1
    outer loop
      vertex 54.1107 28.8523 11.9
      vertex 55.3801 29.8263 11.9
      vertex 55.1213 30.1213 11.9
    endloop
  endfacet
  facet normal -0 0 1
    outer loop
      vertex 54.3523 2.63765 11.9
      vertex 55.8978 2.22354 11.9
      vertex 54.388 2.81726 11.9
    endloop
  endfacet
  facet normal 0 0 1
    outer loop
      vertex 53.9899 28.9899 11.9
      vertex 55.1213 30.1213 11.9
      vertex 54.8263 30.3801 11.9
    endloop
  endfacet
  facet normal 0 0 1
    outer loop
      vertex 55.8978 2.22354 11.9
      vertex 54.3523 2.63765 11.9
      vertex 55.7716 1.85194 11.9
    endloop
  endfacet
  facet normal 0 0 1
    outer loop
      vertex 53.8523 29.1107 11.9
      vertex 54.8263 30.3801 11.9
      vertex 54.5 30.5981 11.9
    endloop
  endfacet
  facet normal -0 0 1
    outer loop
      vertex 54.2934 2.46425 11.9
      vertex 55.7716 1.85194 11.9
      vertex 54.3523 2.63765 11.9
    endloop
  endfacet
  facet normal 0 0 1
    outer loop
      vertex 55.7716 1.85194 11.9
      vertex 54.2934 2.46425 11.9
      vertex 55.5981 1.5 11.9
    endloop
  endfacet
  facet normal 0 0 1
    outer loop
      vertex 55.9743 28.3916 11.9
      vertex 54.388 28.1827 11.9
      vertex 54.4 28 11.9
    endloop
  endfacet
  facet normal 0 0 1
    outer loop
      vertex 55.8978 28.7765 11.9
      vertex 54.3523 28.3624 11.9
      vertex 54.388 28.1827 11.9
    endloop
  endfacet
  facet normal 0 0 1
    outer loop
      vertex 55.7716 29.1481 11.9
      vertex 54.2934 28.5358 11.9
      vertex 54.3523 28.3624 11.9
    endloop
  endfacet
  facet normal 0 0 1
    outer loop
      vertex 55.5981 29.5 11.9
      vertex 54.2124 28.7 11.9
      vertex 54.2934 28.5358 11.9
    endloop
  endfacet
  facet normal 0 0 1
    outer loop
      vertex 53.7 29.2124 11.9
      vertex 54.5 30.5981 11.9
      vertex 54.1481 30.7716 11.9
    endloop
  endfacet
  facet normal 0 0 1
    outer loop
      vertex 55.3801 29.8263 11.9
      vertex 54.1107 28.8523 11.9
      vertex 54.2124 28.7 11.9
    endloop
  endfacet
  facet normal 0 0 1
    outer loop
      vertex 55.1213 30.1213 11.9
      vertex 53.9899 28.9899 11.9
      vertex 54.1107 28.8523 11.9
    endloop
  endfacet
  facet normal 0 0 1
    outer loop
      vertex 54.8263 30.3801 11.9
      vertex 53.8523 29.1107 11.9
      vertex 53.9899 28.9899 11.9
    endloop
  endfacet
  facet normal 0 0 1
    outer loop
      vertex 53.5358 29.2934 11.9
      vertex 54.1481 30.7716 11.9
      vertex 53.7765 30.8978 11.9
    endloop
  endfacet
  facet normal 0 0 1
    outer loop
      vertex 54.5 30.5981 11.9
      vertex 53.7 29.2124 11.9
      vertex 53.8523 29.1107 11.9
    endloop
  endfacet
  facet normal 0 0 1
    outer loop
      vertex 54.1481 30.7716 11.9
      vertex 53.5358 29.2934 11.9
      vertex 53.7 29.2124 11.9
    endloop
  endfacet
  facet normal 0 0 1
    outer loop
      vertex 53.3624 29.3523 11.9
      vertex 53.7765 30.8978 11.9
      vertex 53.3916 30.9743 11.9
    endloop
  endfacet
  facet normal 0 0 1
    outer loop
      vertex 53.7765 30.8978 11.9
      vertex 53.3624 29.3523 11.9
      vertex 53.5358 29.2934 11.9
    endloop
  endfacet
  facet normal 0 0 1
    outer loop
      vertex 53.3916 30.9743 11.9
      vertex 53.1827 29.388 11.9
      vertex 53.3624 29.3523 11.9
    endloop
  endfacet
  facet normal 0 0 1
    outer loop
      vertex 53 31 11.9
      vertex 53.1827 29.388 11.9
      vertex 53.3916 30.9743 11.9
    endloop
  endfacet
  facet normal 0 0 1
    outer loop
      vertex 53 31 11.9
      vertex 53 29.4 11.9
      vertex 53.1827 29.388 11.9
    endloop
  endfacet
  facet normal -0 0 1
    outer loop
      vertex 3 31 11.9
      vertex 53 29.4 11.9
      vertex 53 31 11.9
    endloop
  endfacet
  facet normal 0 0 1
    outer loop
      vertex 3 31 11.9
      vertex 3 29.4 11.9
      vertex 53 29.4 11.9
    endloop
  endfacet
  facet normal 0 0 1
    outer loop
      vertex 3 31 11.9
      vertex 2.81726 29.388 11.9
      vertex 3 29.4 11.9
    endloop
  endfacet
  facet normal -0 0 1
    outer loop
      vertex 2.60843 30.9743 11.9
      vertex 2.81726 29.388 11.9
      vertex 3 31 11.9
    endloop
  endfacet
  facet normal 0 0 1
    outer loop
      vertex 2.81726 29.388 11.9
      vertex 2.60843 30.9743 11.9
      vertex 2.63765 29.3523 11.9
    endloop
  endfacet
  facet normal -0 0 1
    outer loop
      vertex 2.22354 30.8978 11.9
      vertex 2.63765 29.3523 11.9
      vertex 2.60843 30.9743 11.9
    endloop
  endfacet
  facet normal 0 0 1
    outer loop
      vertex 2.63765 29.3523 11.9
      vertex 2.22354 30.8978 11.9
      vertex 2.46425 29.2934 11.9
    endloop
  endfacet
  facet normal -0 0 1
    outer loop
      vertex 1.85194 30.7716 11.9
      vertex 2.46425 29.2934 11.9
      vertex 2.22354 30.8978 11.9
    endloop
  endfacet
  facet normal 0 0 1
    outer loop
      vertex 2.46425 29.2934 11.9
      vertex 1.85194 30.7716 11.9
      vertex 2.3 29.2124 11.9
    endloop
  endfacet
  facet normal -0 0 1
    outer loop
      vertex 1.5 30.5981 11.9
      vertex 2.3 29.2124 11.9
      vertex 1.85194 30.7716 11.9
    endloop
  endfacet
  facet normal 0 0 1
    outer loop
      vertex 2.3 29.2124 11.9
      vertex 1.5 30.5981 11.9
      vertex 2.14774 29.1107 11.9
    endloop
  endfacet
  facet normal -0 0 1
    outer loop
      vertex 1.17372 30.3801 11.9
      vertex 2.14774 29.1107 11.9
      vertex 1.5 30.5981 11.9
    endloop
  endfacet
  facet normal 0 0 1
    outer loop
      vertex 2.14774 29.1107 11.9
      vertex 1.17372 30.3801 11.9
      vertex 2.01006 28.9899 11.9
    endloop
  endfacet
  facet normal -0 0 1
    outer loop
      vertex 0.878677 30.1213 11.9
      vertex 2.01006 28.9899 11.9
      vertex 1.17372 30.3801 11.9
    endloop
  endfacet
  facet normal 0 0 1
    outer loop
      vertex 2.01006 28.9899 11.9
      vertex 0.878677 30.1213 11.9
      vertex 1.88931 28.8523 11.9
    endloop
  endfacet
  facet normal -0 0 1
    outer loop
      vertex 0.619934 29.8263 11.9
      vertex 1.88931 28.8523 11.9
      vertex 0.878677 30.1213 11.9
    endloop
  endfacet
  facet normal 0 0 1
    outer loop
      vertex 1.78757 28.7 11.9
      vertex 0.401917 29.5 11.9
      vertex 1.70657 28.5358 11.9
    endloop
  endfacet
  facet normal -0 0 1
    outer loop
      vertex 0.401917 29.5 11.9
      vertex 1.78757 28.7 11.9
      vertex 0.619934 29.8263 11.9
    endloop
  endfacet
  facet normal 0 0 1
    outer loop
      vertex 1.88931 28.8523 11.9
      vertex 0.619934 29.8263 11.9
      vertex 1.78757 28.7 11.9
    endloop
  endfacet
  facet normal -0 0 1
    outer loop
      vertex 54.2124 2.3 11.9
      vertex 55.5981 1.5 11.9
      vertex 54.2934 2.46425 11.9
    endloop
  endfacet
  facet normal 0 0 1
    outer loop
      vertex 55.5981 1.5 11.9
      vertex 54.2124 2.3 11.9
      vertex 55.3801 1.17372 11.9
    endloop
  endfacet
  facet normal -0 0 1
    outer loop
      vertex 54.1107 2.14774 11.9
      vertex 55.3801 1.17372 11.9
      vertex 54.2124 2.3 11.9
    endloop
  endfacet
  facet normal 0 0 1
    outer loop
      vertex 55.3801 1.17372 11.9
      vertex 54.1107 2.14774 11.9
      vertex 55.1213 0.878677 11.9
    endloop
  endfacet
  facet normal -0 0 1
    outer loop
      vertex 53.9899 2.01006 11.9
      vertex 55.1213 0.878677 11.9
      vertex 54.1107 2.14774 11.9
    endloop
  endfacet
  facet normal 0 0 1
    outer loop
      vertex 55.1213 0.878677 11.9
      vertex 53.9899 2.01006 11.9
      vertex 54.8263 0.619934 11.9
    endloop
  endfacet
  facet normal -0 0 1
    outer loop
      vertex 53.8523 1.88931 11.9
      vertex 54.8263 0.619934 11.9
      vertex 53.9899 2.01006 11.9
    endloop
  endfacet
  facet normal 0 0 1
    outer loop
      vertex 54.8263 0.619934 11.9
      vertex 53.8523 1.88931 11.9
      vertex 54.5 0.401917 11.9
    endloop
  endfacet
  facet normal -0 0 1
    outer loop
      vertex 53.7 1.78757 11.9
      vertex 54.5 0.401917 11.9
      vertex 53.8523 1.88931 11.9
    endloop
  endfacet
  facet normal 0 0 1
    outer loop
      vertex 54.5 0.401917 11.9
      vertex 53.7 1.78757 11.9
      vertex 54.1481 0.228363 11.9
    endloop
  endfacet
  facet normal -0 0 1
    outer loop
      vertex 53.5358 1.70657 11.9
      vertex 54.1481 0.228363 11.9
      vertex 53.7 1.78757 11.9
    endloop
  endfacet
  facet normal 0 0 1
    outer loop
      vertex 54.1481 0.228363 11.9
      vertex 53.5358 1.70657 11.9
      vertex 53.7765 0.102219 11.9
    endloop
  endfacet
  facet normal -0 0 1
    outer loop
      vertex 53.3624 1.64771 11.9
      vertex 53.7765 0.102219 11.9
      vertex 53.5358 1.70657 11.9
    endloop
  endfacet
  facet normal 0 0 1
    outer loop
      vertex 53.7765 0.102219 11.9
      vertex 53.3624 1.64771 11.9
      vertex 53.3916 0.0256653 11.9
    endloop
  endfacet
  facet normal -0 0 1
    outer loop
      vertex 53.1827 1.61198 11.9
      vertex 53.3916 0.0256653 11.9
      vertex 53.3624 1.64771 11.9
    endloop
  endfacet
  facet normal -0 0 1
    outer loop
      vertex 53 1.60001 11.9
      vertex 53.3916 0.0256653 11.9
      vertex 53.1827 1.61198 11.9
    endloop
  endfacet
  facet normal 0 0 1
    outer loop
      vertex 53 1.60001 11.9
      vertex 53 0 11.9
      vertex 53.3916 0.0256653 11.9
    endloop
  endfacet
  facet normal -0 0 1
    outer loop
      vertex 3 1.60001 11.9
      vertex 53 0 11.9
      vertex 53 1.60001 11.9
    endloop
  endfacet
  facet normal 0 0 1
    outer loop
      vertex 3 1.60001 11.9
      vertex 3 0 11.9
      vertex 53 0 11.9
    endloop
  endfacet
  facet normal 0 0 1
    outer loop
      vertex 2.81726 1.61198 11.9
      vertex 3 0 11.9
      vertex 3 1.60001 11.9
    endloop
  endfacet
  facet normal 0 0 1
    outer loop
      vertex 2.60843 0.0256653 11.9
      vertex 2.81726 1.61198 11.9
      vertex 2.63765 1.64771 11.9
    endloop
  endfacet
  facet normal 0 0 1
    outer loop
      vertex 2.81726 1.61198 11.9
      vertex 2.60843 0.0256653 11.9
      vertex 3 0 11.9
    endloop
  endfacet
  facet normal 0 0 1
    outer loop
      vertex 2.22354 0.102219 11.9
      vertex 2.63765 1.64771 11.9
      vertex 2.46425 1.70657 11.9
    endloop
  endfacet
  facet normal 0 0 1
    outer loop
      vertex 1.85194 0.228363 11.9
      vertex 2.46425 1.70657 11.9
      vertex 2.3 1.78757 11.9
    endloop
  endfacet
  facet normal 0 0 1
    outer loop
      vertex 2.63765 1.64771 11.9
      vertex 2.22354 0.102219 11.9
      vertex 2.60843 0.0256653 11.9
    endloop
  endfacet
  facet normal 0 0 1
    outer loop
      vertex 1.5 0.401917 11.9
      vertex 2.3 1.78757 11.9
      vertex 2.14774 1.88931 11.9
    endloop
  endfacet
  facet normal 0 0 1
    outer loop
      vertex 1.17372 0.619934 11.9
      vertex 2.14774 1.88931 11.9
      vertex 2.01006 2.01006 11.9
    endloop
  endfacet
  facet normal 0 0 1
    outer loop
      vertex 0.878677 0.878677 11.9
      vertex 2.01006 2.01006 11.9
      vertex 1.88931 2.14774 11.9
    endloop
  endfacet
  facet normal 0 0 1
    outer loop
      vertex 2.46425 1.70657 11.9
      vertex 1.85194 0.228363 11.9
      vertex 2.22354 0.102219 11.9
    endloop
  endfacet
  facet normal 0 0 1
    outer loop
      vertex 0.619934 1.17372 11.9
      vertex 1.88931 2.14774 11.9
      vertex 1.78757 2.3 11.9
    endloop
  endfacet
  facet normal 0 0 1
    outer loop
      vertex 0.401917 1.5 11.9
      vertex 1.78757 2.3 11.9
      vertex 1.70657 2.46425 11.9
    endloop
  endfacet
  facet normal 0 0 1
    outer loop
      vertex 0.228363 1.85194 11.9
      vertex 1.70657 2.46425 11.9
      vertex 1.64771 2.63765 11.9
    endloop
  endfacet
  facet normal 0 0 1
    outer loop
      vertex 0.102219 2.22354 11.9
      vertex 1.64771 2.63765 11.9
      vertex 1.61198 2.81726 11.9
    endloop
  endfacet
  facet normal 0 0 1
    outer loop
      vertex 2.3 1.78757 11.9
      vertex 1.5 0.401917 11.9
      vertex 1.85194 0.228363 11.9
    endloop
  endfacet
  facet normal 0 0 1
    outer loop
      vertex 0.0256653 2.60843 11.9
      vertex 1.61198 2.81726 11.9
      vertex 1.60001 3 11.9
    endloop
  endfacet
  facet normal 0 0 1
    outer loop
      vertex 1.60001 28 11.9
      vertex 0 28 11.9
      vertex 1.60001 3 11.9
    endloop
  endfacet
  facet normal -0 0 1
    outer loop
      vertex 0.228363 29.1481 11.9
      vertex 1.70657 28.5358 11.9
      vertex 0.401917 29.5 11.9
    endloop
  endfacet
  facet normal 0 0 1
    outer loop
      vertex 0 3 11.9
      vertex 1.60001 3 11.9
      vertex 0 28 11.9
    endloop
  endfacet
  facet normal 0 0 1
    outer loop
      vertex 1.70657 28.5358 11.9
      vertex 0.228363 29.1481 11.9
      vertex 1.64771 28.3624 11.9
    endloop
  endfacet
  facet normal 0 -0 1
    outer loop
      vertex 0.0256653 2.60843 11.9
      vertex 1.60001 3 11.9
      vertex 0 3 11.9
    endloop
  endfacet
  facet normal -0 0 1
    outer loop
      vertex 0.102219 28.7765 11.9
      vertex 1.64771 28.3624 11.9
      vertex 0.228363 29.1481 11.9
    endloop
  endfacet
  facet normal 0 0 1
    outer loop
      vertex 2.14774 1.88931 11.9
      vertex 1.17372 0.619934 11.9
      vertex 1.5 0.401917 11.9
    endloop
  endfacet
  facet normal 0 0 1
    outer loop
      vertex 1.64771 28.3624 11.9
      vertex 0.102219 28.7765 11.9
      vertex 1.61198 28.1827 11.9
    endloop
  endfacet
  facet normal 0 0 1
    outer loop
      vertex 2.01006 2.01006 11.9
      vertex 0.878677 0.878677 11.9
      vertex 1.17372 0.619934 11.9
    endloop
  endfacet
  facet normal -0 0 1
    outer loop
      vertex 0.0256653 28.3916 11.9
      vertex 1.61198 28.1827 11.9
      vertex 0.102219 28.7765 11.9
    endloop
  endfacet
  facet normal 0 0 1
    outer loop
      vertex 1.88931 2.14774 11.9
      vertex 0.619934 1.17372 11.9
      vertex 0.878677 0.878677 11.9
    endloop
  endfacet
  facet normal 0 0 1
    outer loop
      vertex 1.61198 28.1827 11.9
      vertex 0.0256653 28.3916 11.9
      vertex 1.60001 28 11.9
    endloop
  endfacet
  facet normal 0 0 1
    outer loop
      vertex 1.78757 2.3 11.9
      vertex 0.401917 1.5 11.9
      vertex 0.619934 1.17372 11.9
    endloop
  endfacet
  facet normal 0 0 1
    outer loop
      vertex 1.60001 28 11.9
      vertex 0.0256653 28.3916 11.9
      vertex 0 28 11.9
    endloop
  endfacet
  facet normal 0 0 1
    outer loop
      vertex 1.70657 2.46425 11.9
      vertex 0.228363 1.85194 11.9
      vertex 0.401917 1.5 11.9
    endloop
  endfacet
  facet normal 0 0 1
    outer loop
      vertex 1.64771 2.63765 11.9
      vertex 0.102219 2.22354 11.9
      vertex 0.228363 1.85194 11.9
    endloop
  endfacet
  facet normal 0 0 1
    outer loop
      vertex 1.61198 2.81726 11.9
      vertex 0.0256653 2.60843 11.9
      vertex 0.102219 2.22354 11.9
    endloop
  endfacet
  facet normal 0.442322 -0.896856 0
    outer loop
      vertex 54.1481 0.228363 0
      vertex 54.5 0.401917 11.9
      vertex 54.1481 0.228363 11.9
    endloop
  endfacet
  facet normal 0.442322 -0.896856 0
    outer loop
      vertex 54.5 0.401917 11.9
      vertex 54.1481 0.228363 0
      vertex 54.5 0.401917 0
    endloop
  endfacet
  facet normal 0.555553 -0.831481 0
    outer loop
      vertex 54.5 0.401917 0
      vertex 54.8263 0.619934 11.9
      vertex 54.5 0.401917 11.9
    endloop
  endfacet
  facet normal 0.555553 -0.831481 0
    outer loop
      vertex 54.8263 0.619934 11.9
      vertex 54.5 0.401917 0
      vertex 54.8263 0.619934 0
    endloop
  endfacet
  facet normal -0.321433 0.946932 0
    outer loop
      vertex 53.5358 1.70657 1.6
      vertex 53.3624 1.64771 11.9
      vertex 53.5358 1.70657 11.9
    endloop
  endfacet
  facet normal -0.321433 0.946932 0
    outer loop
      vertex 53.3624 1.64771 11.9
      vertex 53.5358 1.70657 1.6
      vertex 53.3624 1.64771 1.6
    endloop
  endfacet
  facet normal -0.896871 0.442292 0
    outer loop
      vertex 54.2124 2.3 1.6
      vertex 54.2934 2.46425 11.9
      vertex 54.2934 2.46425 1.6
    endloop
  endfacet
  facet normal -0.896871 0.442292 0
    outer loop
      vertex 54.2934 2.46425 11.9
      vertex 54.2124 2.3 1.6
      vertex 54.2124 2.3 11.9
    endloop
  endfacet
  facet normal 0 1 0
    outer loop
      vertex 53 1.60001 11.9
      vertex 23.9 1.60001 7.6
      vertex 3 1.60001 11.9
    endloop
  endfacet
  facet normal 0 1 -0
    outer loop
      vertex 53 1.60001 1.6
      vertex 23.9 1.60001 7.6
      vertex 53 1.60001 11.9
    endloop
  endfacet
  facet normal 0 1 0
    outer loop
      vertex 23.9 1.60001 7.6
      vertex 53 1.60001 1.6
      vertex 23.9 1.60001 1.6
    endloop
  endfacet
  facet normal 0 1 -0
    outer loop
      vertex 22.9 1.60001 7.6
      vertex 3 1.60001 11.9
      vertex 23.9 1.60001 7.6
    endloop
  endfacet
  facet normal 0 1 0
    outer loop
      vertex 3 1.60001 1.6
      vertex 22.9 1.60001 7.6
      vertex 22.9 1.60001 1.6
    endloop
  endfacet
  facet normal 0 1 0
    outer loop
      vertex 22.9 1.60001 7.6
      vertex 3 1.60001 1.6
      vertex 3 1.60001 11.9
    endloop
  endfacet
  facet normal -0.195014 0.9808 0
    outer loop
      vertex 53.3624 1.64771 1.6
      vertex 53.1827 1.61198 11.9
      vertex 53.3624 1.64771 11.9
    endloop
  endfacet
  facet normal -0.195014 0.9808 0
    outer loop
      vertex 53.1827 1.61198 11.9
      vertex 53.3624 1.64771 1.6
      vertex 53.1827 1.61198 1.6
    endloop
  endfacet
  facet normal -0.0655402 -0.99785 0
    outer loop
      vertex 53 29.4 1.6
      vertex 53.1827 29.388 11.9
      vertex 53 29.4 11.9
    endloop
  endfacet
  facet normal -0.0655402 -0.99785 -0
    outer loop
      vertex 53.1827 29.388 11.9
      vertex 53 29.4 1.6
      vertex 53.1827 29.388 1.6
    endloop
  endfacet
  facet normal -0.0653771 0.997861 0
    outer loop
      vertex 53.1827 1.61198 1.6
      vertex 53 1.60001 11.9
      vertex 53.1827 1.61198 11.9
    endloop
  endfacet
  facet normal -0.0653771 0.997861 0
    outer loop
      vertex 53 1.60001 11.9
      vertex 53.1827 1.61198 1.6
      vertex 53 1.60001 1.6
    endloop
  endfacet
  facet normal 0.0653628 0.997862 -0
    outer loop
      vertex 3 1.60001 1.6
      vertex 2.81726 1.61198 11.9
      vertex 3 1.60001 11.9
    endloop
  endfacet
  facet normal 0.0653628 0.997862 0
    outer loop
      vertex 2.81726 1.61198 11.9
      vertex 3 1.60001 1.6
      vertex 2.81726 1.61198 1.6
    endloop
  endfacet
  facet normal 0.321433 0.946932 -0
    outer loop
      vertex 2.63765 1.64771 1.6
      vertex 2.46425 1.70657 11.9
      vertex 2.63765 1.64771 11.9
    endloop
  endfacet
  facet normal 0.321433 0.946932 0
    outer loop
      vertex 2.46425 1.70657 11.9
      vertex 2.63765 1.64771 1.6
      vertex 2.46425 1.70657 1.6
    endloop
  endfacet
  facet normal -0.831563 0.555431 0
    outer loop
      vertex 54.1107 2.14774 1.6
      vertex 54.2124 2.3 11.9
      vertex 54.2124 2.3 1.6
    endloop
  endfacet
  facet normal -0.831563 0.555431 0
    outer loop
      vertex 54.2124 2.3 11.9
      vertex 54.1107 2.14774 1.6
      vertex 54.1107 2.14774 11.9
    endloop
  endfacet
  facet normal 0.659524 -0.751683 0
    outer loop
      vertex 2.01006 28.9899 1.6
      vertex 2.14774 29.1107 11.9
      vertex 2.01006 28.9899 11.9
    endloop
  endfacet
  facet normal 0.659524 -0.751683 0
    outer loop
      vertex 2.14774 29.1107 11.9
      vertex 2.01006 28.9899 1.6
      vertex 2.14774 29.1107 1.6
    endloop
  endfacet
  facet normal 0.896817 -0.442401 0
    outer loop
      vertex 1.70657 28.5358 11.9
      vertex 1.78757 28.7 1.6
      vertex 1.78757 28.7 11.9
    endloop
  endfacet
  facet normal 0.896817 -0.442401 0
    outer loop
      vertex 1.78757 28.7 1.6
      vertex 1.70657 28.5358 11.9
      vertex 1.70657 28.5358 1.6
    endloop
  endfacet
  facet normal 0.555431 -0.831563 0
    outer loop
      vertex 2.14774 29.1107 1.6
      vertex 2.3 29.2124 11.9
      vertex 2.14774 29.1107 11.9
    endloop
  endfacet
  facet normal 0.555431 -0.831563 0
    outer loop
      vertex 2.3 29.2124 11.9
      vertex 2.14774 29.1107 1.6
      vertex 2.3 29.2124 1.6
    endloop
  endfacet
  facet normal 0.442292 -0.896871 0
    outer loop
      vertex 2.3 29.2124 1.6
      vertex 2.46425 29.2934 11.9
      vertex 2.3 29.2124 11.9
    endloop
  endfacet
  facet normal 0.442292 -0.896871 0
    outer loop
      vertex 2.46425 29.2934 11.9
      vertex 2.3 29.2124 1.6
      vertex 2.46425 29.2934 1.6
    endloop
  endfacet
  facet normal -1 0 0
    outer loop
      vertex 54.4 3 1.6
      vertex 54.4 28 11.9
      vertex 54.4 28 1.6
    endloop
  endfacet
  facet normal -1 -0 0
    outer loop
      vertex 54.4 28 11.9
      vertex 54.4 3 1.6
      vertex 54.4 3 11.9
    endloop
  endfacet
  facet normal 1 0 0
    outer loop
      vertex 1.60001 20.0436 8.7021
      vertex 1.60001 28 11.9
      vertex 1.60001 20.05 8.8
    endloop
  endfacet
  facet normal 1 0 0
    outer loop
      vertex 1.60001 28 11.9
      vertex 1.60001 20.0436 8.89789
      vertex 1.60001 20.05 8.8
    endloop
  endfacet
  facet normal 1 0 0
    outer loop
      vertex 1.60001 28 11.9
      vertex 1.60001 20.0244 8.99411
      vertex 1.60001 20.0436 8.89789
    endloop
  endfacet
  facet normal 1 0 0
    outer loop
      vertex 1.60001 28 11.9
      vertex 1.60001 19.9929 9.08701
      vertex 1.60001 20.0244 8.99411
    endloop
  endfacet
  facet normal 1 0 0
    outer loop
      vertex 1.60001 28 11.9
      vertex 1.60001 19.9495 9.175
      vertex 1.60001 19.9929 9.08701
    endloop
  endfacet
  facet normal 1 0 0
    outer loop
      vertex 1.60001 28 11.9
      vertex 1.60001 19.895 9.25657
      vertex 1.60001 19.9495 9.175
    endloop
  endfacet
  facet normal 1 0 0
    outer loop
      vertex 1.60001 28 11.9
      vertex 1.60001 19.8303 9.33033
      vertex 1.60001 19.895 9.25657
    endloop
  endfacet
  facet normal 1 0 0
    outer loop
      vertex 1.60001 28 11.9
      vertex 1.60001 19.7566 9.39501
      vertex 1.60001 19.8303 9.33033
    endloop
  endfacet
  facet normal 1 0 0
    outer loop
      vertex 1.60001 28 11.9
      vertex 1.60001 19.675 9.44952
      vertex 1.60001 19.7566 9.39501
    endloop
  endfacet
  facet normal 1 0 0
    outer loop
      vertex 1.60001 28 11.9
      vertex 1.60001 19.587 9.49291
      vertex 1.60001 19.675 9.44952
    endloop
  endfacet
  facet normal 1 -0 0
    outer loop
      vertex 1.60001 17.3 11.3
      vertex 1.60001 19.587 9.49291
      vertex 1.60001 28 11.9
    endloop
  endfacet
  facet normal 1 0 0
    outer loop
      vertex 1.60001 19.587 9.49291
      vertex 1.60001 17.3 11.3
      vertex 1.60001 19.4941 9.52444
    endloop
  endfacet
  facet normal 1 0 0
    outer loop
      vertex 1.60001 19.4941 9.52444
      vertex 1.60001 17.3 11.3
      vertex 1.60001 19.3979 9.54358
    endloop
  endfacet
  facet normal 1 0 0
    outer loop
      vertex 1.60001 19.3979 9.54358
      vertex 1.60001 17.3 11.3
      vertex 1.60001 19.3 9.55
    endloop
  endfacet
  facet normal 1 0 0
    outer loop
      vertex 1.60001 19.3 9.55
      vertex 1.60001 17.3 11.3
      vertex 1.60001 19.2021 9.54358
    endloop
  endfacet
  facet normal 1 0 0
    outer loop
      vertex 1.60001 18.5564 8.89789
      vertex 1.60001 17.3 11.3
      vertex 1.60001 18.55 8.8
    endloop
  endfacet
  facet normal 1 0 0
    outer loop
      vertex 1.60001 18.5756 8.99411
      vertex 1.60001 17.3 11.3
      vertex 1.60001 18.5564 8.89789
    endloop
  endfacet
  facet normal 1 0 0
    outer loop
      vertex 1.60001 18.6071 9.08701
      vertex 1.60001 17.3 11.3
      vertex 1.60001 18.5756 8.99411
    endloop
  endfacet
  facet normal 1 0 0
    outer loop
      vertex 1.60001 18.6505 9.175
      vertex 1.60001 17.3 11.3
      vertex 1.60001 18.6071 9.08701
    endloop
  endfacet
  facet normal 1 0 0
    outer loop
      vertex 1.60001 18.705 9.25657
      vertex 1.60001 17.3 11.3
      vertex 1.60001 18.6505 9.175
    endloop
  endfacet
  facet normal 1 0 0
    outer loop
      vertex 1.60001 18.7697 9.33033
      vertex 1.60001 17.3 11.3
      vertex 1.60001 18.705 9.25657
    endloop
  endfacet
  facet normal 1 0 0
    outer loop
      vertex 1.60001 18.8434 9.39501
      vertex 1.60001 17.3 11.3
      vertex 1.60001 18.7697 9.33033
    endloop
  endfacet
  facet normal 1 0 0
    outer loop
      vertex 1.60001 18.925 9.44952
      vertex 1.60001 17.3 11.3
      vertex 1.60001 18.8434 9.39501
    endloop
  endfacet
  facet normal 1 0 0
    outer loop
      vertex 1.60001 19.013 9.49291
      vertex 1.60001 17.3 11.3
      vertex 1.60001 18.925 9.44952
    endloop
  endfacet
  facet normal 1 0 0
    outer loop
      vertex 1.60001 19.1059 9.52444
      vertex 1.60001 17.3 11.3
      vertex 1.60001 19.013 9.49291
    endloop
  endfacet
  facet normal 1 0 0
    outer loop
      vertex 1.60001 19.2021 9.54358
      vertex 1.60001 17.3 11.3
      vertex 1.60001 19.1059 9.52444
    endloop
  endfacet
  facet normal 1 -0 0
    outer loop
      vertex 1.60001 3 11.9
      vertex 1.60001 17.3 11.3
      vertex 1.60001 28 11.9
    endloop
  endfacet
  facet normal 1 0 0
    outer loop
      vertex 1.60001 4.3 11.3
      vertex 1.60001 3 11.9
      vertex 1.60001 4.3 4.3
    endloop
  endfacet
  facet normal 1 0 0
    outer loop
      vertex 1.60001 17.3 11.3
      vertex 1.60001 3 11.9
      vertex 1.60001 4.3 11.3
    endloop
  endfacet
  facet normal 1 0 0
    outer loop
      vertex 1.60001 20.0244 8.60589
      vertex 1.60001 28 11.9
      vertex 1.60001 20.0436 8.7021
    endloop
  endfacet
  facet normal 1 0 0
    outer loop
      vertex 1.60001 28 11.9
      vertex 1.60001 20.0244 8.60589
      vertex 1.60001 28 1.6
    endloop
  endfacet
  facet normal 1 -0 0
    outer loop
      vertex 1.60001 19.9929 8.51299
      vertex 1.60001 28 1.6
      vertex 1.60001 20.0244 8.60589
    endloop
  endfacet
  facet normal 1 -0 0
    outer loop
      vertex 1.60001 19.9495 8.425
      vertex 1.60001 28 1.6
      vertex 1.60001 19.9929 8.51299
    endloop
  endfacet
  facet normal 1 -0 0
    outer loop
      vertex 1.60001 19.895 8.34343
      vertex 1.60001 28 1.6
      vertex 1.60001 19.9495 8.425
    endloop
  endfacet
  facet normal 1 -0 0
    outer loop
      vertex 1.60001 19.8303 8.26967
      vertex 1.60001 28 1.6
      vertex 1.60001 19.895 8.34343
    endloop
  endfacet
  facet normal 1 -0 0
    outer loop
      vertex 1.60001 19.7566 8.20498
      vertex 1.60001 28 1.6
      vertex 1.60001 19.8303 8.26967
    endloop
  endfacet
  facet normal 1 -0 0
    outer loop
      vertex 1.60001 19.675 8.15048
      vertex 1.60001 28 1.6
      vertex 1.60001 19.7566 8.20498
    endloop
  endfacet
  facet normal 1 0 0
    outer loop
      vertex 1.60001 17.3 4.3
      vertex 1.60001 19.675 8.15048
      vertex 1.60001 19.587 8.10709
    endloop
  endfacet
  facet normal 1 0 0
    outer loop
      vertex 1.60001 17.3 4.3
      vertex 1.60001 19.587 8.10709
      vertex 1.60001 19.4941 8.07555
    endloop
  endfacet
  facet normal 1 0 0
    outer loop
      vertex 1.60001 17.3 4.3
      vertex 1.60001 19.4941 8.07555
      vertex 1.60001 19.3979 8.05642
    endloop
  endfacet
  facet normal 1 0 0
    outer loop
      vertex 1.60001 17.3 4.3
      vertex 1.60001 19.3979 8.05642
      vertex 1.60001 19.3 8.05
    endloop
  endfacet
  facet normal 1 0 0
    outer loop
      vertex 1.60001 17.3 4.3
      vertex 1.60001 19.3 8.05
      vertex 1.60001 19.2021 8.05642
    endloop
  endfacet
  facet normal 1 0 0
    outer loop
      vertex 1.60001 17.3 4.3
      vertex 1.60001 19.2021 8.05642
      vertex 1.60001 19.1059 8.07555
    endloop
  endfacet
  facet normal 1 0 0
    outer loop
      vertex 1.60001 17.3 4.3
      vertex 1.60001 19.1059 8.07555
      vertex 1.60001 19.013 8.10709
    endloop
  endfacet
  facet normal 1 0 0
    outer loop
      vertex 1.60001 17.3 4.3
      vertex 1.60001 19.013 8.10709
      vertex 1.60001 18.925 8.15048
    endloop
  endfacet
  facet normal 1 0 0
    outer loop
      vertex 1.60001 17.3 4.3
      vertex 1.60001 18.925 8.15048
      vertex 1.60001 18.8434 8.20498
    endloop
  endfacet
  facet normal 1 0 0
    outer loop
      vertex 1.60001 17.3 11.3
      vertex 1.60001 18.5564 8.7021
      vertex 1.60001 18.55 8.8
    endloop
  endfacet
  facet normal 1 0 0
    outer loop
      vertex 1.60001 17.3 4.3
      vertex 1.60001 18.5564 8.7021
      vertex 1.60001 17.3 11.3
    endloop
  endfacet
  facet normal 1 0 0
    outer loop
      vertex 1.60001 18.5564 8.7021
      vertex 1.60001 17.3 4.3
      vertex 1.60001 18.5756 8.60589
    endloop
  endfacet
  facet normal 1 0 0
    outer loop
      vertex 1.60001 18.5756 8.60589
      vertex 1.60001 17.3 4.3
      vertex 1.60001 18.6071 8.51299
    endloop
  endfacet
  facet normal 1 0 0
    outer loop
      vertex 1.60001 17.3 4.3
      vertex 1.60001 18.6505 8.425
      vertex 1.60001 18.6071 8.51299
    endloop
  endfacet
  facet normal 1 0 0
    outer loop
      vertex 1.60001 17.3 4.3
      vertex 1.60001 18.705 8.34343
      vertex 1.60001 18.6505 8.425
    endloop
  endfacet
  facet normal 1 0 0
    outer loop
      vertex 1.60001 17.3 4.3
      vertex 1.60001 18.7697 8.26967
      vertex 1.60001 18.705 8.34343
    endloop
  endfacet
  facet normal 1 0 0
    outer loop
      vertex 1.60001 17.3 4.3
      vertex 1.60001 18.8434 8.20498
      vertex 1.60001 18.7697 8.26967
    endloop
  endfacet
  facet normal 1 0 0
    outer loop
      vertex 1.60001 19.675 8.15048
      vertex 1.60001 17.3 4.3
      vertex 1.60001 28 1.6
    endloop
  endfacet
  facet normal 1 0 0
    outer loop
      vertex 1.60001 3 1.6
      vertex 1.60001 17.3 4.3
      vertex 1.60001 4.3 4.3
    endloop
  endfacet
  facet normal 1 0 0
    outer loop
      vertex 1.60001 17.3 4.3
      vertex 1.60001 3 1.6
      vertex 1.60001 28 1.6
    endloop
  endfacet
  facet normal 1 0 0
    outer loop
      vertex 1.60001 3 1.6
      vertex 1.60001 4.3 4.3
      vertex 1.60001 3 11.9
    endloop
  endfacet
  facet normal 0.0655259 -0.997851 0
    outer loop
      vertex 2.81726 29.388 1.6
      vertex 3 29.4 11.9
      vertex 2.81726 29.388 11.9
    endloop
  endfacet
  facet normal 0.0655259 -0.997851 0
    outer loop
      vertex 3 29.4 11.9
      vertex 2.81726 29.388 1.6
      vertex 3 29.4 1.6
    endloop
  endfacet
  facet normal -0.321629 -0.946866 0
    outer loop
      vertex 53.3624 29.3523 1.6
      vertex 53.5358 29.2934 11.9
      vertex 53.3624 29.3523 11.9
    endloop
  endfacet
  facet normal -0.321629 -0.946866 -0
    outer loop
      vertex 53.5358 29.2934 11.9
      vertex 53.3624 29.3523 1.6
      vertex 53.5358 29.2934 1.6
    endloop
  endfacet
  facet normal 0.946932 -0.321433 0
    outer loop
      vertex 1.64771 28.3624 11.9
      vertex 1.70657 28.5358 1.6
      vertex 1.70657 28.5358 11.9
    endloop
  endfacet
  facet normal 0.946932 -0.321433 0
    outer loop
      vertex 1.70657 28.5358 1.6
      vertex 1.64771 28.3624 11.9
      vertex 1.64771 28.3624 1.6
    endloop
  endfacet
  facet normal 0.195108 0.980782 -0
    outer loop
      vertex 2.81726 1.61198 1.6
      vertex 2.63765 1.64771 11.9
      vertex 2.81726 1.61198 11.9
    endloop
  endfacet
  facet normal 0.195108 0.980782 0
    outer loop
      vertex 2.63765 1.64771 11.9
      vertex 2.81726 1.61198 1.6
      vertex 2.63765 1.64771 1.6
    endloop
  endfacet
  facet normal 0.751628 -0.659587 0
    outer loop
      vertex 1.88931 28.8523 11.9
      vertex 2.01006 28.9899 1.6
      vertex 2.01006 28.9899 11.9
    endloop
  endfacet
  facet normal 0.751628 -0.659587 0
    outer loop
      vertex 2.01006 28.9899 1.6
      vertex 1.88931 28.8523 11.9
      vertex 1.88931 28.8523 1.6
    endloop
  endfacet
  facet normal -0.980813 0.19495 0
    outer loop
      vertex 54.3523 2.63765 1.6
      vertex 54.388 2.81726 11.9
      vertex 54.388 2.81726 1.6
    endloop
  endfacet
  facet normal -0.980813 0.19495 0
    outer loop
      vertex 54.388 2.81726 11.9
      vertex 54.3523 2.63765 1.6
      vertex 54.3523 2.63765 11.9
    endloop
  endfacet
  facet normal 0.442292 0.896871 -0
    outer loop
      vertex 2.46425 1.70657 1.6
      vertex 2.3 1.78757 11.9
      vertex 2.46425 1.70657 11.9
    endloop
  endfacet
  facet normal 0.442292 0.896871 0
    outer loop
      vertex 2.3 1.78757 11.9
      vertex 2.46425 1.70657 1.6
      vertex 2.3 1.78757 1.6
    endloop
  endfacet
  facet normal 0 -1 0
    outer loop
      vertex 7.85 29.4 1.6
      vertex 16.95 29.4 4.6
      vertex 7.85 29.4 4.6
    endloop
  endfacet
  facet normal 0 -1 -0
    outer loop
      vertex 16.95 29.4 4.6
      vertex 7.85 29.4 1.6
      vertex 16.95 29.4 1.6
    endloop
  endfacet
  facet normal 0 -1 0
    outer loop
      vertex 39.7 29.4 8.6
      vertex 43 29.4 7.2
      vertex 46.3 29.4 8.6
    endloop
  endfacet
  facet normal 0 -1 0
    outer loop
      vertex 39.7 29.4 8.6
      vertex 42.7128 29.4 7.18118
      vertex 43 29.4 7.2
    endloop
  endfacet
  facet normal 0 -1 0
    outer loop
      vertex 39.7 29.4 8.6
      vertex 42.4306 29.4 7.12504
      vertex 42.7128 29.4 7.18118
    endloop
  endfacet
  facet normal 0 -1 0
    outer loop
      vertex 39.7 29.4 8.6
      vertex 42.1581 29.4 7.03253
      vertex 42.4306 29.4 7.12504
    endloop
  endfacet
  facet normal 0 -1 0
    outer loop
      vertex 39.7 29.4 8.6
      vertex 41.9 29.4 6.90526
      vertex 42.1581 29.4 7.03253
    endloop
  endfacet
  facet normal 0 -1 0
    outer loop
      vertex 39.7 29.4 8.6
      vertex 41.6607 29.4 6.74538
      vertex 41.9 29.4 6.90526
    endloop
  endfacet
  facet normal 0 -1 0
    outer loop
      vertex 39.7 29.4 8.6
      vertex 41.4444 29.4 6.55563
      vertex 41.6607 29.4 6.74538
    endloop
  endfacet
  facet normal 0 -1 0
    outer loop
      vertex 39.7 29.4 8.6
      vertex 41.2546 29.4 6.33927
      vertex 41.4444 29.4 6.55563
    endloop
  endfacet
  facet normal 0 -1 0
    outer loop
      vertex 39.7 29.4 8.6
      vertex 41.0947 29.4 6.1
      vertex 41.2546 29.4 6.33927
    endloop
  endfacet
  facet normal 0 -1 0
    outer loop
      vertex 39.7 29.4 8.6
      vertex 40.9675 29.4 5.8419
      vertex 41.0947 29.4 6.1
    endloop
  endfacet
  facet normal 0 -1 0
    outer loop
      vertex 39.7 29.4 8.6
      vertex 40.875 29.4 5.5694
      vertex 40.9675 29.4 5.8419
    endloop
  endfacet
  facet normal 0 -1 0
    outer loop
      vertex 39.7 29.4 8.6
      vertex 40.8188 29.4 5.28716
      vertex 40.875 29.4 5.5694
    endloop
  endfacet
  facet normal 0 -1 0
    outer loop
      vertex 39.7 29.4 8.6
      vertex 40.8 29.4 5
      vertex 40.8188 29.4 5.28716
    endloop
  endfacet
  facet normal 0 -1 0
    outer loop
      vertex 39.7 29.4 1.6
      vertex 40.8 29.4 5
      vertex 39.7 29.4 8.6
    endloop
  endfacet
  facet normal 0 -1 -0
    outer loop
      vertex 40.8 29.4 5
      vertex 39.7 29.4 1.6
      vertex 40.8188 29.4 4.71284
    endloop
  endfacet
  facet normal 0 -1 -0
    outer loop
      vertex 42.7128 29.4 2.81882
      vertex 39.7 29.4 1.6
      vertex 43 29.4 2.8
    endloop
  endfacet
  facet normal 0 -1 -0
    outer loop
      vertex 42.4306 29.4 2.87496
      vertex 39.7 29.4 1.6
      vertex 42.7128 29.4 2.81882
    endloop
  endfacet
  facet normal 0 -1 -0
    outer loop
      vertex 42.1581 29.4 2.96746
      vertex 39.7 29.4 1.6
      vertex 42.4306 29.4 2.87496
    endloop
  endfacet
  facet normal 0 -1 -0
    outer loop
      vertex 41.9 29.4 3.09474
      vertex 39.7 29.4 1.6
      vertex 42.1581 29.4 2.96746
    endloop
  endfacet
  facet normal 0 -1 -0
    outer loop
      vertex 41.6607 29.4 3.25462
      vertex 39.7 29.4 1.6
      vertex 41.9 29.4 3.09474
    endloop
  endfacet
  facet normal 0 -1 -0
    outer loop
      vertex 41.4444 29.4 3.44436
      vertex 39.7 29.4 1.6
      vertex 41.6607 29.4 3.25462
    endloop
  endfacet
  facet normal 0 -1 -0
    outer loop
      vertex 41.2546 29.4 3.66072
      vertex 39.7 29.4 1.6
      vertex 41.4444 29.4 3.44436
    endloop
  endfacet
  facet normal 0 -1 -0
    outer loop
      vertex 41.0947 29.4 3.9
      vertex 39.7 29.4 1.6
      vertex 41.2546 29.4 3.66072
    endloop
  endfacet
  facet normal 0 -1 -0
    outer loop
      vertex 40.9675 29.4 4.1581
      vertex 39.7 29.4 1.6
      vertex 41.0947 29.4 3.9
    endloop
  endfacet
  facet normal 0 -1 -0
    outer loop
      vertex 40.875 29.4 4.4306
      vertex 39.7 29.4 1.6
      vertex 40.9675 29.4 4.1581
    endloop
  endfacet
  facet normal 0 -1 -0
    outer loop
      vertex 40.8188 29.4 4.71284
      vertex 39.7 29.4 1.6
      vertex 40.875 29.4 4.4306
    endloop
  endfacet
  facet normal 0 -1 0
    outer loop
      vertex 32 29.4 1.6
      vertex 38.7 29.4 8.6
      vertex 32 29.4 10.8182
    endloop
  endfacet
  facet normal 0 -1 -0
    outer loop
      vertex 38.7 29.4 8.6
      vertex 32 29.4 1.6
      vertex 38.7 29.4 1.6
    endloop
  endfacet
  facet normal 0 -1 0
    outer loop
      vertex 3 29.4 11.9
      vertex 24 29.4 10.8182
      vertex 53 29.4 11.9
    endloop
  endfacet
  facet normal 0 -1 0
    outer loop
      vertex 16.95 29.4 4.6
      vertex 24 29.4 10.8182
      vertex 3 29.4 11.9
    endloop
  endfacet
  facet normal 0 -1 0
    outer loop
      vertex 7.85 29.4 4.6
      vertex 3 29.4 11.9
      vertex 6.85 29.4 4.6
    endloop
  endfacet
  facet normal 0 -1 0
    outer loop
      vertex 3 29.4 1.6
      vertex 6.85 29.4 4.6
      vertex 3 29.4 11.9
    endloop
  endfacet
  facet normal 0 -1 -0
    outer loop
      vertex 6.85 29.4 4.6
      vertex 3 29.4 1.6
      vertex 6.85 29.4 1.6
    endloop
  endfacet
  facet normal 0 -1 0
    outer loop
      vertex 32 29.4 10.8182
      vertex 53 29.4 11.9
      vertex 24 29.4 10.8182
    endloop
  endfacet
  facet normal 0 -1 0
    outer loop
      vertex 39.7 29.4 8.6
      vertex 32 29.4 10.8182
      vertex 38.7 29.4 8.6
    endloop
  endfacet
  facet normal 0 -1 0
    outer loop
      vertex 32 29.4 10.8182
      vertex 39.7 29.4 8.6
      vertex 53 29.4 11.9
    endloop
  endfacet
  facet normal 0 -1 0
    outer loop
      vertex 46.3 29.4 8.6
      vertex 53 29.4 11.9
      vertex 39.7 29.4 8.6
    endloop
  endfacet
  facet normal 0 -1 0
    outer loop
      vertex 47.3 29.4 8.6
      vertex 53 29.4 11.9
      vertex 46.3 29.4 8.6
    endloop
  endfacet
  facet normal 0 -1 0
    outer loop
      vertex 53 29.4 1.6
      vertex 47.3 29.4 8.6
      vertex 47.3 29.4 1.6
    endloop
  endfacet
  facet normal 0 -1 0
    outer loop
      vertex 47.3 29.4 8.6
      vertex 53 29.4 1.6
      vertex 53 29.4 11.9
    endloop
  endfacet
  facet normal 0 -1 0
    outer loop
      vertex 23.9 29.4 7.6
      vertex 24 29.4 10.8182
      vertex 22.9 29.4 7.6
    endloop
  endfacet
  facet normal 0 -1 0
    outer loop
      vertex 24 29.4 1.6
      vertex 23.9 29.4 7.6
      vertex 23.9 29.4 1.6
    endloop
  endfacet
  facet normal 0 -1 0
    outer loop
      vertex 23.9 29.4 7.6
      vertex 24 29.4 1.6
      vertex 24 29.4 10.8182
    endloop
  endfacet
  facet normal 0 -1 0
    outer loop
      vertex 43.2872 29.4 7.18118
      vertex 46.3 29.4 8.6
      vertex 43 29.4 7.2
    endloop
  endfacet
  facet normal 0 -1 0
    outer loop
      vertex 43.5694 29.4 7.12504
      vertex 46.3 29.4 8.6
      vertex 43.2872 29.4 7.18118
    endloop
  endfacet
  facet normal 0 -1 0
    outer loop
      vertex 43.8419 29.4 7.03253
      vertex 46.3 29.4 8.6
      vertex 43.5694 29.4 7.12504
    endloop
  endfacet
  facet normal 0 -1 0
    outer loop
      vertex 44.1 29.4 6.90526
      vertex 46.3 29.4 8.6
      vertex 43.8419 29.4 7.03253
    endloop
  endfacet
  facet normal 0 -1 0
    outer loop
      vertex 44.3393 29.4 6.74538
      vertex 46.3 29.4 8.6
      vertex 44.1 29.4 6.90526
    endloop
  endfacet
  facet normal 0 -1 0
    outer loop
      vertex 44.5556 29.4 6.55563
      vertex 46.3 29.4 8.6
      vertex 44.3393 29.4 6.74538
    endloop
  endfacet
  facet normal 0 -1 0
    outer loop
      vertex 44.7454 29.4 6.33927
      vertex 46.3 29.4 8.6
      vertex 44.5556 29.4 6.55563
    endloop
  endfacet
  facet normal 0 -1 0
    outer loop
      vertex 44.9053 29.4 6.1
      vertex 46.3 29.4 8.6
      vertex 44.7454 29.4 6.33927
    endloop
  endfacet
  facet normal 0 -1 0
    outer loop
      vertex 45.0325 29.4 5.8419
      vertex 46.3 29.4 8.6
      vertex 44.9053 29.4 6.1
    endloop
  endfacet
  facet normal 0 -1 0
    outer loop
      vertex 45.125 29.4 5.5694
      vertex 46.3 29.4 8.6
      vertex 45.0325 29.4 5.8419
    endloop
  endfacet
  facet normal 0 -1 0
    outer loop
      vertex 45.1812 29.4 5.28716
      vertex 46.3 29.4 8.6
      vertex 45.125 29.4 5.5694
    endloop
  endfacet
  facet normal 0 -1 0
    outer loop
      vertex 45.2 29.4 5
      vertex 46.3 29.4 8.6
      vertex 45.1812 29.4 5.28716
    endloop
  endfacet
  facet normal 0 -1 0
    outer loop
      vertex 46.3 29.4 1.6
      vertex 45.2 29.4 5
      vertex 45.1812 29.4 4.71284
    endloop
  endfacet
  facet normal 0 -1 0
    outer loop
      vertex 46.3 29.4 1.6
      vertex 45.1812 29.4 4.71284
      vertex 45.125 29.4 4.4306
    endloop
  endfacet
  facet normal 0 -1 0
    outer loop
      vertex 46.3 29.4 1.6
      vertex 43 29.4 2.8
      vertex 39.7 29.4 1.6
    endloop
  endfacet
  facet normal 0 -1 0
    outer loop
      vertex 43 29.4 2.8
      vertex 46.3 29.4 1.6
      vertex 43.2872 29.4 2.81882
    endloop
  endfacet
  facet normal 0 -1 0
    outer loop
      vertex 45.2 29.4 5
      vertex 46.3 29.4 1.6
      vertex 46.3 29.4 8.6
    endloop
  endfacet
  facet normal 0 -1 0
    outer loop
      vertex 45.0325 29.4 4.1581
      vertex 46.3 29.4 1.6
      vertex 45.125 29.4 4.4306
    endloop
  endfacet
  facet normal 0 -1 0
    outer loop
      vertex 44.9053 29.4 3.9
      vertex 46.3 29.4 1.6
      vertex 45.0325 29.4 4.1581
    endloop
  endfacet
  facet normal 0 -1 0
    outer loop
      vertex 44.7454 29.4 3.66072
      vertex 46.3 29.4 1.6
      vertex 44.9053 29.4 3.9
    endloop
  endfacet
  facet normal 0 -1 0
    outer loop
      vertex 44.5556 29.4 3.44436
      vertex 46.3 29.4 1.6
      vertex 44.7454 29.4 3.66072
    endloop
  endfacet
  facet normal 0 -1 0
    outer loop
      vertex 44.3393 29.4 3.25462
      vertex 46.3 29.4 1.6
      vertex 44.5556 29.4 3.44436
    endloop
  endfacet
  facet normal 0 -1 0
    outer loop
      vertex 44.1 29.4 3.09474
      vertex 46.3 29.4 1.6
      vertex 44.3393 29.4 3.25462
    endloop
  endfacet
  facet normal 0 -1 0
    outer loop
      vertex 43.8419 29.4 2.96746
      vertex 46.3 29.4 1.6
      vertex 44.1 29.4 3.09474
    endloop
  endfacet
  facet normal 0 -1 0
    outer loop
      vertex 43.5694 29.4 2.87496
      vertex 46.3 29.4 1.6
      vertex 43.8419 29.4 2.96746
    endloop
  endfacet
  facet normal 0 -1 0
    outer loop
      vertex 43.2872 29.4 2.81882
      vertex 46.3 29.4 1.6
      vertex 43.5694 29.4 2.87496
    endloop
  endfacet
  facet normal 0 -1 0
    outer loop
      vertex 16.95 29.4 4.6
      vertex 3 29.4 11.9
      vertex 7.85 29.4 4.6
    endloop
  endfacet
  facet normal 0 -1 0
    outer loop
      vertex 24 29.4 10.8182
      vertex 16.95 29.4 4.6
      vertex 22.9 29.4 7.6
    endloop
  endfacet
  facet normal 0 -1 0
    outer loop
      vertex 17.95 29.4 4.6
      vertex 22.9 29.4 7.6
      vertex 16.95 29.4 4.6
    endloop
  endfacet
  facet normal 0 -1 0
    outer loop
      vertex 22.9 29.4 1.6
      vertex 17.95 29.4 4.6
      vertex 17.95 29.4 1.6
    endloop
  endfacet
  facet normal 0 -1 0
    outer loop
      vertex 17.95 29.4 4.6
      vertex 22.9 29.4 1.6
      vertex 22.9 29.4 7.6
    endloop
  endfacet
  facet normal -0.83163 -0.55533 0
    outer loop
      vertex 54.2124 28.7 1.6
      vertex 54.1107 28.8523 11.9
      vertex 54.1107 28.8523 1.6
    endloop
  endfacet
  facet normal -0.83163 -0.55533 0
    outer loop
      vertex 54.1107 28.8523 11.9
      vertex 54.2124 28.7 1.6
      vertex 54.2124 28.7 11.9
    endloop
  endfacet
  facet normal 0.321629 -0.946866 0
    outer loop
      vertex 2.46425 29.2934 1.6
      vertex 2.63765 29.3523 11.9
      vertex 2.46425 29.2934 11.9
    endloop
  endfacet
  facet normal 0.321629 -0.946866 0
    outer loop
      vertex 2.63765 29.3523 11.9
      vertex 2.46425 29.2934 1.6
      vertex 2.63765 29.3523 1.6
    endloop
  endfacet
  facet normal 0.831529 -0.555481 0
    outer loop
      vertex 1.78757 28.7 11.9
      vertex 1.88931 28.8523 1.6
      vertex 1.88931 28.8523 11.9
    endloop
  endfacet
  facet normal 0.831529 -0.555481 0
    outer loop
      vertex 1.88931 28.8523 1.6
      vertex 1.78757 28.7 11.9
      vertex 1.78757 28.7 1.6
    endloop
  endfacet
  facet normal 0.997861 -0.0653771 0
    outer loop
      vertex 1.60001 28 11.9
      vertex 1.61198 28.1827 1.6
      vertex 1.61198 28.1827 11.9
    endloop
  endfacet
  facet normal 0.997861 -0.0653771 0
    outer loop
      vertex 1.61198 28.1827 1.6
      vertex 1.60001 28 11.9
      vertex 1.60001 28 1.6
    endloop
  endfacet
  facet normal 0.555582 0.831462 -0
    outer loop
      vertex 2.3 1.78757 1.6
      vertex 2.14774 1.88931 11.9
      vertex 2.3 1.78757 11.9
    endloop
  endfacet
  facet normal 0.555582 0.831462 0
    outer loop
      vertex 2.14774 1.88931 11.9
      vertex 2.3 1.78757 1.6
      vertex 2.14774 1.88931 1.6
    endloop
  endfacet
  facet normal -0.946866 0.321629 0
    outer loop
      vertex 54.2934 2.46425 1.6
      vertex 54.3523 2.63765 11.9
      vertex 54.3523 2.63765 1.6
    endloop
  endfacet
  facet normal -0.946866 0.321629 0
    outer loop
      vertex 54.3523 2.63765 11.9
      vertex 54.2934 2.46425 1.6
      vertex 54.2934 2.46425 11.9
    endloop
  endfacet
  facet normal 0.19495 -0.980813 0
    outer loop
      vertex 2.63765 29.3523 1.6
      vertex 2.81726 29.388 11.9
      vertex 2.63765 29.3523 11.9
    endloop
  endfacet
  facet normal 0.19495 -0.980813 0
    outer loop
      vertex 2.81726 29.388 11.9
      vertex 2.63765 29.3523 1.6
      vertex 2.81726 29.388 1.6
    endloop
  endfacet
  facet normal 0 0 1
    outer loop
      vertex 24 29.4 1.6
      vertex 23.9 29.4 1.6
      vertex 24 28.0403 1.6
    endloop
  endfacet
  facet normal 0 0 1
    outer loop
      vertex 32 28.0403 1.6
      vertex 38.7 29.4 1.6
      vertex 32 29.4 1.6
    endloop
  endfacet
  facet normal 0 0 1
    outer loop
      vertex 46.3 29.4 1.6
      vertex 39.7 29.4 1.6
      vertex 46.3 23.4 1.6
    endloop
  endfacet
  facet normal 0 0 1
    outer loop
      vertex 53 29.4 1.6
      vertex 54.4 28 1.6
      vertex 54.388 28.1827 1.6
    endloop
  endfacet
  facet normal 0 0 1
    outer loop
      vertex 54.4 28 1.6
      vertex 47.3 23.4 1.6
      vertex 54.4 3 1.6
    endloop
  endfacet
  facet normal 0 0 1
    outer loop
      vertex 53 29.4 1.6
      vertex 54.388 28.1827 1.6
      vertex 54.3523 28.3624 1.6
    endloop
  endfacet
  facet normal -0 0 1
    outer loop
      vertex 46.3 23.4 1.6
      vertex 54.4 3 1.6
      vertex 47.3 23.4 1.6
    endloop
  endfacet
  facet normal 0 0 1
    outer loop
      vertex 53 29.4 1.6
      vertex 54.3523 28.3624 1.6
      vertex 54.2934 28.5358 1.6
    endloop
  endfacet
  facet normal 0 -0 1
    outer loop
      vertex 53 1.60001 1.6
      vertex 54.4 3 1.6
      vertex 46.3 23.4 1.6
    endloop
  endfacet
  facet normal 0 0 1
    outer loop
      vertex 53 29.4 1.6
      vertex 54.2934 28.5358 1.6
      vertex 54.2124 28.7 1.6
    endloop
  endfacet
  facet normal 0 0 1
    outer loop
      vertex 54.4 3 1.6
      vertex 53 1.60001 1.6
      vertex 54.388 2.81726 1.6
    endloop
  endfacet
  facet normal 0 0 1
    outer loop
      vertex 53 29.4 1.6
      vertex 54.2124 28.7 1.6
      vertex 54.1107 28.8523 1.6
    endloop
  endfacet
  facet normal 0 0 1
    outer loop
      vertex 54.3523 2.63765 1.6
      vertex 53 1.60001 1.6
      vertex 54.2934 2.46425 1.6
    endloop
  endfacet
  facet normal 0 0 1
    outer loop
      vertex 53 29.4 1.6
      vertex 54.1107 28.8523 1.6
      vertex 53.9899 28.9899 1.6
    endloop
  endfacet
  facet normal 0 0 1
    outer loop
      vertex 54.2934 2.46425 1.6
      vertex 53 1.60001 1.6
      vertex 54.2124 2.3 1.6
    endloop
  endfacet
  facet normal 0 0 1
    outer loop
      vertex 53 29.4 1.6
      vertex 53.9899 28.9899 1.6
      vertex 53.8523 29.1107 1.6
    endloop
  endfacet
  facet normal 0 0 1
    outer loop
      vertex 54.2124 2.3 1.6
      vertex 53 1.60001 1.6
      vertex 54.1107 2.14774 1.6
    endloop
  endfacet
  facet normal 0 0 1
    outer loop
      vertex 53 29.4 1.6
      vertex 53.8523 29.1107 1.6
      vertex 53.7 29.2124 1.6
    endloop
  endfacet
  facet normal 0 0 1
    outer loop
      vertex 54.1107 2.14774 1.6
      vertex 53 1.60001 1.6
      vertex 53.9899 2.01006 1.6
    endloop
  endfacet
  facet normal 0 0 1
    outer loop
      vertex 53 29.4 1.6
      vertex 53.7 29.2124 1.6
      vertex 53.5358 29.2934 1.6
    endloop
  endfacet
  facet normal 0 0 1
    outer loop
      vertex 53.9899 2.01006 1.6
      vertex 53 1.60001 1.6
      vertex 53.8523 1.88931 1.6
    endloop
  endfacet
  facet normal 0 0 1
    outer loop
      vertex 53 29.4 1.6
      vertex 53.5358 29.2934 1.6
      vertex 53.3624 29.3523 1.6
    endloop
  endfacet
  facet normal 0 0 1
    outer loop
      vertex 53.8523 1.88931 1.6
      vertex 53 1.60001 1.6
      vertex 53.7 1.78757 1.6
    endloop
  endfacet
  facet normal 0 0 1
    outer loop
      vertex 53 29.4 1.6
      vertex 53.3624 29.3523 1.6
      vertex 53.1827 29.388 1.6
    endloop
  endfacet
  facet normal 0 0 1
    outer loop
      vertex 53.7 1.78757 1.6
      vertex 53 1.60001 1.6
      vertex 53.5358 1.70657 1.6
    endloop
  endfacet
  facet normal 0 0 1
    outer loop
      vertex 54.4 28 1.6
      vertex 53 29.4 1.6
      vertex 47.3 23.4 1.6
    endloop
  endfacet
  facet normal 0 0 1
    outer loop
      vertex 53.5358 1.70657 1.6
      vertex 53 1.60001 1.6
      vertex 53.3624 1.64771 1.6
    endloop
  endfacet
  facet normal 0 0 1
    outer loop
      vertex 47.3 23.4 1.6
      vertex 53 29.4 1.6
      vertex 47.3 29.4 1.6
    endloop
  endfacet
  facet normal 0 0 1
    outer loop
      vertex 53.3624 1.64771 1.6
      vertex 53 1.60001 1.6
      vertex 53.1827 1.61198 1.6
    endloop
  endfacet
  facet normal 0 0 1
    outer loop
      vertex 54.388 2.81726 1.6
      vertex 53 1.60001 1.6
      vertex 54.3523 2.63765 1.6
    endloop
  endfacet
  facet normal 0 0 1
    outer loop
      vertex 39.7 23.4 1.6
      vertex 46.3 23.4 1.6
      vertex 39.7 29.4 1.6
    endloop
  endfacet
  facet normal 0 0 1
    outer loop
      vertex 46.3 23.4 1.6
      vertex 39.7 23.4 1.6
      vertex 53 1.60001 1.6
    endloop
  endfacet
  facet normal -0 0 1
    outer loop
      vertex 38.7 23.4 1.6
      vertex 53 1.60001 1.6
      vertex 39.7 23.4 1.6
    endloop
  endfacet
  facet normal 0 0 1
    outer loop
      vertex 38.7 29.4 1.6
      vertex 32 28.0403 1.6
      vertex 38.7 23.4 1.6
    endloop
  endfacet
  facet normal -0 0 1
    outer loop
      vertex 24 28.0403 1.6
      vertex 38.7 23.4 1.6
      vertex 32 28.0403 1.6
    endloop
  endfacet
  facet normal 0 0 1
    outer loop
      vertex 38.7 23.4 1.6
      vertex 24 28.0403 1.6
      vertex 23.9 1.60001 1.6
    endloop
  endfacet
  facet normal 0 0 1
    outer loop
      vertex 38.7 23.4 1.6
      vertex 23.9 1.60001 1.6
      vertex 53 1.60001 1.6
    endloop
  endfacet
  facet normal 0 0 1
    outer loop
      vertex 23.9 1.60001 1.6
      vertex 24 28.0403 1.6
      vertex 23.9 29.4 1.6
    endloop
  endfacet
  facet normal -0 0 1
    outer loop
      vertex 3 29.4 1.6
      vertex 6.85 29 1.6
      vertex 6.85 29.4 1.6
    endloop
  endfacet
  facet normal 0 0 1
    outer loop
      vertex 6.85 29 1.6
      vertex 1.60001 28 1.6
      vertex 6.85 19.9 1.6
    endloop
  endfacet
  facet normal 0 0 1
    outer loop
      vertex 6.85 29 1.6
      vertex 3 29.4 1.6
      vertex 1.60001 28 1.6
    endloop
  endfacet
  facet normal 0 0 1
    outer loop
      vertex 6.85 19.9 1.6
      vertex 8.9 24.45 1.6
      vertex 6.85 29 1.6
    endloop
  endfacet
  facet normal 0 0 1
    outer loop
      vertex 8.9 24.45 1.6
      vertex 6.85 19.9 1.6
      vertex 7.85 19.9 1.6
    endloop
  endfacet
  facet normal 0 0 1
    outer loop
      vertex 14.15 27.4811 1.6
      vertex 16.95 29 1.6
      vertex 16.95 29.4 1.6
    endloop
  endfacet
  facet normal 0 0 1
    outer loop
      vertex 16.95 29 1.6
      vertex 15.9 24.45 1.6
      vertex 16.95 19.9 1.6
    endloop
  endfacet
  facet normal -0 0 1
    outer loop
      vertex 15.8701 23.9932 1.6
      vertex 16.95 19.9 1.6
      vertex 15.9 24.45 1.6
    endloop
  endfacet
  facet normal 0 0 1
    outer loop
      vertex 16.95 29 1.6
      vertex 15.8701 24.9068 1.6
      vertex 15.9 24.45 1.6
    endloop
  endfacet
  facet normal 0 0 1
    outer loop
      vertex 16.95 29 1.6
      vertex 15.7807 25.3559 1.6
      vertex 15.8701 24.9068 1.6
    endloop
  endfacet
  facet normal 0 0 1
    outer loop
      vertex 16.95 29 1.6
      vertex 15.6336 25.7894 1.6
      vertex 15.7807 25.3559 1.6
    endloop
  endfacet
  facet normal 0 0 1
    outer loop
      vertex 16.95 29 1.6
      vertex 15.4311 26.2 1.6
      vertex 15.6336 25.7894 1.6
    endloop
  endfacet
  facet normal 0 0 1
    outer loop
      vertex 16.95 29 1.6
      vertex 15.1767 26.5807 1.6
      vertex 15.4311 26.2 1.6
    endloop
  endfacet
  facet normal 0 0 1
    outer loop
      vertex 16.95 29 1.6
      vertex 14.8749 26.9249 1.6
      vertex 15.1767 26.5807 1.6
    endloop
  endfacet
  facet normal 0 0 1
    outer loop
      vertex 16.95 29 1.6
      vertex 14.5307 27.2267 1.6
      vertex 14.8749 26.9249 1.6
    endloop
  endfacet
  facet normal 0 0 1
    outer loop
      vertex 16.95 29 1.6
      vertex 14.15 27.4811 1.6
      vertex 14.5307 27.2267 1.6
    endloop
  endfacet
  facet normal 0 0 1
    outer loop
      vertex 16.95 29.4 1.6
      vertex 13.7394 27.6836 1.6
      vertex 14.15 27.4811 1.6
    endloop
  endfacet
  facet normal 0 0 1
    outer loop
      vertex 16.95 29.4 1.6
      vertex 13.3059 27.8307 1.6
      vertex 13.7394 27.6836 1.6
    endloop
  endfacet
  facet normal 0 0 1
    outer loop
      vertex 16.95 29.4 1.6
      vertex 12.8568 27.9201 1.6
      vertex 13.3059 27.8307 1.6
    endloop
  endfacet
  facet normal 0 0 1
    outer loop
      vertex 16.95 29.4 1.6
      vertex 12.4 27.95 1.6
      vertex 12.8568 27.9201 1.6
    endloop
  endfacet
  facet normal -0 0 1
    outer loop
      vertex 7.85 29.4 1.6
      vertex 12.4 27.95 1.6
      vertex 16.95 29.4 1.6
    endloop
  endfacet
  facet normal 0 0 1
    outer loop
      vertex 12.4 27.95 1.6
      vertex 7.85 29.4 1.6
      vertex 11.9432 27.9201 1.6
    endloop
  endfacet
  facet normal 0 0 1
    outer loop
      vertex 9.16642 25.7894 1.6
      vertex 6.85 29 1.6
      vertex 9.01926 25.3559 1.6
    endloop
  endfacet
  facet normal -0 0 1
    outer loop
      vertex 6.85 29 1.6
      vertex 9.16642 25.7894 1.6
      vertex 7.85 29 1.6
    endloop
  endfacet
  facet normal 0 0 1
    outer loop
      vertex 9.36891 26.2 1.6
      vertex 7.85 29 1.6
      vertex 9.16642 25.7894 1.6
    endloop
  endfacet
  facet normal 0 0 1
    outer loop
      vertex 9.62326 26.5807 1.6
      vertex 7.85 29 1.6
      vertex 9.36891 26.2 1.6
    endloop
  endfacet
  facet normal 0 0 1
    outer loop
      vertex 9.92513 26.9249 1.6
      vertex 7.85 29 1.6
      vertex 9.62326 26.5807 1.6
    endloop
  endfacet
  facet normal 0 0 1
    outer loop
      vertex 10.2693 27.2267 1.6
      vertex 7.85 29 1.6
      vertex 9.92513 26.9249 1.6
    endloop
  endfacet
  facet normal 0 0 1
    outer loop
      vertex 10.65 27.4811 1.6
      vertex 7.85 29 1.6
      vertex 10.2693 27.2267 1.6
    endloop
  endfacet
  facet normal -0 0 1
    outer loop
      vertex 7.85 29 1.6
      vertex 10.65 27.4811 1.6
      vertex 7.85 29.4 1.6
    endloop
  endfacet
  facet normal 0 0 1
    outer loop
      vertex 11.0606 27.6836 1.6
      vertex 7.85 29.4 1.6
      vertex 10.65 27.4811 1.6
    endloop
  endfacet
  facet normal 0 0 1
    outer loop
      vertex 11.4941 27.8307 1.6
      vertex 7.85 29.4 1.6
      vertex 11.0606 27.6836 1.6
    endloop
  endfacet
  facet normal 0 0 1
    outer loop
      vertex 11.9432 27.9201 1.6
      vertex 7.85 29.4 1.6
      vertex 11.4941 27.8307 1.6
    endloop
  endfacet
  facet normal -0 0 1
    outer loop
      vertex 16.95 29 1.6
      vertex 17.95 19.9 1.6
      vertex 17.95 29 1.6
    endloop
  endfacet
  facet normal 0 0 1
    outer loop
      vertex 17.95 19.9 1.6
      vertex 16.95 29 1.6
      vertex 16.95 19.9 1.6
    endloop
  endfacet
  facet normal -0 0 1
    outer loop
      vertex 17.95 18.9 1.6
      vertex 22.9 1.60001 1.6
      vertex 22.9 29.4 1.6
    endloop
  endfacet
  facet normal 0 0 1
    outer loop
      vertex 22.9 1.60001 1.6
      vertex 19.4949 4.97832 1.6
      vertex 19.5 4.9 1.6
    endloop
  endfacet
  facet normal 0 0 1
    outer loop
      vertex 22.9 1.60001 1.6
      vertex 19.4796 5.05529 1.6
      vertex 19.4949 4.97832 1.6
    endloop
  endfacet
  facet normal 0 0 1
    outer loop
      vertex 22.9 1.60001 1.6
      vertex 19.4543 5.12961 1.6
      vertex 19.4796 5.05529 1.6
    endloop
  endfacet
  facet normal -0 -0 1
    outer loop
      vertex 19.4196 5.2 1.6
      vertex 22.9 1.60001 1.6
      vertex 17.95 18.9 1.6
    endloop
  endfacet
  facet normal 0 0 1
    outer loop
      vertex 22.9 1.60001 1.6
      vertex 19.4196 5.2 1.6
      vertex 19.4543 5.12961 1.6
    endloop
  endfacet
  facet normal 0 0 1
    outer loop
      vertex 19.4196 5.2 1.6
      vertex 17.95 18.9 1.6
      vertex 19.376 5.26526 1.6
    endloop
  endfacet
  facet normal 0 0 1
    outer loop
      vertex 19.376 5.26526 1.6
      vertex 17.95 18.9 1.6
      vertex 19.3243 5.32426 1.6
    endloop
  endfacet
  facet normal 0 0 1
    outer loop
      vertex 19.3243 5.32426 1.6
      vertex 17.95 18.9 1.6
      vertex 19.2653 5.37601 1.6
    endloop
  endfacet
  facet normal 0 0 1
    outer loop
      vertex 19.2653 5.37601 1.6
      vertex 17.95 18.9 1.6
      vertex 19.2 5.41961 1.6
    endloop
  endfacet
  facet normal 0 0 1
    outer loop
      vertex 19.2 5.41961 1.6
      vertex 17.95 18.9 1.6
      vertex 19.1296 5.45433 1.6
    endloop
  endfacet
  facet normal 0 0 1
    outer loop
      vertex 19.1296 5.45433 1.6
      vertex 17.95 18.9 1.6
      vertex 19.0553 5.47956 1.6
    endloop
  endfacet
  facet normal 0 0 1
    outer loop
      vertex 19.0553 5.47956 1.6
      vertex 17.95 18.9 1.6
      vertex 18.9783 5.49487 1.6
    endloop
  endfacet
  facet normal 0 0 1
    outer loop
      vertex 18.9783 5.49487 1.6
      vertex 17.95 18.9 1.6
      vertex 18.9 5.5 1.6
    endloop
  endfacet
  facet normal 0 0 1
    outer loop
      vertex 18.9 5.5 1.6
      vertex 17.95 18.9 1.6
      vertex 18.8217 5.49487 1.6
    endloop
  endfacet
  facet normal 0 0 1
    outer loop
      vertex 18.8217 5.49487 1.6
      vertex 17.95 18.9 1.6
      vertex 18.7447 5.47956 1.6
    endloop
  endfacet
  facet normal -0 0 1
    outer loop
      vertex 16.95 18.9 1.6
      vertex 18.7447 5.47956 1.6
      vertex 17.95 18.9 1.6
    endloop
  endfacet
  facet normal 0 0 1
    outer loop
      vertex 18.7447 5.47956 1.6
      vertex 16.95 18.9 1.6
      vertex 18.6704 5.45433 1.6
    endloop
  endfacet
  facet normal 0 0 1
    outer loop
      vertex 18.6704 5.45433 1.6
      vertex 16.95 18.9 1.6
      vertex 18.6 5.41961 1.6
    endloop
  endfacet
  facet normal 0 0 1
    outer loop
      vertex 18.6 5.41961 1.6
      vertex 16.95 18.9 1.6
      vertex 18.5347 5.37601 1.6
    endloop
  endfacet
  facet normal 0 0 1
    outer loop
      vertex 18.5347 5.37601 1.6
      vertex 16.95 18.9 1.6
      vertex 18.4757 5.32426 1.6
    endloop
  endfacet
  facet normal -0 0 1
    outer loop
      vertex 7.85 18.9 1.6
      vertex 18.4757 5.32426 1.6
      vertex 16.95 18.9 1.6
    endloop
  endfacet
  facet normal 0 0 1
    outer loop
      vertex 18.4757 5.32426 1.6
      vertex 7.85 18.9 1.6
      vertex 18.424 5.26526 1.6
    endloop
  endfacet
  facet normal 0 0 1
    outer loop
      vertex 18.424 5.26526 1.6
      vertex 7.85 18.9 1.6
      vertex 18.3804 5.2 1.6
    endloop
  endfacet
  facet normal 0 0 1
    outer loop
      vertex 17.95 19.9 1.6
      vertex 22.9 29.4 1.6
      vertex 17.95 29 1.6
    endloop
  endfacet
  facet normal 0 0 1
    outer loop
      vertex 17.95 29 1.6
      vertex 22.9 29.4 1.6
      vertex 17.95 29.4 1.6
    endloop
  endfacet
  facet normal -0 0 1
    outer loop
      vertex 19.4949 4.82168 1.6
      vertex 22.9 1.60001 1.6
      vertex 19.5 4.9 1.6
    endloop
  endfacet
  facet normal -0 0 1
    outer loop
      vertex 19.4796 4.74471 1.6
      vertex 22.9 1.60001 1.6
      vertex 19.4949 4.82168 1.6
    endloop
  endfacet
  facet normal -0 0 1
    outer loop
      vertex 19.4543 4.67039 1.6
      vertex 22.9 1.60001 1.6
      vertex 19.4796 4.74471 1.6
    endloop
  endfacet
  facet normal -0 0 1
    outer loop
      vertex 19.4196 4.6 1.6
      vertex 22.9 1.60001 1.6
      vertex 19.4543 4.67039 1.6
    endloop
  endfacet
  facet normal -0 0 1
    outer loop
      vertex 19.376 4.53474 1.6
      vertex 22.9 1.60001 1.6
      vertex 19.4196 4.6 1.6
    endloop
  endfacet
  facet normal -0 0 1
    outer loop
      vertex 19.3243 4.47574 1.6
      vertex 22.9 1.60001 1.6
      vertex 19.376 4.53474 1.6
    endloop
  endfacet
  facet normal -0 0 1
    outer loop
      vertex 19.2653 4.42399 1.6
      vertex 22.9 1.60001 1.6
      vertex 19.3243 4.47574 1.6
    endloop
  endfacet
  facet normal -0 0 1
    outer loop
      vertex 19.2 4.38038 1.6
      vertex 22.9 1.60001 1.6
      vertex 19.2653 4.42399 1.6
    endloop
  endfacet
  facet normal -0 0 1
    outer loop
      vertex 19.1296 4.34567 1.6
      vertex 22.9 1.60001 1.6
      vertex 19.2 4.38038 1.6
    endloop
  endfacet
  facet normal -0 0 1
    outer loop
      vertex 19.0553 4.32044 1.6
      vertex 22.9 1.60001 1.6
      vertex 19.1296 4.34567 1.6
    endloop
  endfacet
  facet normal -0 0 1
    outer loop
      vertex 18.9783 4.30513 1.6
      vertex 22.9 1.60001 1.6
      vertex 19.0553 4.32044 1.6
    endloop
  endfacet
  facet normal -0 0 1
    outer loop
      vertex 18.9 4.3 1.6
      vertex 22.9 1.60001 1.6
      vertex 18.9783 4.30513 1.6
    endloop
  endfacet
  facet normal 0 0 1
    outer loop
      vertex 18.8217 4.30513 1.6
      vertex 22.9 1.60001 1.6
      vertex 18.9 4.3 1.6
    endloop
  endfacet
  facet normal 0 0 1
    outer loop
      vertex 18.7447 4.32044 1.6
      vertex 22.9 1.60001 1.6
      vertex 18.8217 4.30513 1.6
    endloop
  endfacet
  facet normal 0 0 1
    outer loop
      vertex 18.6704 4.34567 1.6
      vertex 22.9 1.60001 1.6
      vertex 18.7447 4.32044 1.6
    endloop
  endfacet
  facet normal 0 0 1
    outer loop
      vertex 3 1.60001 1.6
      vertex 18.6704 4.34567 1.6
      vertex 18.6 4.38038 1.6
    endloop
  endfacet
  facet normal 0 0 1
    outer loop
      vertex 17.95 18.9 1.6
      vertex 22.9 29.4 1.6
      vertex 17.95 19.9 1.6
    endloop
  endfacet
  facet normal 0 0 1
    outer loop
      vertex 18.3804 5.2 1.6
      vertex 7.85 18.9 1.6
      vertex 18.3457 5.12961 1.6
    endloop
  endfacet
  facet normal 0 0 1
    outer loop
      vertex 3 1.60001 1.6
      vertex 18.3457 5.12961 1.6
      vertex 7.85 18.9 1.6
    endloop
  endfacet
  facet normal 0 0 1
    outer loop
      vertex 18.3457 5.12961 1.6
      vertex 3 1.60001 1.6
      vertex 18.3204 5.05529 1.6
    endloop
  endfacet
  facet normal 0 0 1
    outer loop
      vertex 18.3204 5.05529 1.6
      vertex 3 1.60001 1.6
      vertex 18.3051 4.97832 1.6
    endloop
  endfacet
  facet normal -0 0 1
    outer loop
      vertex 15.7807 23.5441 1.6
      vertex 16.95 19.9 1.6
      vertex 15.8701 23.9932 1.6
    endloop
  endfacet
  facet normal -0 0 1
    outer loop
      vertex 15.6336 23.1106 1.6
      vertex 16.95 19.9 1.6
      vertex 15.7807 23.5441 1.6
    endloop
  endfacet
  facet normal -0 0 1
    outer loop
      vertex 15.4311 22.7 1.6
      vertex 16.95 19.9 1.6
      vertex 15.6336 23.1106 1.6
    endloop
  endfacet
  facet normal -0 0 1
    outer loop
      vertex 15.1767 22.3193 1.6
      vertex 16.95 19.9 1.6
      vertex 15.4311 22.7 1.6
    endloop
  endfacet
  facet normal -0 0 1
    outer loop
      vertex 14.8749 21.9751 1.6
      vertex 16.95 19.9 1.6
      vertex 15.1767 22.3193 1.6
    endloop
  endfacet
  facet normal -0 0 1
    outer loop
      vertex 14.5307 21.6733 1.6
      vertex 16.95 19.9 1.6
      vertex 14.8749 21.9751 1.6
    endloop
  endfacet
  facet normal -0 0 1
    outer loop
      vertex 14.15 21.4189 1.6
      vertex 16.95 19.9 1.6
      vertex 14.5307 21.6733 1.6
    endloop
  endfacet
  facet normal 0 0 1
    outer loop
      vertex 16.95 19.9 1.6
      vertex 14.15 21.4189 1.6
      vertex 16.95 18.9 1.6
    endloop
  endfacet
  facet normal -0 0 1
    outer loop
      vertex 13.7394 21.2164 1.6
      vertex 16.95 18.9 1.6
      vertex 14.15 21.4189 1.6
    endloop
  endfacet
  facet normal -0 0 1
    outer loop
      vertex 13.3059 21.0693 1.6
      vertex 16.95 18.9 1.6
      vertex 13.7394 21.2164 1.6
    endloop
  endfacet
  facet normal -0 0 1
    outer loop
      vertex 12.8568 20.9799 1.6
      vertex 16.95 18.9 1.6
      vertex 13.3059 21.0693 1.6
    endloop
  endfacet
  facet normal -0 0 1
    outer loop
      vertex 12.4 20.95 1.6
      vertex 16.95 18.9 1.6
      vertex 12.8568 20.9799 1.6
    endloop
  endfacet
  facet normal 0 0 1
    outer loop
      vertex 18.3051 4.97832 1.6
      vertex 3 1.60001 1.6
      vertex 18.3 4.9 1.6
    endloop
  endfacet
  facet normal 0 0 1
    outer loop
      vertex 16.95 18.9 1.6
      vertex 12.4 20.95 1.6
      vertex 7.85 18.9 1.6
    endloop
  endfacet
  facet normal 0 0 1
    outer loop
      vertex 18.3 4.9 1.6
      vertex 3 1.60001 1.6
      vertex 18.3051 4.82168 1.6
    endloop
  endfacet
  facet normal 0 0 1
    outer loop
      vertex 7.85 18.9 1.6
      vertex 12.4 20.95 1.6
      vertex 11.9432 20.9799 1.6
    endloop
  endfacet
  facet normal 0 0 1
    outer loop
      vertex 7.85 18.9 1.6
      vertex 11.9432 20.9799 1.6
      vertex 11.4941 21.0693 1.6
    endloop
  endfacet
  facet normal 0 0 1
    outer loop
      vertex 7.85 18.9 1.6
      vertex 11.4941 21.0693 1.6
      vertex 11.0606 21.2164 1.6
    endloop
  endfacet
  facet normal 0 0 1
    outer loop
      vertex 7.85 18.9 1.6
      vertex 11.0606 21.2164 1.6
      vertex 10.65 21.4189 1.6
    endloop
  endfacet
  facet normal 0 0 1
    outer loop
      vertex 7.85 19.9 1.6
      vertex 10.65 21.4189 1.6
      vertex 10.2693 21.6733 1.6
    endloop
  endfacet
  facet normal 0 0 1
    outer loop
      vertex 7.85 19.9 1.6
      vertex 10.2693 21.6733 1.6
      vertex 9.92513 21.9751 1.6
    endloop
  endfacet
  facet normal 0 0 1
    outer loop
      vertex 7.85 19.9 1.6
      vertex 9.92513 21.9751 1.6
      vertex 9.62326 22.3193 1.6
    endloop
  endfacet
  facet normal 0 0 1
    outer loop
      vertex 18.3051 4.82168 1.6
      vertex 3 1.60001 1.6
      vertex 18.3204 4.74471 1.6
    endloop
  endfacet
  facet normal 0 0 1
    outer loop
      vertex 7.85 19.9 1.6
      vertex 9.62326 22.3193 1.6
      vertex 9.36891 22.7 1.6
    endloop
  endfacet
  facet normal 0 0 1
    outer loop
      vertex 9.01926 25.3559 1.6
      vertex 6.85 29 1.6
      vertex 8.92994 24.9068 1.6
    endloop
  endfacet
  facet normal 0 0 1
    outer loop
      vertex 8.92994 24.9068 1.6
      vertex 6.85 29 1.6
      vertex 8.9 24.45 1.6
    endloop
  endfacet
  facet normal 0 0 1
    outer loop
      vertex 8.9 24.45 1.6
      vertex 7.85 19.9 1.6
      vertex 8.92994 23.9932 1.6
    endloop
  endfacet
  facet normal 0 0 1
    outer loop
      vertex 8.92994 23.9932 1.6
      vertex 7.85 19.9 1.6
      vertex 9.01926 23.5441 1.6
    endloop
  endfacet
  facet normal 0 0 1
    outer loop
      vertex 7.85 19.9 1.6
      vertex 9.16642 23.1106 1.6
      vertex 9.01926 23.5441 1.6
    endloop
  endfacet
  facet normal 0 0 1
    outer loop
      vertex 7.85 19.9 1.6
      vertex 9.36891 22.7 1.6
      vertex 9.16642 23.1106 1.6
    endloop
  endfacet
  facet normal 0 0 1
    outer loop
      vertex 10.65 21.4189 1.6
      vertex 7.85 19.9 1.6
      vertex 7.85 18.9 1.6
    endloop
  endfacet
  facet normal 0 0 1
    outer loop
      vertex 18.3204 4.74471 1.6
      vertex 3 1.60001 1.6
      vertex 18.3457 4.67039 1.6
    endloop
  endfacet
  facet normal 0 0 1
    outer loop
      vertex 18.3457 4.67039 1.6
      vertex 3 1.60001 1.6
      vertex 18.3804 4.6 1.6
    endloop
  endfacet
  facet normal 0 0 1
    outer loop
      vertex 1.60001 3 1.6
      vertex 7.85 18.9 1.6
      vertex 6.85 18.9 1.6
    endloop
  endfacet
  facet normal 0 0 1
    outer loop
      vertex 18.6704 4.34567 1.6
      vertex 3 1.60001 1.6
      vertex 22.9 1.60001 1.6
    endloop
  endfacet
  facet normal 0 0 1
    outer loop
      vertex 18.5347 4.42399 1.6
      vertex 3 1.60001 1.6
      vertex 18.6 4.38038 1.6
    endloop
  endfacet
  facet normal 0 0 1
    outer loop
      vertex 18.4757 4.47574 1.6
      vertex 3 1.60001 1.6
      vertex 18.5347 4.42399 1.6
    endloop
  endfacet
  facet normal 0 0 1
    outer loop
      vertex 18.424 4.53474 1.6
      vertex 3 1.60001 1.6
      vertex 18.4757 4.47574 1.6
    endloop
  endfacet
  facet normal 0 0 1
    outer loop
      vertex 18.3804 4.6 1.6
      vertex 3 1.60001 1.6
      vertex 18.424 4.53474 1.6
    endloop
  endfacet
  facet normal 0 0 1
    outer loop
      vertex 6.85 19.9 1.6
      vertex 1.60001 28 1.6
      vertex 6.85 18.9 1.6
    endloop
  endfacet
  facet normal 0 0 1
    outer loop
      vertex 1.60001 28 1.6
      vertex 3 29.4 1.6
      vertex 2.81726 29.388 1.6
    endloop
  endfacet
  facet normal 0 0 1
    outer loop
      vertex 1.60001 3 1.6
      vertex 6.85 18.9 1.6
      vertex 1.60001 28 1.6
    endloop
  endfacet
  facet normal 0 0 1
    outer loop
      vertex 1.60001 28 1.6
      vertex 2.81726 29.388 1.6
      vertex 2.63765 29.3523 1.6
    endloop
  endfacet
  facet normal 0 0 1
    outer loop
      vertex 7.85 18.9 1.6
      vertex 1.60001 3 1.6
      vertex 3 1.60001 1.6
    endloop
  endfacet
  facet normal 0 0 1
    outer loop
      vertex 1.60001 28 1.6
      vertex 2.63765 29.3523 1.6
      vertex 2.46425 29.2934 1.6
    endloop
  endfacet
  facet normal 0 0 1
    outer loop
      vertex 3 1.60001 1.6
      vertex 1.60001 3 1.6
      vertex 2.81726 1.61198 1.6
    endloop
  endfacet
  facet normal 0 0 1
    outer loop
      vertex 1.60001 28 1.6
      vertex 2.46425 29.2934 1.6
      vertex 2.3 29.2124 1.6
    endloop
  endfacet
  facet normal 0 0 1
    outer loop
      vertex 2.81726 1.61198 1.6
      vertex 1.60001 3 1.6
      vertex 2.63765 1.64771 1.6
    endloop
  endfacet
  facet normal 0 0 1
    outer loop
      vertex 1.60001 28 1.6
      vertex 2.3 29.2124 1.6
      vertex 2.14774 29.1107 1.6
    endloop
  endfacet
  facet normal 0 0 1
    outer loop
      vertex 2.63765 1.64771 1.6
      vertex 1.60001 3 1.6
      vertex 2.46425 1.70657 1.6
    endloop
  endfacet
  facet normal 0 0 1
    outer loop
      vertex 1.60001 28 1.6
      vertex 2.14774 29.1107 1.6
      vertex 2.01006 28.9899 1.6
    endloop
  endfacet
  facet normal 0 0 1
    outer loop
      vertex 2.46425 1.70657 1.6
      vertex 1.60001 3 1.6
      vertex 2.3 1.78757 1.6
    endloop
  endfacet
  facet normal 0 0 1
    outer loop
      vertex 1.60001 28 1.6
      vertex 2.01006 28.9899 1.6
      vertex 1.88931 28.8523 1.6
    endloop
  endfacet
  facet normal 0 0 1
    outer loop
      vertex 2.3 1.78757 1.6
      vertex 1.60001 3 1.6
      vertex 2.14774 1.88931 1.6
    endloop
  endfacet
  facet normal 0 0 1
    outer loop
      vertex 1.60001 28 1.6
      vertex 1.88931 28.8523 1.6
      vertex 1.78757 28.7 1.6
    endloop
  endfacet
  facet normal 0 0 1
    outer loop
      vertex 2.14774 1.88931 1.6
      vertex 1.60001 3 1.6
      vertex 2.01006 2.01006 1.6
    endloop
  endfacet
  facet normal 0 0 1
    outer loop
      vertex 1.60001 28 1.6
      vertex 1.78757 28.7 1.6
      vertex 1.70657 28.5358 1.6
    endloop
  endfacet
  facet normal 0 0 1
    outer loop
      vertex 2.01006 2.01006 1.6
      vertex 1.60001 3 1.6
      vertex 1.88931 2.14774 1.6
    endloop
  endfacet
  facet normal 0 0 1
    outer loop
      vertex 1.60001 28 1.6
      vertex 1.70657 28.5358 1.6
      vertex 1.64771 28.3624 1.6
    endloop
  endfacet
  facet normal 0 0 1
    outer loop
      vertex 1.88931 2.14774 1.6
      vertex 1.60001 3 1.6
      vertex 1.78757 2.3 1.6
    endloop
  endfacet
  facet normal 0 0 1
    outer loop
      vertex 1.60001 28 1.6
      vertex 1.64771 28.3624 1.6
      vertex 1.61198 28.1827 1.6
    endloop
  endfacet
  facet normal 0 0 1
    outer loop
      vertex 1.78757 2.3 1.6
      vertex 1.60001 3 1.6
      vertex 1.70657 2.46425 1.6
    endloop
  endfacet
  facet normal 0 0 1
    outer loop
      vertex 1.70657 2.46425 1.6
      vertex 1.60001 3 1.6
      vertex 1.64771 2.63765 1.6
    endloop
  endfacet
  facet normal 0 0 1
    outer loop
      vertex 1.64771 2.63765 1.6
      vertex 1.60001 3 1.6
      vertex 1.61198 2.81726 1.6
    endloop
  endfacet
  facet normal -0.555481 0.831529 0
    outer loop
      vertex 53.8523 1.88931 1.6
      vertex 53.7 1.78757 11.9
      vertex 53.8523 1.88931 11.9
    endloop
  endfacet
  facet normal -0.555481 0.831529 0
    outer loop
      vertex 53.7 1.78757 11.9
      vertex 53.8523 1.88931 1.6
      vertex 53.7 1.78757 1.6
    endloop
  endfacet
  facet normal -0.55533 -0.83163 0
    outer loop
      vertex 53.7 29.2124 1.6
      vertex 53.8523 29.1107 11.9
      vertex 53.7 29.2124 11.9
    endloop
  endfacet
  facet normal -0.55533 -0.83163 -0
    outer loop
      vertex 53.8523 29.1107 11.9
      vertex 53.7 29.2124 1.6
      vertex 53.8523 29.1107 1.6
    endloop
  endfacet
  facet normal -0.442401 -0.896817 0
    outer loop
      vertex 53.5358 29.2934 1.6
      vertex 53.7 29.2124 11.9
      vertex 53.5358 29.2934 11.9
    endloop
  endfacet
  facet normal -0.442401 -0.896817 -0
    outer loop
      vertex 53.7 29.2124 11.9
      vertex 53.5358 29.2934 1.6
      vertex 53.7 29.2124 1.6
    endloop
  endfacet
  facet normal -0.896817 -0.442401 0
    outer loop
      vertex 54.2934 28.5358 1.6
      vertex 54.2124 28.7 11.9
      vertex 54.2124 28.7 1.6
    endloop
  endfacet
  facet normal -0.896817 -0.442401 0
    outer loop
      vertex 54.2124 28.7 11.9
      vertex 54.2934 28.5358 1.6
      vertex 54.2934 28.5358 11.9
    endloop
  endfacet
  facet normal -0.194856 -0.980832 0
    outer loop
      vertex 53.1827 29.388 1.6
      vertex 53.3624 29.3523 11.9
      vertex 53.1827 29.388 11.9
    endloop
  endfacet
  facet normal -0.194856 -0.980832 -0
    outer loop
      vertex 53.3624 29.3523 11.9
      vertex 53.1827 29.388 1.6
      vertex 53.3624 29.3523 1.6
    endloop
  endfacet
  facet normal -0.99785 -0.0655402 0
    outer loop
      vertex 54.4 28 1.6
      vertex 54.388 28.1827 11.9
      vertex 54.388 28.1827 1.6
    endloop
  endfacet
  facet normal -0.99785 -0.0655402 0
    outer loop
      vertex 54.388 28.1827 11.9
      vertex 54.4 28 1.6
      vertex 54.4 28 11.9
    endloop
  endfacet
  facet normal 0.9808 -0.195014 0
    outer loop
      vertex 1.61198 28.1827 11.9
      vertex 1.64771 28.3624 1.6
      vertex 1.64771 28.3624 11.9
    endloop
  endfacet
  facet normal 0.9808 -0.195014 0
    outer loop
      vertex 1.64771 28.3624 1.6
      vertex 1.61198 28.1827 11.9
      vertex 1.61198 28.1827 1.6
    endloop
  endfacet
  facet normal -0.751493 -0.659741 0
    outer loop
      vertex 54.1107 28.8523 1.6
      vertex 53.9899 28.9899 11.9
      vertex 53.9899 28.9899 1.6
    endloop
  endfacet
  facet normal -0.751493 -0.659741 0
    outer loop
      vertex 53.9899 28.9899 11.9
      vertex 54.1107 28.8523 1.6
      vertex 54.1107 28.8523 11.9
    endloop
  endfacet
  facet normal 0.980782 0.195108 0
    outer loop
      vertex 1.64771 2.63765 11.9
      vertex 1.61198 2.81726 1.6
      vertex 1.61198 2.81726 11.9
    endloop
  endfacet
  facet normal 0.980782 0.195108 0
    outer loop
      vertex 1.61198 2.81726 1.6
      vertex 1.64771 2.63765 11.9
      vertex 1.64771 2.63765 1.6
    endloop
  endfacet
  facet normal -0.659587 0.751628 0
    outer loop
      vertex 53.9899 2.01006 1.6
      vertex 53.8523 1.88931 11.9
      vertex 53.9899 2.01006 11.9
    endloop
  endfacet
  facet normal -0.659587 0.751628 0
    outer loop
      vertex 53.8523 1.88931 11.9
      vertex 53.9899 2.01006 1.6
      vertex 53.8523 1.88931 1.6
    endloop
  endfacet
  facet normal 0.997862 0.0653628 0
    outer loop
      vertex 1.61198 2.81726 11.9
      vertex 1.60001 3 1.6
      vertex 1.60001 3 11.9
    endloop
  endfacet
  facet normal 0.997862 0.0653628 0
    outer loop
      vertex 1.60001 3 1.6
      vertex 1.61198 2.81726 11.9
      vertex 1.61198 2.81726 1.6
    endloop
  endfacet
  facet normal 0.65937 0.751818 -0
    outer loop
      vertex 2.14774 1.88931 1.6
      vertex 2.01006 2.01006 11.9
      vertex 2.14774 1.88931 11.9
    endloop
  endfacet
  facet normal 0.65937 0.751818 0
    outer loop
      vertex 2.01006 2.01006 11.9
      vertex 2.14774 1.88931 1.6
      vertex 2.01006 2.01006 1.6
    endloop
  endfacet
  facet normal -0.659741 -0.751493 0
    outer loop
      vertex 53.8523 29.1107 1.6
      vertex 53.9899 28.9899 11.9
      vertex 53.8523 29.1107 11.9
    endloop
  endfacet
  facet normal -0.659741 -0.751493 -0
    outer loop
      vertex 53.9899 28.9899 11.9
      vertex 53.8523 29.1107 1.6
      vertex 53.9899 28.9899 1.6
    endloop
  endfacet
  facet normal -0.751683 0.659524 0
    outer loop
      vertex 53.9899 2.01006 1.6
      vertex 54.1107 2.14774 11.9
      vertex 54.1107 2.14774 1.6
    endloop
  endfacet
  facet normal -0.751683 0.659524 0
    outer loop
      vertex 54.1107 2.14774 11.9
      vertex 53.9899 2.01006 1.6
      vertex 53.9899 2.01006 11.9
    endloop
  endfacet
  facet normal -0.980832 -0.194856 0
    outer loop
      vertex 54.388 28.1827 1.6
      vertex 54.3523 28.3624 11.9
      vertex 54.3523 28.3624 1.6
    endloop
  endfacet
  facet normal -0.980832 -0.194856 0
    outer loop
      vertex 54.3523 28.3624 11.9
      vertex 54.388 28.1827 1.6
      vertex 54.388 28.1827 11.9
    endloop
  endfacet
  facet normal 0.896871 0.442292 0
    outer loop
      vertex 1.78757 2.3 11.9
      vertex 1.70657 2.46425 1.6
      vertex 1.70657 2.46425 11.9
    endloop
  endfacet
  facet normal 0.896871 0.442292 0
    outer loop
      vertex 1.70657 2.46425 1.6
      vertex 1.78757 2.3 11.9
      vertex 1.78757 2.3 1.6
    endloop
  endfacet
  facet normal 0.831462 0.555582 0
    outer loop
      vertex 1.88931 2.14774 11.9
      vertex 1.78757 2.3 1.6
      vertex 1.78757 2.3 11.9
    endloop
  endfacet
  facet normal 0.831462 0.555582 0
    outer loop
      vertex 1.78757 2.3 1.6
      vertex 1.88931 2.14774 11.9
      vertex 1.88931 2.14774 1.6
    endloop
  endfacet
  facet normal 0.751818 0.65937 0
    outer loop
      vertex 2.01006 2.01006 11.9
      vertex 1.88931 2.14774 1.6
      vertex 1.88931 2.14774 11.9
    endloop
  endfacet
  facet normal 0.751818 0.65937 0
    outer loop
      vertex 1.88931 2.14774 1.6
      vertex 2.01006 2.01006 11.9
      vertex 2.01006 2.01006 1.6
    endloop
  endfacet
  facet normal 0.946932 0.321433 0
    outer loop
      vertex 1.70657 2.46425 11.9
      vertex 1.64771 2.63765 1.6
      vertex 1.64771 2.63765 11.9
    endloop
  endfacet
  facet normal 0.946932 0.321433 0
    outer loop
      vertex 1.64771 2.63765 1.6
      vertex 1.70657 2.46425 11.9
      vertex 1.70657 2.46425 1.6
    endloop
  endfacet
  facet normal -0.946866 -0.321629 0
    outer loop
      vertex 54.3523 28.3624 1.6
      vertex 54.2934 28.5358 11.9
      vertex 54.2934 28.5358 1.6
    endloop
  endfacet
  facet normal -0.946866 -0.321629 0
    outer loop
      vertex 54.2934 28.5358 11.9
      vertex 54.3523 28.3624 1.6
      vertex 54.3523 28.3624 11.9
    endloop
  endfacet
  facet normal -0.997851 0.0655259 0
    outer loop
      vertex 54.388 2.81726 1.6
      vertex 54.4 3 11.9
      vertex 54.4 3 1.6
    endloop
  endfacet
  facet normal -0.997851 0.0655259 0
    outer loop
      vertex 54.4 3 11.9
      vertex 54.388 2.81726 1.6
      vertex 54.388 2.81726 11.9
    endloop
  endfacet
  facet normal -0.442401 0.896817 0
    outer loop
      vertex 53.7 1.78757 1.6
      vertex 53.5358 1.70657 11.9
      vertex 53.7 1.78757 11.9
    endloop
  endfacet
  facet normal -0.442401 0.896817 0
    outer loop
      vertex 53.5358 1.70657 11.9
      vertex 53.7 1.78757 1.6
      vertex 53.5358 1.70657 1.6
    endloop
  endfacet
  facet normal 0 -0.659372 -0.751817
    outer loop
      vertex 24 26.9645 2.41447
      vertex 32 27.4562 1.98323
      vertex 32 26.9645 2.41447
    endloop
  endfacet
  facet normal -0 -0.659372 -0.751817
    outer loop
      vertex 32 27.4562 1.98323
      vertex 24 26.9645 2.41447
      vertex 24 27.4562 1.98323
    endloop
  endfacet
  facet normal 0 0.19508 -0.980787
    outer loop
      vertex 24 31.1526 0.992775
      vertex 32 31.7941 1.12037
      vertex 32 31.1526 0.992775
    endloop
  endfacet
  facet normal 0 0.19508 -0.980787
    outer loop
      vertex 32 31.7941 1.12037
      vertex 24 31.1526 0.992775
      vertex 24 31.7941 1.12037
    endloop
  endfacet
  facet normal 0 0.321448 -0.946927
    outer loop
      vertex 24 31.7941 1.12037
      vertex 32 32.4134 1.3306
      vertex 32 31.7941 1.12037
    endloop
  endfacet
  facet normal 0 0.321448 -0.946927
    outer loop
      vertex 32 32.4134 1.3306
      vertex 24 31.7941 1.12037
      vertex 24 32.4134 1.3306
    endloop
  endfacet
  facet normal -0 0.321407 0.946941
    outer loop
      vertex 24 32.4134 10.5694
      vertex 32 31.7941 10.7796
      vertex 32 32.4134 10.5694
    endloop
  endfacet
  facet normal 0 0.321407 0.946941
    outer loop
      vertex 32 31.7941 10.7796
      vertex 24 32.4134 10.5694
      vertex 24 31.7941 10.7796
    endloop
  endfacet
  facet normal 0 0.831514 -0.555504
    outer loop
      vertex 32 34.4668 2.90619
      vertex 24 34.8301 3.45
      vertex 32 34.8301 3.45
    endloop
  endfacet
  facet normal 0 0.831514 -0.555504
    outer loop
      vertex 24 34.8301 3.45
      vertex 32 34.4668 2.90619
      vertex 24 34.4668 2.90619
    endloop
  endfacet
  facet normal 0 -0.946944 -0.321397
    outer loop
      vertex 24 25.8806 4.03658
      vertex 32 25.6704 4.6559
      vertex 24 25.6704 4.6559
    endloop
  endfacet
  facet normal 0 -0.946944 -0.321397
    outer loop
      vertex 32 25.6704 4.6559
      vertex 24 25.8806 4.03658
      vertex 32 25.8806 4.03658
    endloop
  endfacet
  facet normal 0 0.555575 -0.831466
    outer loop
      vertex 24 33 1.61987
      vertex 32 33.5438 1.98323
      vertex 32 33 1.61987
    endloop
  endfacet
  facet normal 0 0.555575 -0.831466
    outer loop
      vertex 32 33.5438 1.98323
      vertex 24 33 1.61987
      vertex 24 33.5438 1.98323
    endloop
  endfacet
  facet normal 0 0.442277 -0.896878
    outer loop
      vertex 24 32.4134 1.3306
      vertex 32 33 1.61987
      vertex 32 32.4134 1.3306
    endloop
  endfacet
  facet normal 0 0.442277 -0.896878
    outer loop
      vertex 32 33 1.61987
      vertex 24 32.4134 1.3306
      vertex 24 33 1.61987
    endloop
  endfacet
  facet normal 0 0.0654166 -0.997858
    outer loop
      vertex 24 31 0.982771
      vertex 32 31.1526 0.992775
      vertex 32 31 0.982771
    endloop
  endfacet
  facet normal 0 0.0654166 -0.997858
    outer loop
      vertex 32 31.1526 0.992775
      vertex 24 31 0.982771
      vertex 24 31.1526 0.992775
    endloop
  endfacet
  facet normal 0 0.980784 -0.195096
    outer loop
      vertex 32 35.3296 4.6559
      vertex 24 35.4572 5.29737
      vertex 32 35.4572 5.29737
    endloop
  endfacet
  facet normal 0 0.980784 -0.195096
    outer loop
      vertex 24 35.4572 5.29737
      vertex 32 35.3296 4.6559
      vertex 24 35.3296 4.6559
    endloop
  endfacet
  facet normal 0 0.831514 0.555504
    outer loop
      vertex 32 34.8301 8.45
      vertex 24 34.4668 8.99381
      vertex 32 34.4668 8.99381
    endloop
  endfacet
  facet normal 0 0.831514 0.555504
    outer loop
      vertex 24 34.4668 8.99381
      vertex 32 34.8301 8.45
      vertex 24 34.8301 8.45
    endloop
  endfacet
  facet normal 0 0.751784 0.659409
    outer loop
      vertex 32 34.4668 8.99381
      vertex 24 34.0355 9.48553
      vertex 32 34.0355 9.48553
    endloop
  endfacet
  facet normal 0 0.751784 0.659409
    outer loop
      vertex 24 34.0355 9.48553
      vertex 32 34.4668 8.99381
      vertex 24 34.4668 8.99381
    endloop
  endfacet
  facet normal -1 0 0
    outer loop
      vertex 24 28.5866 10.5694
      vertex 24 29.4 10.8182
      vertex 24 29.4 1.6
    endloop
  endfacet
  facet normal -1 0 0
    outer loop
      vertex 24 29.4 10.8182
      vertex 24 28.5866 10.5694
      vertex 24 29.2059 10.7796
    endloop
  endfacet
  facet normal -1 0 0
    outer loop
      vertex 24 28 1.61987
      vertex 24 29.4 1.6
      vertex 24 28.0403 1.6
    endloop
  endfacet
  facet normal -1 0 0
    outer loop
      vertex 24 29.4 1.6
      vertex 24 28 1.61987
      vertex 24 27.4562 1.98323
    endloop
  endfacet
  facet normal -1 0 0
    outer loop
      vertex 24 29.4 1.6
      vertex 24 28 10.2801
      vertex 24 28.5866 10.5694
    endloop
  endfacet
  facet normal -1 0 0
    outer loop
      vertex 24 26.9645 2.41447
      vertex 24 29.4 1.6
      vertex 24 27.4562 1.98323
    endloop
  endfacet
  facet normal -1 0 0
    outer loop
      vertex 24 29.4 1.6
      vertex 24 27.4562 9.91677
      vertex 24 28 10.2801
    endloop
  endfacet
  facet normal -1 0 0
    outer loop
      vertex 24 26.5332 2.90619
      vertex 24 29.4 1.6
      vertex 24 26.9645 2.41447
    endloop
  endfacet
  facet normal -1 0 0
    outer loop
      vertex 24 29.4 1.6
      vertex 24 26.9645 9.48553
      vertex 24 27.4562 9.91677
    endloop
  endfacet
  facet normal -1 0 0
    outer loop
      vertex 24 26.1699 3.45
      vertex 24 29.4 1.6
      vertex 24 26.5332 2.90619
    endloop
  endfacet
  facet normal -1 0 0
    outer loop
      vertex 24 29.4 1.6
      vertex 24 26.5332 8.99381
      vertex 24 26.9645 9.48553
    endloop
  endfacet
  facet normal -1 0 0
    outer loop
      vertex 24 25.8806 4.03658
      vertex 24 29.4 1.6
      vertex 24 26.1699 3.45
    endloop
  endfacet
  facet normal -1 0 0
    outer loop
      vertex 24 29.4 1.6
      vertex 24 26.1699 8.45
      vertex 24 26.5332 8.99381
    endloop
  endfacet
  facet normal -1 0 0
    outer loop
      vertex 24 25.6704 4.6559
      vertex 24 29.4 1.6
      vertex 24 25.8806 4.03658
    endloop
  endfacet
  facet normal -1 0 0
    outer loop
      vertex 24 29.4 1.6
      vertex 24 25.8806 7.86342
      vertex 24 26.1699 8.45
    endloop
  endfacet
  facet normal -1 0 0
    outer loop
      vertex 24 25.5428 5.29737
      vertex 24 29.4 1.6
      vertex 24 25.6704 4.6559
    endloop
  endfacet
  facet normal -1 0 0
    outer loop
      vertex 24 29.4 1.6
      vertex 24 25.6704 7.24409
      vertex 24 25.8806 7.86342
    endloop
  endfacet
  facet normal -1 0 0
    outer loop
      vertex 24 25.5 5.95
      vertex 24 29.4 1.6
      vertex 24 25.5428 5.29737
    endloop
  endfacet
  facet normal -1 0 0
    outer loop
      vertex 24 29.4 1.6
      vertex 24 25.5428 6.60263
      vertex 24 25.6704 7.24409
    endloop
  endfacet
  facet normal -1 0 0
    outer loop
      vertex 24 29.4 1.6
      vertex 24 25.5 5.95
      vertex 24 25.5428 6.60263
    endloop
  endfacet
  facet normal -1 0 0
    outer loop
      vertex 24 34.4829 5.68895
      vertex 24 35.5 5.95
      vertex 24 35.4572 5.29737
    endloop
  endfacet
  facet normal -1 0 0
    outer loop
      vertex 24 34.3478 5.18463
      vertex 24 35.4572 5.29737
      vertex 24 35.3296 4.6559
    endloop
  endfacet
  facet normal -1 -0 0
    outer loop
      vertex 24 35.5 5.95
      vertex 24 34.4829 5.68895
      vertex 24 34.5 5.95
    endloop
  endfacet
  facet normal -1 0 0
    outer loop
      vertex 24 34.232 4.95
      vertex 24 35.3296 4.6559
      vertex 24 35.1194 4.03658
    endloop
  endfacet
  facet normal -1 0 0
    outer loop
      vertex 24 34.4829 6.21105
      vertex 24 35.5 5.95
      vertex 24 34.5 5.95
    endloop
  endfacet
  facet normal -1 0 0
    outer loop
      vertex 24 33.9142 4.53579
      vertex 24 35.1194 4.03658
      vertex 24 34.8301 3.45
    endloop
  endfacet
  facet normal -1 0 0
    outer loop
      vertex 24 35.5 5.95
      vertex 24 34.4829 6.21105
      vertex 24 35.4572 6.60263
    endloop
  endfacet
  facet normal -1 0 0
    outer loop
      vertex 24 34.3478 6.71537
      vertex 24 35.4572 6.60263
      vertex 24 34.4319 6.46764
    endloop
  endfacet
  facet normal -1 0 0
    outer loop
      vertex 24 34.4319 6.46764
      vertex 24 35.4572 6.60263
      vertex 24 34.4829 6.21105
    endloop
  endfacet
  facet normal -1 0 0
    outer loop
      vertex 24 33.5 4.21795
      vertex 24 34.8301 3.45
      vertex 24 34.4668 2.90619
    endloop
  endfacet
  facet normal -1 0 0
    outer loop
      vertex 24 35.4572 5.29737
      vertex 24 34.4319 5.43236
      vertex 24 34.4829 5.68895
    endloop
  endfacet
  facet normal -1 -0 0
    outer loop
      vertex 24 35.4572 5.29737
      vertex 24 34.3478 5.18463
      vertex 24 34.4319 5.43236
    endloop
  endfacet
  facet normal -1 0 0
    outer loop
      vertex 24 35.3296 4.6559
      vertex 24 34.232 4.95
      vertex 24 34.3478 5.18463
    endloop
  endfacet
  facet normal -1 0 0
    outer loop
      vertex 24 35.1194 4.03658
      vertex 24 34.0867 4.73248
      vertex 24 34.232 4.95
    endloop
  endfacet
  facet normal -1 0 0
    outer loop
      vertex 24 33.2654 4.10224
      vertex 24 34.4668 2.90619
      vertex 24 34.0355 2.41447
    endloop
  endfacet
  facet normal -1 0 0
    outer loop
      vertex 24 35.1194 4.03658
      vertex 24 33.9142 4.53579
      vertex 24 34.0867 4.73248
    endloop
  endfacet
  facet normal -1 0 0
    outer loop
      vertex 24 34.8301 3.45
      vertex 24 33.7175 4.36329
      vertex 24 33.9142 4.53579
    endloop
  endfacet
  facet normal -1 0 0
    outer loop
      vertex 24 33.0176 4.01815
      vertex 24 34.0355 2.41447
      vertex 24 33.5438 1.98323
    endloop
  endfacet
  facet normal -1 0 0
    outer loop
      vertex 24 34.8301 3.45
      vertex 24 33.5 4.21795
      vertex 24 33.7175 4.36329
    endloop
  endfacet
  facet normal -1 0 0
    outer loop
      vertex 24 34.4668 2.90619
      vertex 24 33.2654 4.10224
      vertex 24 33.5 4.21795
    endloop
  endfacet
  facet normal -1 0 0
    outer loop
      vertex 24 34.0355 2.41447
      vertex 24 33.0176 4.01815
      vertex 24 33.2654 4.10224
    endloop
  endfacet
  facet normal -1 0 0
    outer loop
      vertex 24 32.5 3.95
      vertex 24 33.5438 1.98323
      vertex 24 33 1.61987
    endloop
  endfacet
  facet normal -1 0 0
    outer loop
      vertex 24 33.5438 1.98323
      vertex 24 32.7611 3.96711
      vertex 24 33.0176 4.01815
    endloop
  endfacet
  facet normal -1 0 0
    outer loop
      vertex 24 33.5438 1.98323
      vertex 24 32.5 3.95
      vertex 24 32.7611 3.96711
    endloop
  endfacet
  facet normal -1 0 0
    outer loop
      vertex 24 32.2389 3.96711
      vertex 24 33 1.61987
      vertex 24 32.4134 1.3306
    endloop
  endfacet
  facet normal -1 0 0
    outer loop
      vertex 24 33 1.61987
      vertex 24 32.2389 3.96711
      vertex 24 32.5 3.95
    endloop
  endfacet
  facet normal -1 0 0
    outer loop
      vertex 24 32.4134 1.3306
      vertex 24 31.9824 4.01815
      vertex 24 32.2389 3.96711
    endloop
  endfacet
  facet normal -1 0 0
    outer loop
      vertex 24 31.7941 1.12037
      vertex 24 31.9824 4.01815
      vertex 24 32.4134 1.3306
    endloop
  endfacet
  facet normal -1 0 0
    outer loop
      vertex 24 31.7941 1.12037
      vertex 24 31.7346 4.10224
      vertex 24 31.9824 4.01815
    endloop
  endfacet
  facet normal -1 0 0
    outer loop
      vertex 24 31.1526 0.992775
      vertex 24 31.7346 4.10224
      vertex 24 31.7941 1.12037
    endloop
  endfacet
  facet normal -1 0 0
    outer loop
      vertex 24 31 0.982771
      vertex 24 31.7346 4.10224
      vertex 24 31.1526 0.992775
    endloop
  endfacet
  facet normal -1 -0 0
    outer loop
      vertex 24 31.7346 4.10224
      vertex 24 31 0.982771
      vertex 24 31.5 4.21795
    endloop
  endfacet
  facet normal -1 -0 0
    outer loop
      vertex 24 31.5 4.21795
      vertex 24 31 0.982771
      vertex 24 31.2825 4.36329
    endloop
  endfacet
  facet normal -1 -0 0
    outer loop
      vertex 24 31.2825 4.36329
      vertex 24 31 0.982771
      vertex 24 31.0858 4.53579
    endloop
  endfacet
  facet normal -1 -0 0
    outer loop
      vertex 24 31.0858 4.53579
      vertex 24 31 0.982771
      vertex 24 31 4.63361
    endloop
  endfacet
  facet normal -1 0 0
    outer loop
      vertex 24 35.4572 6.60263
      vertex 24 34.3478 6.71537
      vertex 24 35.3296 7.24409
    endloop
  endfacet
  facet normal -1 0 0
    outer loop
      vertex 24 34.232 6.95
      vertex 24 35.3296 7.24409
      vertex 24 34.3478 6.71537
    endloop
  endfacet
  facet normal -1 -0 0
    outer loop
      vertex 24 35.3296 7.24409
      vertex 24 34.232 6.95
      vertex 24 35.1194 7.86342
    endloop
  endfacet
  facet normal -1 0 0
    outer loop
      vertex 24 34.0867 7.16752
      vertex 24 35.1194 7.86342
      vertex 24 34.232 6.95
    endloop
  endfacet
  facet normal -1 0 0
    outer loop
      vertex 24 33.9142 7.36421
      vertex 24 35.1194 7.86342
      vertex 24 34.0867 7.16752
    endloop
  endfacet
  facet normal -1 -0 0
    outer loop
      vertex 24 35.1194 7.86342
      vertex 24 33.9142 7.36421
      vertex 24 34.8301 8.45
    endloop
  endfacet
  facet normal -1 0 0
    outer loop
      vertex 24 33.7175 7.53671
      vertex 24 34.8301 8.45
      vertex 24 33.9142 7.36421
    endloop
  endfacet
  facet normal -1 0 0
    outer loop
      vertex 24 33.5 7.68205
      vertex 24 34.8301 8.45
      vertex 24 33.7175 7.53671
    endloop
  endfacet
  facet normal -1 -0 0
    outer loop
      vertex 24 34.8301 8.45
      vertex 24 33.5 7.68205
      vertex 24 34.4668 8.99381
    endloop
  endfacet
  facet normal -1 0 0
    outer loop
      vertex 24 33.2654 7.79776
      vertex 24 34.4668 8.99381
      vertex 24 33.5 7.68205
    endloop
  endfacet
  facet normal -1 -0 0
    outer loop
      vertex 24 34.4668 8.99381
      vertex 24 33.2654 7.79776
      vertex 24 34.0355 9.48553
    endloop
  endfacet
  facet normal -1 0 0
    outer loop
      vertex 24 33.0176 7.88185
      vertex 24 34.0355 9.48553
      vertex 24 33.2654 7.79776
    endloop
  endfacet
  facet normal -1 -0 0
    outer loop
      vertex 24 34.0355 9.48553
      vertex 24 33.0176 7.88185
      vertex 24 33.5438 9.91677
    endloop
  endfacet
  facet normal -1 0 0
    outer loop
      vertex 24 32.7611 7.93289
      vertex 24 33.5438 9.91677
      vertex 24 33.0176 7.88185
    endloop
  endfacet
  facet normal -1 0 0
    outer loop
      vertex 24 32.5 7.95
      vertex 24 33.5438 9.91677
      vertex 24 32.7611 7.93289
    endloop
  endfacet
  facet normal -1 -0 0
    outer loop
      vertex 24 33.5438 9.91677
      vertex 24 32.5 7.95
      vertex 24 33 10.2801
    endloop
  endfacet
  facet normal -1 0 0
    outer loop
      vertex 24 32.2389 7.93289
      vertex 24 33 10.2801
      vertex 24 32.5 7.95
    endloop
  endfacet
  facet normal -1 -0 0
    outer loop
      vertex 24 33 10.2801
      vertex 24 32.2389 7.93289
      vertex 24 32.4134 10.5694
    endloop
  endfacet
  facet normal -1 0 0
    outer loop
      vertex 24 31.9824 7.88185
      vertex 24 32.4134 10.5694
      vertex 24 32.2389 7.93289
    endloop
  endfacet
  facet normal -1 0 0
    outer loop
      vertex 24 31.9824 7.88185
      vertex 24 31.7941 10.7796
      vertex 24 32.4134 10.5694
    endloop
  endfacet
  facet normal -1 0 0
    outer loop
      vertex 24 31.7346 7.79776
      vertex 24 31.7941 10.7796
      vertex 24 31.9824 7.88185
    endloop
  endfacet
  facet normal -1 0 0
    outer loop
      vertex 24 31 10.9172
      vertex 24 31.7346 7.79776
      vertex 24 31.5 7.68205
    endloop
  endfacet
  facet normal -1 0 0
    outer loop
      vertex 24 31 10.9172
      vertex 24 31.5 7.68205
      vertex 24 31.2825 7.53671
    endloop
  endfacet
  facet normal -1 0 0
    outer loop
      vertex 24 31.7346 7.79776
      vertex 24 31.1526 10.9072
      vertex 24 31.7941 10.7796
    endloop
  endfacet
  facet normal -1 0 0
    outer loop
      vertex 24 31 10.9172
      vertex 24 31.2825 7.53671
      vertex 24 31.0858 7.36421
    endloop
  endfacet
  facet normal -1 0 0
    outer loop
      vertex 24 31 10.9172
      vertex 24 31.0858 7.36421
      vertex 24 31 7.26639
    endloop
  endfacet
  facet normal -1 0 0
    outer loop
      vertex 24 31.7346 7.79776
      vertex 24 31 10.9172
      vertex 24 31.1526 10.9072
    endloop
  endfacet
  facet normal 0 0.896854 -0.442327
    outer loop
      vertex 32 34.8301 3.45
      vertex 24 35.1194 4.03658
      vertex 32 35.1194 4.03658
    endloop
  endfacet
  facet normal 0 0.896854 -0.442327
    outer loop
      vertex 24 35.1194 4.03658
      vertex 32 34.8301 3.45
      vertex 24 34.8301 3.45
    endloop
  endfacet
  facet normal 0 -0.751784 -0.659409
    outer loop
      vertex 24 26.9645 2.41447
      vertex 32 26.5332 2.90619
      vertex 24 26.5332 2.90619
    endloop
  endfacet
  facet normal 0 -0.751784 -0.659409
    outer loop
      vertex 32 26.5332 2.90619
      vertex 24 26.9645 2.41447
      vertex 32 26.9645 2.41447
    endloop
  endfacet
  facet normal 0 -0.195047 0.980794
    outer loop
      vertex 24 29.4 10.8182
      vertex 32 29.2059 10.7796
      vertex 32 29.4 10.8182
    endloop
  endfacet
  facet normal 0 -0.195047 0.980794
    outer loop
      vertex 32 29.2059 10.7796
      vertex 24 29.4 10.8182
      vertex 24 29.2059 10.7796
    endloop
  endfacet
  facet normal 0 0.946946 0.321393
    outer loop
      vertex 32 35.3296 7.24409
      vertex 24 35.1194 7.86342
      vertex 32 35.1194 7.86342
    endloop
  endfacet
  facet normal 0 0.946946 0.321393
    outer loop
      vertex 24 35.1194 7.86342
      vertex 32 35.3296 7.24409
      vertex 24 35.3296 7.24409
    endloop
  endfacet
  facet normal 0 -0.555543 0.831488
    outer loop
      vertex 24 28 10.2801
      vertex 32 27.4562 9.91677
      vertex 32 28 10.2801
    endloop
  endfacet
  facet normal 0 -0.555543 0.831488
    outer loop
      vertex 32 27.4562 9.91677
      vertex 24 28 10.2801
      vertex 24 27.4562 9.91677
    endloop
  endfacet
  facet normal -0 0.0653905 0.99786
    outer loop
      vertex 24 31.1526 10.9072
      vertex 32 31 10.9172
      vertex 32 31.1526 10.9072
    endloop
  endfacet
  facet normal 0 0.0653905 0.99786
    outer loop
      vertex 32 31 10.9172
      vertex 24 31.1526 10.9072
      vertex 24 31 10.9172
    endloop
  endfacet
  facet normal -0 0.195087 0.980786
    outer loop
      vertex 24 31.7941 10.7796
      vertex 32 31.1526 10.9072
      vertex 32 31.7941 10.7796
    endloop
  endfacet
  facet normal 0 0.195087 0.980786
    outer loop
      vertex 32 31.1526 10.9072
      vertex 24 31.7941 10.7796
      vertex 24 31.1526 10.9072
    endloop
  endfacet
  facet normal 0 -0.980784 -0.195096
    outer loop
      vertex 24 25.6704 4.6559
      vertex 32 25.5428 5.29737
      vertex 24 25.5428 5.29737
    endloop
  endfacet
  facet normal 0 -0.980784 -0.195096
    outer loop
      vertex 32 25.5428 5.29737
      vertex 24 25.6704 4.6559
      vertex 32 25.6704 4.6559
    endloop
  endfacet
  facet normal 0 -0.321407 0.946941
    outer loop
      vertex 24 29.2059 10.7796
      vertex 32 28.5866 10.5694
      vertex 32 29.2059 10.7796
    endloop
  endfacet
  facet normal 0 -0.321407 0.946941
    outer loop
      vertex 32 28.5866 10.5694
      vertex 24 29.2059 10.7796
      vertex 24 28.5866 10.5694
    endloop
  endfacet
  facet normal 0 0.896854 0.442327
    outer loop
      vertex 32 35.1194 7.86342
      vertex 24 34.8301 8.45
      vertex 32 34.8301 8.45
    endloop
  endfacet
  facet normal 0 0.896854 0.442327
    outer loop
      vertex 24 34.8301 8.45
      vertex 32 35.1194 7.86342
      vertex 24 35.1194 7.86342
    endloop
  endfacet
  facet normal 0 -0.442221 -0.896906
    outer loop
      vertex 24 28 1.61987
      vertex 32 28.0403 1.6
      vertex 32 28 1.61987
    endloop
  endfacet
  facet normal -0 -0.442221 -0.896906
    outer loop
      vertex 32 28.0403 1.6
      vertex 24 28 1.61987
      vertex 24 28.0403 1.6
    endloop
  endfacet
  facet normal 0 -0.831514 -0.555504
    outer loop
      vertex 24 26.5332 2.90619
      vertex 32 26.1699 3.45
      vertex 24 26.1699 3.45
    endloop
  endfacet
  facet normal 0 -0.831514 -0.555504
    outer loop
      vertex 32 26.1699 3.45
      vertex 24 26.5332 2.90619
      vertex 32 26.5332 2.90619
    endloop
  endfacet
  facet normal 0 -0.896854 0.442327
    outer loop
      vertex 24 25.8806 7.86342
      vertex 32 26.1699 8.45
      vertex 24 26.1699 8.45
    endloop
  endfacet
  facet normal 0 -0.896854 0.442327
    outer loop
      vertex 32 26.1699 8.45
      vertex 24 25.8806 7.86342
      vertex 32 25.8806 7.86342
    endloop
  endfacet
  facet normal 0 -0.980784 0.195099
    outer loop
      vertex 24 25.5428 6.60263
      vertex 32 25.6704 7.24409
      vertex 24 25.6704 7.24409
    endloop
  endfacet
  facet normal 0 -0.980784 0.195099
    outer loop
      vertex 32 25.6704 7.24409
      vertex 24 25.5428 6.60263
      vertex 32 25.5428 6.60263
    endloop
  endfacet
  facet normal 0 0.659372 -0.751817
    outer loop
      vertex 24 33.5438 1.98323
      vertex 32 34.0355 2.41447
      vertex 32 33.5438 1.98323
    endloop
  endfacet
  facet normal 0 0.659372 -0.751817
    outer loop
      vertex 32 34.0355 2.41447
      vertex 24 33.5438 1.98323
      vertex 24 34.0355 2.41447
    endloop
  endfacet
  facet normal 0 -0.659372 0.751817
    outer loop
      vertex 24 27.4562 9.91677
      vertex 32 26.9645 9.48553
      vertex 32 27.4562 9.91677
    endloop
  endfacet
  facet normal 0 -0.659372 0.751817
    outer loop
      vertex 32 26.9645 9.48553
      vertex 24 27.4562 9.91677
      vertex 24 26.9645 9.48553
    endloop
  endfacet
  facet normal 0 0.997856 -0.0654402
    outer loop
      vertex 32 35.4572 5.29737
      vertex 24 35.5 5.95
      vertex 32 35.5 5.95
    endloop
  endfacet
  facet normal 0 0.997856 -0.0654402
    outer loop
      vertex 24 35.5 5.95
      vertex 32 35.4572 5.29737
      vertex 24 35.4572 5.29737
    endloop
  endfacet
  facet normal -0 0.442314 0.89686
    outer loop
      vertex 24 33 10.2801
      vertex 32 32.4134 10.5694
      vertex 32 33 10.2801
    endloop
  endfacet
  facet normal 0 0.442314 0.89686
    outer loop
      vertex 32 32.4134 10.5694
      vertex 24 33 10.2801
      vertex 24 32.4134 10.5694
    endloop
  endfacet
  facet normal 0 0.980784 0.195099
    outer loop
      vertex 32 35.4572 6.60263
      vertex 24 35.3296 7.24409
      vertex 32 35.3296 7.24409
    endloop
  endfacet
  facet normal 0 0.980784 0.195099
    outer loop
      vertex 24 35.3296 7.24409
      vertex 32 35.4572 6.60263
      vertex 24 35.4572 6.60263
    endloop
  endfacet
  facet normal 0 -0.555575 -0.831466
    outer loop
      vertex 24 27.4562 1.98323
      vertex 32 28 1.61987
      vertex 32 27.4562 1.98323
    endloop
  endfacet
  facet normal -0 -0.555575 -0.831466
    outer loop
      vertex 32 28 1.61987
      vertex 24 27.4562 1.98323
      vertex 24 28 1.61987
    endloop
  endfacet
  facet normal 0 -0.896854 -0.442327
    outer loop
      vertex 24 26.1699 3.45
      vertex 32 25.8806 4.03658
      vertex 24 25.8806 4.03658
    endloop
  endfacet
  facet normal 0 -0.896854 -0.442327
    outer loop
      vertex 32 25.8806 4.03658
      vertex 24 26.1699 3.45
      vertex 32 26.1699 3.45
    endloop
  endfacet
  facet normal 0 0.997856 0.0654402
    outer loop
      vertex 32 35.5 5.95
      vertex 24 35.4572 6.60263
      vertex 32 35.4572 6.60263
    endloop
  endfacet
  facet normal 0 0.997856 0.0654402
    outer loop
      vertex 24 35.4572 6.60263
      vertex 32 35.5 5.95
      vertex 24 35.5 5.95
    endloop
  endfacet
  facet normal 0 0.751784 -0.659409
    outer loop
      vertex 32 34.0355 2.41447
      vertex 24 34.4668 2.90619
      vertex 32 34.4668 2.90619
    endloop
  endfacet
  facet normal 0 0.751784 -0.659409
    outer loop
      vertex 24 34.4668 2.90619
      vertex 32 34.0355 2.41447
      vertex 24 34.0355 2.41447
    endloop
  endfacet
  facet normal 0 0.946944 -0.321397
    outer loop
      vertex 32 35.1194 4.03658
      vertex 24 35.3296 4.6559
      vertex 32 35.3296 4.6559
    endloop
  endfacet
  facet normal 0 0.946944 -0.321397
    outer loop
      vertex 24 35.3296 4.6559
      vertex 32 35.1194 4.03658
      vertex 24 35.1194 4.03658
    endloop
  endfacet
  facet normal 0 -0.442314 0.89686
    outer loop
      vertex 24 28.5866 10.5694
      vertex 32 28 10.2801
      vertex 32 28.5866 10.5694
    endloop
  endfacet
  facet normal 0 -0.442314 0.89686
    outer loop
      vertex 32 28 10.2801
      vertex 24 28.5866 10.5694
      vertex 24 28 10.2801
    endloop
  endfacet
  facet normal -0 0.555543 0.831488
    outer loop
      vertex 24 33.5438 9.91677
      vertex 32 33 10.2801
      vertex 32 33.5438 9.91677
    endloop
  endfacet
  facet normal 0 0.555543 0.831488
    outer loop
      vertex 32 33 10.2801
      vertex 24 33.5438 9.91677
      vertex 24 33 10.2801
    endloop
  endfacet
  facet normal 0 -0.831514 0.555504
    outer loop
      vertex 24 26.1699 8.45
      vertex 32 26.5332 8.99381
      vertex 24 26.5332 8.99381
    endloop
  endfacet
  facet normal 0 -0.831514 0.555504
    outer loop
      vertex 32 26.5332 8.99381
      vertex 24 26.1699 8.45
      vertex 32 26.1699 8.45
    endloop
  endfacet
  facet normal 0 -0.997856 -0.0654402
    outer loop
      vertex 24 25.5428 5.29737
      vertex 32 25.5 5.95
      vertex 24 25.5 5.95
    endloop
  endfacet
  facet normal 0 -0.997856 -0.0654402
    outer loop
      vertex 32 25.5 5.95
      vertex 24 25.5428 5.29737
      vertex 32 25.5428 5.29737
    endloop
  endfacet
  facet normal 0 -0.997856 0.0654402
    outer loop
      vertex 24 25.5 5.95
      vertex 32 25.5428 6.60263
      vertex 24 25.5428 6.60263
    endloop
  endfacet
  facet normal 0 -0.997856 0.0654402
    outer loop
      vertex 32 25.5428 6.60263
      vertex 24 25.5 5.95
      vertex 32 25.5 5.95
    endloop
  endfacet
  facet normal 1 -0 0
    outer loop
      vertex 32 34.4829 6.21105
      vertex 32 35.5 5.95
      vertex 32 35.4572 6.60263
    endloop
  endfacet
  facet normal 1 -0 0
    outer loop
      vertex 32 34.3478 6.71537
      vertex 32 35.4572 6.60263
      vertex 32 35.3296 7.24409
    endloop
  endfacet
  facet normal 1 0 0
    outer loop
      vertex 32 35.5 5.95
      vertex 32 34.4829 6.21105
      vertex 32 34.5 5.95
    endloop
  endfacet
  facet normal 1 0 0
    outer loop
      vertex 32 34.232 6.95
      vertex 32 35.3296 7.24409
      vertex 32 35.1194 7.86342
    endloop
  endfacet
  facet normal 1 0 0
    outer loop
      vertex 32 34.4829 5.68895
      vertex 32 35.5 5.95
      vertex 32 34.5 5.95
    endloop
  endfacet
  facet normal 1 0 0
    outer loop
      vertex 32 33.9142 7.36421
      vertex 32 35.1194 7.86342
      vertex 32 34.8301 8.45
    endloop
  endfacet
  facet normal 1 0 0
    outer loop
      vertex 32 35.5 5.95
      vertex 32 34.4829 5.68895
      vertex 32 35.4572 5.29737
    endloop
  endfacet
  facet normal 1 0 0
    outer loop
      vertex 32 34.3478 5.18463
      vertex 32 35.4572 5.29737
      vertex 32 34.4319 5.43236
    endloop
  endfacet
  facet normal 1 -0 0
    outer loop
      vertex 32 34.4319 5.43236
      vertex 32 35.4572 5.29737
      vertex 32 34.4829 5.68895
    endloop
  endfacet
  facet normal 1 0 0
    outer loop
      vertex 32 33.5 7.68205
      vertex 32 34.8301 8.45
      vertex 32 34.4668 8.99381
    endloop
  endfacet
  facet normal 1 0 0
    outer loop
      vertex 32 35.4572 6.60263
      vertex 32 34.4319 6.46764
      vertex 32 34.4829 6.21105
    endloop
  endfacet
  facet normal 1 0 0
    outer loop
      vertex 32 35.4572 6.60263
      vertex 32 34.3478 6.71537
      vertex 32 34.4319 6.46764
    endloop
  endfacet
  facet normal 1 0 0
    outer loop
      vertex 32 35.3296 7.24409
      vertex 32 34.232 6.95
      vertex 32 34.3478 6.71537
    endloop
  endfacet
  facet normal 1 0 0
    outer loop
      vertex 32 35.1194 7.86342
      vertex 32 34.0867 7.16752
      vertex 32 34.232 6.95
    endloop
  endfacet
  facet normal 1 0 0
    outer loop
      vertex 32 33.2654 7.79776
      vertex 32 34.4668 8.99381
      vertex 32 34.0355 9.48553
    endloop
  endfacet
  facet normal 1 0 0
    outer loop
      vertex 32 35.1194 7.86342
      vertex 32 33.9142 7.36421
      vertex 32 34.0867 7.16752
    endloop
  endfacet
  facet normal 1 0 0
    outer loop
      vertex 32 34.8301 8.45
      vertex 32 33.7175 7.53671
      vertex 32 33.9142 7.36421
    endloop
  endfacet
  facet normal 1 0 0
    outer loop
      vertex 32 33.0176 7.88185
      vertex 32 34.0355 9.48553
      vertex 32 33.5438 9.91677
    endloop
  endfacet
  facet normal 1 0 0
    outer loop
      vertex 32 34.8301 8.45
      vertex 32 33.5 7.68205
      vertex 32 33.7175 7.53671
    endloop
  endfacet
  facet normal 1 0 0
    outer loop
      vertex 32 34.4668 8.99381
      vertex 32 33.2654 7.79776
      vertex 32 33.5 7.68205
    endloop
  endfacet
  facet normal 1 0 0
    outer loop
      vertex 32 34.0355 9.48553
      vertex 32 33.0176 7.88185
      vertex 32 33.2654 7.79776
    endloop
  endfacet
  facet normal 1 0 0
    outer loop
      vertex 32 32.5 7.95
      vertex 32 33.5438 9.91677
      vertex 32 33 10.2801
    endloop
  endfacet
  facet normal 1 0 0
    outer loop
      vertex 32 33.5438 9.91677
      vertex 32 32.7611 7.93289
      vertex 32 33.0176 7.88185
    endloop
  endfacet
  facet normal 1 0 0
    outer loop
      vertex 32 33.5438 9.91677
      vertex 32 32.5 7.95
      vertex 32 32.7611 7.93289
    endloop
  endfacet
  facet normal 1 0 0
    outer loop
      vertex 32 32.2389 7.93289
      vertex 32 33 10.2801
      vertex 32 32.4134 10.5694
    endloop
  endfacet
  facet normal 1 0 0
    outer loop
      vertex 32 33 10.2801
      vertex 32 32.2389 7.93289
      vertex 32 32.5 7.95
    endloop
  endfacet
  facet normal 1 0 0
    outer loop
      vertex 32 32.4134 10.5694
      vertex 32 31.9824 7.88185
      vertex 32 32.2389 7.93289
    endloop
  endfacet
  facet normal 1 0 0
    outer loop
      vertex 32 31.7941 10.7796
      vertex 32 31.9824 7.88185
      vertex 32 32.4134 10.5694
    endloop
  endfacet
  facet normal 1 0 0
    outer loop
      vertex 32 31.7941 10.7796
      vertex 32 31.7346 7.79776
      vertex 32 31.9824 7.88185
    endloop
  endfacet
  facet normal 1 0 0
    outer loop
      vertex 32 31.1526 10.9072
      vertex 32 31.7346 7.79776
      vertex 32 31.7941 10.7796
    endloop
  endfacet
  facet normal 1 0 0
    outer loop
      vertex 32 31 10.9172
      vertex 32 31.7346 7.79776
      vertex 32 31.1526 10.9072
    endloop
  endfacet
  facet normal 1 0 0
    outer loop
      vertex 32 31.7346 7.79776
      vertex 32 31 10.9172
      vertex 32 31.5 7.68205
    endloop
  endfacet
  facet normal 1 0 0
    outer loop
      vertex 32 31.5 7.68205
      vertex 32 31 10.9172
      vertex 32 31.2825 7.53671
    endloop
  endfacet
  facet normal 1 0 0
    outer loop
      vertex 32 31.2825 7.53671
      vertex 32 31 10.9172
      vertex 32 31.0858 7.36421
    endloop
  endfacet
  facet normal 1 0 0
    outer loop
      vertex 32 31.0858 7.36421
      vertex 32 31 10.9172
      vertex 32 31 7.26639
    endloop
  endfacet
  facet normal 1 0 0
    outer loop
      vertex 32 35.4572 5.29737
      vertex 32 34.3478 5.18463
      vertex 32 35.3296 4.6559
    endloop
  endfacet
  facet normal 1 -0 0
    outer loop
      vertex 32 34.232 4.95
      vertex 32 35.3296 4.6559
      vertex 32 34.3478 5.18463
    endloop
  endfacet
  facet normal 1 0 0
    outer loop
      vertex 32 35.3296 4.6559
      vertex 32 34.232 4.95
      vertex 32 35.1194 4.03658
    endloop
  endfacet
  facet normal 1 -0 0
    outer loop
      vertex 32 34.0867 4.73248
      vertex 32 35.1194 4.03658
      vertex 32 34.232 4.95
    endloop
  endfacet
  facet normal 1 -0 0
    outer loop
      vertex 32 33.9142 4.53579
      vertex 32 35.1194 4.03658
      vertex 32 34.0867 4.73248
    endloop
  endfacet
  facet normal 1 0 0
    outer loop
      vertex 32 35.1194 4.03658
      vertex 32 33.9142 4.53579
      vertex 32 34.8301 3.45
    endloop
  endfacet
  facet normal 1 -0 0
    outer loop
      vertex 32 33.7175 4.36329
      vertex 32 34.8301 3.45
      vertex 32 33.9142 4.53579
    endloop
  endfacet
  facet normal 1 -0 0
    outer loop
      vertex 32 33.5 4.21795
      vertex 32 34.8301 3.45
      vertex 32 33.7175 4.36329
    endloop
  endfacet
  facet normal 1 0 0
    outer loop
      vertex 32 34.8301 3.45
      vertex 32 33.5 4.21795
      vertex 32 34.4668 2.90619
    endloop
  endfacet
  facet normal 1 -0 0
    outer loop
      vertex 32 33.2654 4.10224
      vertex 32 34.4668 2.90619
      vertex 32 33.5 4.21795
    endloop
  endfacet
  facet normal 1 0 0
    outer loop
      vertex 32 34.4668 2.90619
      vertex 32 33.2654 4.10224
      vertex 32 34.0355 2.41447
    endloop
  endfacet
  facet normal 1 -0 0
    outer loop
      vertex 32 33.0176 4.01815
      vertex 32 34.0355 2.41447
      vertex 32 33.2654 4.10224
    endloop
  endfacet
  facet normal 1 0 0
    outer loop
      vertex 32 34.0355 2.41447
      vertex 32 33.0176 4.01815
      vertex 32 33.5438 1.98323
    endloop
  endfacet
  facet normal 1 -0 0
    outer loop
      vertex 32 32.7611 3.96711
      vertex 32 33.5438 1.98323
      vertex 32 33.0176 4.01815
    endloop
  endfacet
  facet normal 1 -0 0
    outer loop
      vertex 32 32.5 3.95
      vertex 32 33.5438 1.98323
      vertex 32 32.7611 3.96711
    endloop
  endfacet
  facet normal 1 0 0
    outer loop
      vertex 32 33.5438 1.98323
      vertex 32 32.5 3.95
      vertex 32 33 1.61987
    endloop
  endfacet
  facet normal 1 0 0
    outer loop
      vertex 32 32.2389 3.96711
      vertex 32 33 1.61987
      vertex 32 32.5 3.95
    endloop
  endfacet
  facet normal 1 0 0
    outer loop
      vertex 32 33 1.61987
      vertex 32 32.2389 3.96711
      vertex 32 32.4134 1.3306
    endloop
  endfacet
  facet normal 1 0 0
    outer loop
      vertex 32 31.9824 4.01815
      vertex 32 32.4134 1.3306
      vertex 32 32.2389 3.96711
    endloop
  endfacet
  facet normal 1 0 0
    outer loop
      vertex 32 31.9824 4.01815
      vertex 32 31.7941 1.12037
      vertex 32 32.4134 1.3306
    endloop
  endfacet
  facet normal 1 0 0
    outer loop
      vertex 32 31.7346 4.10224
      vertex 32 31.7941 1.12037
      vertex 32 31.9824 4.01815
    endloop
  endfacet
  facet normal 1 0 0
    outer loop
      vertex 32 31 0.982771
      vertex 32 31.7346 4.10224
      vertex 32 31.5 4.21795
    endloop
  endfacet
  facet normal 1 0 0
    outer loop
      vertex 32 31 0.982771
      vertex 32 31.5 4.21795
      vertex 32 31.2825 4.36329
    endloop
  endfacet
  facet normal 1 0 0
    outer loop
      vertex 32 31.7346 4.10224
      vertex 32 31.1526 0.992775
      vertex 32 31.7941 1.12037
    endloop
  endfacet
  facet normal 1 0 0
    outer loop
      vertex 32 31 0.982771
      vertex 32 31.2825 4.36329
      vertex 32 31.0858 4.53579
    endloop
  endfacet
  facet normal 1 0 0
    outer loop
      vertex 32 31 0.982771
      vertex 32 31.0858 4.53579
      vertex 32 31 4.63361
    endloop
  endfacet
  facet normal 1 0 0
    outer loop
      vertex 32 31.7346 4.10224
      vertex 32 31 0.982771
      vertex 32 31.1526 0.992775
    endloop
  endfacet
  facet normal 1 0 0
    outer loop
      vertex 32 28.5866 10.5694
      vertex 32 29.4 10.8182
      vertex 32 29.2059 10.7796
    endloop
  endfacet
  facet normal 1 0 0
    outer loop
      vertex 32 29.4 10.8182
      vertex 32 28.5866 10.5694
      vertex 32 29.4 1.6
    endloop
  endfacet
  facet normal 1 -0 0
    outer loop
      vertex 32 28 10.2801
      vertex 32 29.4 1.6
      vertex 32 28.5866 10.5694
    endloop
  endfacet
  facet normal 1 -0 0
    outer loop
      vertex 32 27.4562 9.91677
      vertex 32 29.4 1.6
      vertex 32 28 10.2801
    endloop
  endfacet
  facet normal 1 -0 0
    outer loop
      vertex 32 26.9645 9.48553
      vertex 32 29.4 1.6
      vertex 32 27.4562 9.91677
    endloop
  endfacet
  facet normal 1 -0 -0
    outer loop
      vertex 32 28 1.61987
      vertex 32 29.4 1.6
      vertex 32 27.4562 1.98323
    endloop
  endfacet
  facet normal 1 0 0
    outer loop
      vertex 32 29.4 1.6
      vertex 32 28 1.61987
      vertex 32 28.0403 1.6
    endloop
  endfacet
  facet normal 1 -0 0
    outer loop
      vertex 32 26.5332 8.99381
      vertex 32 29.4 1.6
      vertex 32 26.9645 9.48553
    endloop
  endfacet
  facet normal 1 0 0
    outer loop
      vertex 32 29.4 1.6
      vertex 32 26.9645 2.41447
      vertex 32 27.4562 1.98323
    endloop
  endfacet
  facet normal 1 -0 0
    outer loop
      vertex 32 26.1699 8.45
      vertex 32 29.4 1.6
      vertex 32 26.5332 8.99381
    endloop
  endfacet
  facet normal 1 0 0
    outer loop
      vertex 32 29.4 1.6
      vertex 32 26.5332 2.90619
      vertex 32 26.9645 2.41447
    endloop
  endfacet
  facet normal 1 -0 0
    outer loop
      vertex 32 25.8806 7.86342
      vertex 32 29.4 1.6
      vertex 32 26.1699 8.45
    endloop
  endfacet
  facet normal 1 0 0
    outer loop
      vertex 32 29.4 1.6
      vertex 32 26.1699 3.45
      vertex 32 26.5332 2.90619
    endloop
  endfacet
  facet normal 1 -0 0
    outer loop
      vertex 32 25.6704 7.24409
      vertex 32 29.4 1.6
      vertex 32 25.8806 7.86342
    endloop
  endfacet
  facet normal 1 0 0
    outer loop
      vertex 32 29.4 1.6
      vertex 32 25.8806 4.03658
      vertex 32 26.1699 3.45
    endloop
  endfacet
  facet normal 1 -0 0
    outer loop
      vertex 32 25.5428 6.60263
      vertex 32 29.4 1.6
      vertex 32 25.6704 7.24409
    endloop
  endfacet
  facet normal 1 0 0
    outer loop
      vertex 32 29.4 1.6
      vertex 32 25.6704 4.6559
      vertex 32 25.8806 4.03658
    endloop
  endfacet
  facet normal 1 -0 0
    outer loop
      vertex 32 25.5 5.95
      vertex 32 29.4 1.6
      vertex 32 25.5428 6.60263
    endloop
  endfacet
  facet normal 1 0 0
    outer loop
      vertex 32 29.4 1.6
      vertex 32 25.5428 5.29737
      vertex 32 25.6704 4.6559
    endloop
  endfacet
  facet normal 1 0 0
    outer loop
      vertex 32 29.4 1.6
      vertex 32 25.5 5.95
      vertex 32 25.5428 5.29737
    endloop
  endfacet
  facet normal 0 -0.946946 0.321393
    outer loop
      vertex 24 25.6704 7.24409
      vertex 32 25.8806 7.86342
      vertex 24 25.8806 7.86342
    endloop
  endfacet
  facet normal 0 -0.946946 0.321393
    outer loop
      vertex 32 25.8806 7.86342
      vertex 24 25.6704 7.24409
      vertex 32 25.6704 7.24409
    endloop
  endfacet
  facet normal 0 -0.751784 0.659409
    outer loop
      vertex 24 26.5332 8.99381
      vertex 32 26.9645 9.48553
      vertex 24 26.9645 9.48553
    endloop
  endfacet
  facet normal 0 -0.751784 0.659409
    outer loop
      vertex 32 26.9645 9.48553
      vertex 24 26.5332 8.99381
      vertex 32 26.5332 8.99381
    endloop
  endfacet
  facet normal -0 0.659372 0.751817
    outer loop
      vertex 24 34.0355 9.48553
      vertex 32 33.5438 9.91677
      vertex 32 34.0355 9.48553
    endloop
  endfacet
  facet normal 0 0.659372 0.751817
    outer loop
      vertex 32 33.5438 9.91677
      vertex 24 34.0355 9.48553
      vertex 24 33.5438 9.91677
    endloop
  endfacet
  facet normal -0.980757 -0.195234 0
    outer loop
      vertex 15.8701 24.9068 0.589999
      vertex 15.7807 25.3559 1.6
      vertex 15.7807 25.3559 0.589999
    endloop
  endfacet
  facet normal -0.980757 -0.195234 0
    outer loop
      vertex 15.7807 25.3559 1.6
      vertex 15.8701 24.9068 0.589999
      vertex 15.8701 24.9068 1.6
    endloop
  endfacet
  facet normal -0.997865 -0.0653156 0
    outer loop
      vertex 15.9 24.45 0.589999
      vertex 15.8701 24.9068 1.6
      vertex 15.8701 24.9068 0.589999
    endloop
  endfacet
  facet normal -0.997865 -0.0653156 0
    outer loop
      vertex 15.8701 24.9068 1.6
      vertex 15.9 24.45 0.589999
      vertex 15.9 24.45 1.6
    endloop
  endfacet
  facet normal -0.946966 -0.321335 0
    outer loop
      vertex 15.7807 25.3559 0.589999
      vertex 15.6336 25.7894 1.6
      vertex 15.6336 25.7894 0.589999
    endloop
  endfacet
  facet normal -0.946966 -0.321335 0
    outer loop
      vertex 15.6336 25.7894 1.6
      vertex 15.7807 25.3559 0.589999
      vertex 15.7807 25.3559 1.6
    endloop
  endfacet
  facet normal -0.555607 0.831445 0
    outer loop
      vertex 14.5307 21.6733 0.589999
      vertex 14.15 21.4189 1.6
      vertex 14.5307 21.6733 1.6
    endloop
  endfacet
  facet normal -0.555607 0.831445 0
    outer loop
      vertex 14.15 21.4189 1.6
      vertex 14.5307 21.6733 0.589999
      vertex 14.15 21.4189 0.589999
    endloop
  endfacet
  facet normal 0.0653156 -0.997865 0
    outer loop
      vertex 11.9432 27.9201 0.589999
      vertex 12.4 27.95 1.6
      vertex 11.9432 27.9201 1.6
    endloop
  endfacet
  facet normal 0.0653156 -0.997865 0
    outer loop
      vertex 12.4 27.95 1.6
      vertex 11.9432 27.9201 0.589999
      vertex 12.4 27.95 0.589999
    endloop
  endfacet
  facet normal -0.89686 -0.442314 0
    outer loop
      vertex 15.6336 25.7894 0.589999
      vertex 15.4311 26.2 1.6
      vertex 15.4311 26.2 0.589999
    endloop
  endfacet
  facet normal -0.89686 -0.442314 0
    outer loop
      vertex 15.4311 26.2 1.6
      vertex 15.6336 25.7894 0.589999
      vertex 15.6336 25.7894 1.6
    endloop
  endfacet
  facet normal -0.831445 0.555607 0
    outer loop
      vertex 15.1767 22.3193 0.589999
      vertex 15.4311 22.7 1.6
      vertex 15.4311 22.7 0.589999
    endloop
  endfacet
  facet normal -0.831445 0.555607 0
    outer loop
      vertex 15.4311 22.7 1.6
      vertex 15.1767 22.3193 0.589999
      vertex 15.1767 22.3193 1.6
    endloop
  endfacet
  facet normal 0.195234 -0.980757 0
    outer loop
      vertex 11.4941 27.8307 0.589999
      vertex 11.9432 27.9201 1.6
      vertex 11.4941 27.8307 1.6
    endloop
  endfacet
  facet normal 0.195234 -0.980757 0
    outer loop
      vertex 11.9432 27.9201 1.6
      vertex 11.4941 27.8307 0.589999
      vertex 11.9432 27.9201 0.589999
    endloop
  endfacet
  facet normal -0.195234 0.980757 0
    outer loop
      vertex 13.3059 21.0693 0.589999
      vertex 12.8568 20.9799 1.6
      vertex 13.3059 21.0693 1.6
    endloop
  endfacet
  facet normal -0.195234 0.980757 0
    outer loop
      vertex 12.8568 20.9799 1.6
      vertex 13.3059 21.0693 0.589999
      vertex 12.8568 20.9799 0.589999
    endloop
  endfacet
  facet normal 0.321335 -0.946966 0
    outer loop
      vertex 11.0606 27.6836 0.589999
      vertex 11.4941 27.8307 1.6
      vertex 11.0606 27.6836 1.6
    endloop
  endfacet
  facet normal 0.321335 -0.946966 0
    outer loop
      vertex 11.4941 27.8307 1.6
      vertex 11.0606 27.6836 0.589999
      vertex 11.4941 27.8307 0.589999
    endloop
  endfacet
  facet normal 0.98079 0.195066 0
    outer loop
      vertex 9.01926 23.5441 1.6
      vertex 8.92994 23.9932 0.589999
      vertex 8.92994 23.9932 1.6
    endloop
  endfacet
  facet normal 0.98079 0.195066 0
    outer loop
      vertex 8.92994 23.9932 0.589999
      vertex 9.01926 23.5441 1.6
      vertex 9.01926 23.5441 0.589999
    endloop
  endfacet
  facet normal 0.997859 0.0654026 0
    outer loop
      vertex 8.92994 23.9932 1.6
      vertex 8.9 24.45 0.589999
      vertex 8.9 24.45 1.6
    endloop
  endfacet
  facet normal 0.997859 0.0654026 0
    outer loop
      vertex 8.9 24.45 0.589999
      vertex 8.92994 23.9932 1.6
      vertex 8.92994 23.9932 0.589999
    endloop
  endfacet
  facet normal 0.751824 -0.659364 0
    outer loop
      vertex 9.62326 26.5807 1.6
      vertex 9.92513 26.9249 0.589999
      vertex 9.92513 26.9249 1.6
    endloop
  endfacet
  facet normal 0.751824 -0.659364 0
    outer loop
      vertex 9.92513 26.9249 0.589999
      vertex 9.62326 26.5807 1.6
      vertex 9.62326 26.5807 0.589999
    endloop
  endfacet
  facet normal 0.442314 -0.89686 0
    outer loop
      vertex 10.65 27.4811 0.589999
      vertex 11.0606 27.6836 1.6
      vertex 10.65 27.4811 1.6
    endloop
  endfacet
  facet normal 0.442314 -0.89686 0
    outer loop
      vertex 11.0606 27.6836 1.6
      vertex 10.65 27.4811 0.589999
      vertex 11.0606 27.6836 0.589999
    endloop
  endfacet
  facet normal -0.659278 0.7519 0
    outer loop
      vertex 14.8749 21.9751 0.589999
      vertex 14.5307 21.6733 1.6
      vertex 14.8749 21.9751 1.6
    endloop
  endfacet
  facet normal -0.659278 0.7519 0
    outer loop
      vertex 14.5307 21.6733 1.6
      vertex 14.8749 21.9751 0.589999
      vertex 14.5307 21.6733 0.589999
    endloop
  endfacet
  facet normal 0.751824 0.659364 0
    outer loop
      vertex 9.92513 21.9751 1.6
      vertex 9.62326 22.3193 0.589999
      vertex 9.62326 22.3193 1.6
    endloop
  endfacet
  facet normal 0.751824 0.659364 0
    outer loop
      vertex 9.62326 22.3193 0.589999
      vertex 9.92513 21.9751 1.6
      vertex 9.92513 21.9751 0.589999
    endloop
  endfacet
  facet normal -0.659278 -0.7519 0
    outer loop
      vertex 14.5307 27.2267 0.589999
      vertex 14.8749 26.9249 1.6
      vertex 14.5307 27.2267 1.6
    endloop
  endfacet
  facet normal -0.659278 -0.7519 -0
    outer loop
      vertex 14.8749 26.9249 1.6
      vertex 14.5307 27.2267 0.589999
      vertex 14.8749 26.9249 0.589999
    endloop
  endfacet
  facet normal -0.442314 -0.89686 0
    outer loop
      vertex 13.7394 27.6836 0.589999
      vertex 14.15 27.4811 1.6
      vertex 13.7394 27.6836 1.6
    endloop
  endfacet
  facet normal -0.442314 -0.89686 -0
    outer loop
      vertex 14.15 27.4811 1.6
      vertex 13.7394 27.6836 0.589999
      vertex 14.15 27.4811 0.589999
    endloop
  endfacet
  facet normal 0.321335 0.946966 -0
    outer loop
      vertex 11.4941 21.0693 0.589999
      vertex 11.0606 21.2164 1.6
      vertex 11.4941 21.0693 1.6
    endloop
  endfacet
  facet normal 0.321335 0.946966 0
    outer loop
      vertex 11.0606 21.2164 1.6
      vertex 11.4941 21.0693 0.589999
      vertex 11.0606 21.2164 0.589999
    endloop
  endfacet
  facet normal -0.7519 -0.659278 0
    outer loop
      vertex 15.1767 26.5807 0.589999
      vertex 14.8749 26.9249 1.6
      vertex 14.8749 26.9249 0.589999
    endloop
  endfacet
  facet normal -0.7519 -0.659278 0
    outer loop
      vertex 14.8749 26.9249 1.6
      vertex 15.1767 26.5807 0.589999
      vertex 15.1767 26.5807 1.6
    endloop
  endfacet
  facet normal -0.89686 0.442314 0
    outer loop
      vertex 15.4311 22.7 0.589999
      vertex 15.6336 23.1106 1.6
      vertex 15.6336 23.1106 0.589999
    endloop
  endfacet
  facet normal -0.89686 0.442314 0
    outer loop
      vertex 15.6336 23.1106 1.6
      vertex 15.4311 22.7 0.589999
      vertex 15.4311 22.7 1.6
    endloop
  endfacet
  facet normal 0.98079 -0.195066 0
    outer loop
      vertex 8.92994 24.9068 1.6
      vertex 9.01926 25.3559 0.589999
      vertex 9.01926 25.3559 1.6
    endloop
  endfacet
  facet normal 0.98079 -0.195066 0
    outer loop
      vertex 9.01926 25.3559 0.589999
      vertex 8.92994 24.9068 1.6
      vertex 8.92994 24.9068 0.589999
    endloop
  endfacet
  facet normal -0.555607 -0.831445 0
    outer loop
      vertex 14.15 27.4811 0.589999
      vertex 14.5307 27.2267 1.6
      vertex 14.15 27.4811 1.6
    endloop
  endfacet
  facet normal -0.555607 -0.831445 -0
    outer loop
      vertex 14.5307 27.2267 1.6
      vertex 14.15 27.4811 0.589999
      vertex 14.5307 27.2267 0.589999
    endloop
  endfacet
  facet normal 0.442314 0.89686 -0
    outer loop
      vertex 11.0606 21.2164 0.589999
      vertex 10.65 21.4189 1.6
      vertex 11.0606 21.2164 1.6
    endloop
  endfacet
  facet normal 0.442314 0.89686 0
    outer loop
      vertex 10.65 21.4189 1.6
      vertex 11.0606 21.2164 0.589999
      vertex 10.65 21.4189 0.589999
    endloop
  endfacet
  facet normal -0.997865 0.0653156 0
    outer loop
      vertex 15.8701 23.9932 0.589999
      vertex 15.9 24.45 1.6
      vertex 15.9 24.45 0.589999
    endloop
  endfacet
  facet normal -0.997865 0.0653156 0
    outer loop
      vertex 15.9 24.45 1.6
      vertex 15.8701 23.9932 0.589999
      vertex 15.8701 23.9932 1.6
    endloop
  endfacet
  facet normal 0.896869 0.442297 0
    outer loop
      vertex 9.36891 22.7 1.6
      vertex 9.16642 23.1106 0.589999
      vertex 9.16642 23.1106 1.6
    endloop
  endfacet
  facet normal 0.896869 0.442297 0
    outer loop
      vertex 9.16642 23.1106 0.589999
      vertex 9.36891 22.7 1.6
      vertex 9.36891 22.7 0.589999
    endloop
  endfacet
  facet normal -0.7519 0.659278 0
    outer loop
      vertex 14.8749 21.9751 0.589999
      vertex 15.1767 22.3193 1.6
      vertex 15.1767 22.3193 0.589999
    endloop
  endfacet
  facet normal -0.7519 0.659278 0
    outer loop
      vertex 15.1767 22.3193 1.6
      vertex 14.8749 21.9751 0.589999
      vertex 14.8749 21.9751 1.6
    endloop
  endfacet
  facet normal 0.831495 0.555532 0
    outer loop
      vertex 9.62326 22.3193 1.6
      vertex 9.36891 22.7 0.589999
      vertex 9.36891 22.7 1.6
    endloop
  endfacet
  facet normal 0.831495 0.555532 0
    outer loop
      vertex 9.36891 22.7 0.589999
      vertex 9.62326 22.3193 1.6
      vertex 9.62326 22.3193 0.589999
    endloop
  endfacet
  facet normal -0.946966 0.321335 0
    outer loop
      vertex 15.6336 23.1106 0.589999
      vertex 15.7807 23.5441 1.6
      vertex 15.7807 23.5441 0.589999
    endloop
  endfacet
  facet normal -0.946966 0.321335 0
    outer loop
      vertex 15.7807 23.5441 1.6
      vertex 15.6336 23.1106 0.589999
      vertex 15.6336 23.1106 1.6
    endloop
  endfacet
  facet normal 0.555607 0.831445 -0
    outer loop
      vertex 10.65 21.4189 0.589999
      vertex 10.2693 21.6733 1.6
      vertex 10.65 21.4189 1.6
    endloop
  endfacet
  facet normal 0.555607 0.831445 0
    outer loop
      vertex 10.2693 21.6733 1.6
      vertex 10.65 21.4189 0.589999
      vertex 10.2693 21.6733 0.589999
    endloop
  endfacet
  facet normal 0.831495 -0.555532 0
    outer loop
      vertex 9.36891 26.2 1.6
      vertex 9.62326 26.5807 0.589999
      vertex 9.62326 26.5807 1.6
    endloop
  endfacet
  facet normal 0.831495 -0.555532 0
    outer loop
      vertex 9.62326 26.5807 0.589999
      vertex 9.36891 26.2 1.6
      vertex 9.36891 26.2 0.589999
    endloop
  endfacet
  facet normal -0.831445 -0.555607 0
    outer loop
      vertex 15.4311 26.2 0.589999
      vertex 15.1767 26.5807 1.6
      vertex 15.1767 26.5807 0.589999
    endloop
  endfacet
  facet normal -0.831445 -0.555607 0
    outer loop
      vertex 15.1767 26.5807 1.6
      vertex 15.4311 26.2 0.589999
      vertex 15.4311 26.2 1.6
    endloop
  endfacet
  facet normal 0.997859 -0.0654026 0
    outer loop
      vertex 8.9 24.45 1.6
      vertex 8.92994 24.9068 0.589999
      vertex 8.92994 24.9068 1.6
    endloop
  endfacet
  facet normal 0.997859 -0.0654026 0
    outer loop
      vertex 8.92994 24.9068 0.589999
      vertex 8.9 24.45 1.6
      vertex 8.9 24.45 0.589999
    endloop
  endfacet
  facet normal -0.321335 -0.946966 0
    outer loop
      vertex 13.3059 27.8307 0.589999
      vertex 13.7394 27.6836 1.6
      vertex 13.3059 27.8307 1.6
    endloop
  endfacet
  facet normal -0.321335 -0.946966 -0
    outer loop
      vertex 13.7394 27.6836 1.6
      vertex 13.3059 27.8307 0.589999
      vertex 13.7394 27.6836 0.589999
    endloop
  endfacet
  facet normal -0.980757 0.195234 0
    outer loop
      vertex 15.7807 23.5441 0.589999
      vertex 15.8701 23.9932 1.6
      vertex 15.8701 23.9932 0.589999
    endloop
  endfacet
  facet normal -0.980757 0.195234 0
    outer loop
      vertex 15.8701 23.9932 1.6
      vertex 15.7807 23.5441 0.589999
      vertex 15.7807 23.5441 1.6
    endloop
  endfacet
  facet normal 0.946926 0.321452 0
    outer loop
      vertex 9.16642 23.1106 1.6
      vertex 9.01926 23.5441 0.589999
      vertex 9.01926 23.5441 1.6
    endloop
  endfacet
  facet normal 0.946926 0.321452 0
    outer loop
      vertex 9.01926 23.5441 0.589999
      vertex 9.16642 23.1106 1.6
      vertex 9.16642 23.1106 0.589999
    endloop
  endfacet
  facet normal -0.321335 0.946966 0
    outer loop
      vertex 13.7394 21.2164 0.589999
      vertex 13.3059 21.0693 1.6
      vertex 13.7394 21.2164 1.6
    endloop
  endfacet
  facet normal -0.321335 0.946966 0
    outer loop
      vertex 13.3059 21.0693 1.6
      vertex 13.7394 21.2164 0.589999
      vertex 13.3059 21.0693 0.589999
    endloop
  endfacet
  facet normal -0.442314 0.89686 0
    outer loop
      vertex 14.15 21.4189 0.589999
      vertex 13.7394 21.2164 1.6
      vertex 14.15 21.4189 1.6
    endloop
  endfacet
  facet normal -0.442314 0.89686 0
    outer loop
      vertex 13.7394 21.2164 1.6
      vertex 14.15 21.4189 0.589999
      vertex 13.7394 21.2164 0.589999
    endloop
  endfacet
  facet normal 0.195234 0.980757 -0
    outer loop
      vertex 11.9432 20.9799 0.589999
      vertex 11.4941 21.0693 1.6
      vertex 11.9432 20.9799 1.6
    endloop
  endfacet
  facet normal 0.195234 0.980757 0
    outer loop
      vertex 11.4941 21.0693 1.6
      vertex 11.9432 20.9799 0.589999
      vertex 11.4941 21.0693 0.589999
    endloop
  endfacet
  facet normal -0.0653156 -0.997865 0
    outer loop
      vertex 12.4 27.95 0.589999
      vertex 12.8568 27.9201 1.6
      vertex 12.4 27.95 1.6
    endloop
  endfacet
  facet normal -0.0653156 -0.997865 -0
    outer loop
      vertex 12.8568 27.9201 1.6
      vertex 12.4 27.95 0.589999
      vertex 12.8568 27.9201 0.589999
    endloop
  endfacet
  facet normal 0.65931 0.751871 -0
    outer loop
      vertex 10.2693 21.6733 0.589999
      vertex 9.92513 21.9751 1.6
      vertex 10.2693 21.6733 1.6
    endloop
  endfacet
  facet normal 0.65931 0.751871 0
    outer loop
      vertex 9.92513 21.9751 1.6
      vertex 10.2693 21.6733 0.589999
      vertex 9.92513 21.9751 0.589999
    endloop
  endfacet
  facet normal 0.946926 -0.321452 0
    outer loop
      vertex 9.01926 25.3559 1.6
      vertex 9.16642 25.7894 0.589999
      vertex 9.16642 25.7894 1.6
    endloop
  endfacet
  facet normal 0.946926 -0.321452 0
    outer loop
      vertex 9.16642 25.7894 0.589999
      vertex 9.01926 25.3559 1.6
      vertex 9.01926 25.3559 0.589999
    endloop
  endfacet
  facet normal 0.555607 -0.831445 0
    outer loop
      vertex 10.2693 27.2267 0.589999
      vertex 10.65 27.4811 1.6
      vertex 10.2693 27.2267 1.6
    endloop
  endfacet
  facet normal 0.555607 -0.831445 0
    outer loop
      vertex 10.65 27.4811 1.6
      vertex 10.2693 27.2267 0.589999
      vertex 10.65 27.4811 0.589999
    endloop
  endfacet
  facet normal 0.65931 -0.751871 0
    outer loop
      vertex 9.92513 26.9249 0.589999
      vertex 10.2693 27.2267 1.6
      vertex 9.92513 26.9249 1.6
    endloop
  endfacet
  facet normal 0.65931 -0.751871 0
    outer loop
      vertex 10.2693 27.2267 1.6
      vertex 9.92513 26.9249 0.589999
      vertex 10.2693 27.2267 0.589999
    endloop
  endfacet
  facet normal -0.0653156 0.997865 0
    outer loop
      vertex 12.8568 20.9799 0.589999
      vertex 12.4 20.95 1.6
      vertex 12.8568 20.9799 1.6
    endloop
  endfacet
  facet normal -0.0653156 0.997865 0
    outer loop
      vertex 12.4 20.95 1.6
      vertex 12.8568 20.9799 0.589999
      vertex 12.4 20.95 0.589999
    endloop
  endfacet
  facet normal -0.195234 -0.980757 0
    outer loop
      vertex 12.8568 27.9201 0.589999
      vertex 13.3059 27.8307 1.6
      vertex 12.8568 27.9201 1.6
    endloop
  endfacet
  facet normal -0.195234 -0.980757 -0
    outer loop
      vertex 13.3059 27.8307 1.6
      vertex 12.8568 27.9201 0.589999
      vertex 13.3059 27.8307 0.589999
    endloop
  endfacet
  facet normal 0.896869 -0.442297 0
    outer loop
      vertex 9.16642 25.7894 1.6
      vertex 9.36891 26.2 0.589999
      vertex 9.36891 26.2 1.6
    endloop
  endfacet
  facet normal 0.896869 -0.442297 0
    outer loop
      vertex 9.36891 26.2 0.589999
      vertex 9.16642 25.7894 1.6
      vertex 9.16642 25.7894 0.589999
    endloop
  endfacet
  facet normal 0.0653156 0.997865 -0
    outer loop
      vertex 12.4 20.95 0.589999
      vertex 11.9432 20.9799 1.6
      vertex 12.4 20.95 1.6
    endloop
  endfacet
  facet normal 0.0653156 0.997865 0
    outer loop
      vertex 11.9432 20.9799 1.6
      vertex 12.4 20.95 0.589999
      vertex 11.9432 20.9799 0.589999
    endloop
  endfacet
  facet normal -0.980799 -0.19502 0
    outer loop
      vertex 17.8529 25.1679 0
      vertex 17.7126 25.8735 0.589999
      vertex 17.7126 25.8735 0
    endloop
  endfacet
  facet normal -0.980799 -0.19502 0
    outer loop
      vertex 17.7126 25.8735 0.589999
      vertex 17.8529 25.1679 0
      vertex 17.8529 25.1679 0.589999
    endloop
  endfacet
  facet normal -0.997855 -0.0654673 0
    outer loop
      vertex 17.9 24.45 0
      vertex 17.8529 25.1679 0.589999
      vertex 17.8529 25.1679 0
    endloop
  endfacet
  facet normal -0.997855 -0.0654673 0
    outer loop
      vertex 17.8529 25.1679 0.589999
      vertex 17.9 24.45 0
      vertex 17.9 24.45 0.589999
    endloop
  endfacet
  facet normal 0.442314 0.89686 -0
    outer loop
      vertex 10.2952 19.3687 0
      vertex 9.65 19.6869 0.589999
      vertex 10.2952 19.3687 0.589999
    endloop
  endfacet
  facet normal 0.442314 0.89686 0
    outer loop
      vertex 9.65 19.6869 0.589999
      vertex 10.2952 19.3687 0
      vertex 9.65 19.6869 0
    endloop
  endfacet
  facet normal 0.89686 -0.442314 0
    outer loop
      vertex 7.31866 26.5548 0.589999
      vertex 7.63686 27.2 0
      vertex 7.63686 27.2 0.589999
    endloop
  endfacet
  facet normal 0.89686 -0.442314 0
    outer loop
      vertex 7.63686 27.2 0
      vertex 7.31866 26.5548 0.589999
      vertex 7.31866 26.5548 0
    endloop
  endfacet
  facet normal 0.321477 -0.946918 0
    outer loop
      vertex 10.2952 29.5313 0
      vertex 10.9765 29.7626 0.589999
      vertex 10.2952 29.5313 0.589999
    endloop
  endfacet
  facet normal 0.321477 -0.946918 0
    outer loop
      vertex 10.9765 29.7626 0.589999
      vertex 10.2952 29.5313 0
      vertex 10.9765 29.7626 0
    endloop
  endfacet
  facet normal -0.555566 0.831472 0
    outer loop
      vertex 15.7482 20.0866 0
      vertex 15.15 19.6869 0.589999
      vertex 15.7482 20.0866 0.589999
    endloop
  endfacet
  facet normal -0.555566 0.831472 0
    outer loop
      vertex 15.15 19.6869 0.589999
      vertex 15.7482 20.0866 0
      vertex 15.15 19.6869 0
    endloop
  endfacet
  facet normal 0.946939 0.321414 0
    outer loop
      vertex 7.31866 22.3452 0.589999
      vertex 7.08741 23.0265 0
      vertex 7.08741 23.0265 0.589999
    endloop
  endfacet
  facet normal 0.946939 0.321414 0
    outer loop
      vertex 7.08741 23.0265 0
      vertex 7.31866 22.3452 0.589999
      vertex 7.31866 22.3452 0
    endloop
  endfacet
  facet normal -0.946918 0.321477 0
    outer loop
      vertex 17.4813 22.3452 0
      vertex 17.7126 23.0265 0.589999
      vertex 17.7126 23.0265 0
    endloop
  endfacet
  facet normal -0.946918 0.321477 0
    outer loop
      vertex 17.7126 23.0265 0.589999
      vertex 17.4813 22.3452 0
      vertex 17.4813 22.3452 0.589999
    endloop
  endfacet
  facet normal -0.0654673 0.997855 0
    outer loop
      vertex 13.1179 18.9971 0
      vertex 12.4 18.95 0.589999
      vertex 13.1179 18.9971 0.589999
    endloop
  endfacet
  facet normal -0.0654673 0.997855 0
    outer loop
      vertex 12.4 18.95 0.589999
      vertex 13.1179 18.9971 0
      vertex 12.4 18.95 0
    endloop
  endfacet
  facet normal 0.659301 -0.751879 0
    outer loop
      vertex 8.51091 28.3391 0
      vertex 9.05181 28.8134 0.589999
      vertex 8.51091 28.3391 0.589999
    endloop
  endfacet
  facet normal 0.659301 -0.751879 0
    outer loop
      vertex 9.05181 28.8134 0.589999
      vertex 8.51091 28.3391 0
      vertex 9.05181 28.8134 0
    endloop
  endfacet
  facet normal -0.321477 -0.946918 0
    outer loop
      vertex 13.8235 29.7626 0
      vertex 14.5048 29.5313 0.589999
      vertex 13.8235 29.7626 0.589999
    endloop
  endfacet
  facet normal -0.321477 -0.946918 -0
    outer loop
      vertex 14.5048 29.5313 0.589999
      vertex 13.8235 29.7626 0
      vertex 14.5048 29.5313 0
    endloop
  endfacet
  facet normal -0.19502 0.980799 0
    outer loop
      vertex 13.8235 19.1374 0
      vertex 13.1179 18.9971 0.589999
      vertex 13.8235 19.1374 0.589999
    endloop
  endfacet
  facet normal -0.19502 0.980799 0
    outer loop
      vertex 13.1179 18.9971 0.589999
      vertex 13.8235 19.1374 0
      vertex 13.1179 18.9971 0
    endloop
  endfacet
  facet normal -0.0654673 -0.997855 0
    outer loop
      vertex 12.4 29.95 0
      vertex 13.1179 29.9029 0.589999
      vertex 12.4 29.95 0.589999
    endloop
  endfacet
  facet normal -0.0654673 -0.997855 -0
    outer loop
      vertex 13.1179 29.9029 0.589999
      vertex 12.4 29.95 0
      vertex 13.1179 29.9029 0
    endloop
  endfacet
  facet normal 0.19502 -0.980799 0
    outer loop
      vertex 10.9765 29.7626 0
      vertex 11.6821 29.9029 0.589999
      vertex 10.9765 29.7626 0.589999
    endloop
  endfacet
  facet normal 0.19502 -0.980799 0
    outer loop
      vertex 11.6821 29.9029 0.589999
      vertex 10.9765 29.7626 0
      vertex 11.6821 29.9029 0
    endloop
  endfacet
  facet normal 0.89686 0.442314 0
    outer loop
      vertex 7.63686 21.7 0.589999
      vertex 7.31866 22.3452 0
      vertex 7.31866 22.3452 0.589999
    endloop
  endfacet
  facet normal 0.89686 0.442314 0
    outer loop
      vertex 7.31866 22.3452 0
      vertex 7.63686 21.7 0.589999
      vertex 7.63686 21.7 0
    endloop
  endfacet
  facet normal -0.751879 0.659301 0
    outer loop
      vertex 16.2891 20.5609 0
      vertex 16.7634 21.1018 0.589999
      vertex 16.7634 21.1018 0
    endloop
  endfacet
  facet normal -0.751879 0.659301 0
    outer loop
      vertex 16.7634 21.1018 0.589999
      vertex 16.2891 20.5609 0
      vertex 16.2891 20.5609 0.589999
    endloop
  endfacet
  facet normal -0.442314 0.89686 0
    outer loop
      vertex 15.15 19.6869 0
      vertex 14.5048 19.3687 0.589999
      vertex 15.15 19.6869 0.589999
    endloop
  endfacet
  facet normal -0.442314 0.89686 0
    outer loop
      vertex 14.5048 19.3687 0.589999
      vertex 15.15 19.6869 0
      vertex 14.5048 19.3687 0
    endloop
  endfacet
  facet normal -0.321477 0.946918 0
    outer loop
      vertex 14.5048 19.3687 0
      vertex 13.8235 19.1374 0.589999
      vertex 14.5048 19.3687 0.589999
    endloop
  endfacet
  facet normal -0.321477 0.946918 0
    outer loop
      vertex 13.8235 19.1374 0.589999
      vertex 14.5048 19.3687 0
      vertex 13.8235 19.1374 0
    endloop
  endfacet
  facet normal 0.555572 -0.831468 0
    outer loop
      vertex 9.05181 28.8134 0
      vertex 9.65 29.2131 0.589999
      vertex 9.05181 28.8134 0.589999
    endloop
  endfacet
  facet normal 0.555572 -0.831468 0
    outer loop
      vertex 9.65 29.2131 0.589999
      vertex 9.05181 28.8134 0
      vertex 9.65 29.2131 0
    endloop
  endfacet
  facet normal -0.89686 -0.442314 0
    outer loop
      vertex 17.4813 26.5548 0
      vertex 17.1631 27.2 0.589999
      vertex 17.1631 27.2 0
    endloop
  endfacet
  facet normal -0.89686 -0.442314 0
    outer loop
      vertex 17.1631 27.2 0.589999
      vertex 17.4813 26.5548 0
      vertex 17.4813 26.5548 0.589999
    endloop
  endfacet
  facet normal 0.751844 0.659341 0
    outer loop
      vertex 8.51091 20.5609 0.589999
      vertex 8.03656 21.1018 0
      vertex 8.03656 21.1018 0.589999
    endloop
  endfacet
  facet normal 0.751844 0.659341 0
    outer loop
      vertex 8.03656 21.1018 0
      vertex 8.51091 20.5609 0.589999
      vertex 8.51091 20.5609 0
    endloop
  endfacet
  facet normal -0.659301 -0.751879 0
    outer loop
      vertex 15.7482 28.8134 0
      vertex 16.2891 28.3391 0.589999
      vertex 15.7482 28.8134 0.589999
    endloop
  endfacet
  facet normal -0.659301 -0.751879 -0
    outer loop
      vertex 16.2891 28.3391 0.589999
      vertex 15.7482 28.8134 0
      vertex 16.2891 28.3391 0
    endloop
  endfacet
  facet normal 0.321477 0.946918 -0
    outer loop
      vertex 10.9765 19.1374 0
      vertex 10.2952 19.3687 0.589999
      vertex 10.9765 19.1374 0.589999
    endloop
  endfacet
  facet normal 0.321477 0.946918 0
    outer loop
      vertex 10.2952 19.3687 0.589999
      vertex 10.9765 19.1374 0
      vertex 10.2952 19.3687 0
    endloop
  endfacet
  facet normal -0.831472 -0.555566 0
    outer loop
      vertex 17.1631 27.2 0
      vertex 16.7634 27.7982 0.589999
      vertex 16.7634 27.7982 0
    endloop
  endfacet
  facet normal -0.831472 -0.555566 0
    outer loop
      vertex 16.7634 27.7982 0.589999
      vertex 17.1631 27.2 0
      vertex 17.1631 27.2 0.589999
    endloop
  endfacet
  facet normal -0.442314 -0.89686 0
    outer loop
      vertex 14.5048 29.5313 0
      vertex 15.15 29.2131 0.589999
      vertex 14.5048 29.5313 0.589999
    endloop
  endfacet
  facet normal -0.442314 -0.89686 -0
    outer loop
      vertex 15.15 29.2131 0.589999
      vertex 14.5048 29.5313 0
      vertex 15.15 29.2131 0
    endloop
  endfacet
  facet normal 0.19502 0.980799 -0
    outer loop
      vertex 11.6821 18.9971 0
      vertex 10.9765 19.1374 0.589999
      vertex 11.6821 18.9971 0.589999
    endloop
  endfacet
  facet normal 0.19502 0.980799 0
    outer loop
      vertex 10.9765 19.1374 0.589999
      vertex 11.6821 18.9971 0
      vertex 10.9765 19.1374 0
    endloop
  endfacet
  facet normal -0.555566 -0.831472 0
    outer loop
      vertex 15.15 29.2131 0
      vertex 15.7482 28.8134 0.589999
      vertex 15.15 29.2131 0.589999
    endloop
  endfacet
  facet normal -0.555566 -0.831472 -0
    outer loop
      vertex 15.7482 28.8134 0.589999
      vertex 15.15 29.2131 0
      vertex 15.7482 28.8134 0
    endloop
  endfacet
  facet normal 0.442314 -0.89686 0
    outer loop
      vertex 9.65 29.2131 0
      vertex 10.2952 29.5313 0.589999
      vertex 9.65 29.2131 0.589999
    endloop
  endfacet
  facet normal 0.442314 -0.89686 0
    outer loop
      vertex 10.2952 29.5313 0.589999
      vertex 9.65 29.2131 0
      vertex 10.2952 29.5313 0
    endloop
  endfacet
  facet normal -0.980799 0.19502 0
    outer loop
      vertex 17.7126 23.0265 0
      vertex 17.8529 23.7321 0.589999
      vertex 17.8529 23.7321 0
    endloop
  endfacet
  facet normal -0.980799 0.19502 0
    outer loop
      vertex 17.8529 23.7321 0.589999
      vertex 17.7126 23.0265 0
      vertex 17.7126 23.0265 0.589999
    endloop
  endfacet
  facet normal -0.997855 0.0654673 0
    outer loop
      vertex 17.8529 23.7321 0
      vertex 17.9 24.45 0.589999
      vertex 17.9 24.45 0
    endloop
  endfacet
  facet normal -0.997855 0.0654673 0
    outer loop
      vertex 17.9 24.45 0.589999
      vertex 17.8529 23.7321 0
      vertex 17.8529 23.7321 0.589999
    endloop
  endfacet
  facet normal 0.980783 -0.1951 0
    outer loop
      vertex 6.94705 25.1679 0.589999
      vertex 7.08741 25.8735 0
      vertex 7.08741 25.8735 0.589999
    endloop
  endfacet
  facet normal 0.980783 -0.1951 0
    outer loop
      vertex 7.08741 25.8735 0
      vertex 6.94705 25.1679 0.589999
      vertex 6.94705 25.1679 0
    endloop
  endfacet
  facet normal 0.0654673 0.997855 -0
    outer loop
      vertex 12.4 18.95 0
      vertex 11.6821 18.9971 0.589999
      vertex 12.4 18.95 0.589999
    endloop
  endfacet
  facet normal 0.0654673 0.997855 0
    outer loop
      vertex 11.6821 18.9971 0.589999
      vertex 12.4 18.95 0
      vertex 11.6821 18.9971 0
    endloop
  endfacet
  facet normal 0.980783 0.1951 0
    outer loop
      vertex 7.08741 23.0265 0.589999
      vertex 6.94705 23.7321 0
      vertex 6.94705 23.7321 0.589999
    endloop
  endfacet
  facet normal 0.980783 0.1951 0
    outer loop
      vertex 6.94705 23.7321 0
      vertex 7.08741 23.0265 0.589999
      vertex 7.08741 23.0265 0
    endloop
  endfacet
  facet normal 0.831472 0.555566 0
    outer loop
      vertex 8.03656 21.1018 0.589999
      vertex 7.63686 21.7 0
      vertex 7.63686 21.7 0.589999
    endloop
  endfacet
  facet normal 0.831472 0.555566 0
    outer loop
      vertex 7.63686 21.7 0
      vertex 8.03656 21.1018 0.589999
      vertex 8.03656 21.1018 0
    endloop
  endfacet
  facet normal -0.659301 0.751879 0
    outer loop
      vertex 16.2891 20.5609 0
      vertex 15.7482 20.0866 0.589999
      vertex 16.2891 20.5609 0.589999
    endloop
  endfacet
  facet normal -0.659301 0.751879 0
    outer loop
      vertex 15.7482 20.0866 0.589999
      vertex 16.2891 20.5609 0
      vertex 15.7482 20.0866 0
    endloop
  endfacet
  facet normal -0.89686 0.442314 0
    outer loop
      vertex 17.1631 21.7 0
      vertex 17.4813 22.3452 0.589999
      vertex 17.4813 22.3452 0
    endloop
  endfacet
  facet normal -0.89686 0.442314 0
    outer loop
      vertex 17.4813 22.3452 0.589999
      vertex 17.1631 21.7 0
      vertex 17.1631 21.7 0.589999
    endloop
  endfacet
  facet normal -0.831472 0.555566 0
    outer loop
      vertex 16.7634 21.1018 0
      vertex 17.1631 21.7 0.589999
      vertex 17.1631 21.7 0
    endloop
  endfacet
  facet normal -0.831472 0.555566 0
    outer loop
      vertex 17.1631 21.7 0.589999
      vertex 16.7634 21.1018 0
      vertex 16.7634 21.1018 0.589999
    endloop
  endfacet
  facet normal -0.19502 -0.980799 0
    outer loop
      vertex 13.1179 29.9029 0
      vertex 13.8235 29.7626 0.589999
      vertex 13.1179 29.9029 0.589999
    endloop
  endfacet
  facet normal -0.19502 -0.980799 -0
    outer loop
      vertex 13.8235 29.7626 0.589999
      vertex 13.1179 29.9029 0
      vertex 13.8235 29.7626 0
    endloop
  endfacet
  facet normal 0.0654673 -0.997855 0
    outer loop
      vertex 11.6821 29.9029 0
      vertex 12.4 29.95 0.589999
      vertex 11.6821 29.9029 0.589999
    endloop
  endfacet
  facet normal 0.0654673 -0.997855 0
    outer loop
      vertex 12.4 29.95 0.589999
      vertex 11.6821 29.9029 0
      vertex 12.4 29.95 0
    endloop
  endfacet
  facet normal 0.997859 -0.0653981 0
    outer loop
      vertex 6.9 24.45 0.589999
      vertex 6.94705 25.1679 0
      vertex 6.94705 25.1679 0.589999
    endloop
  endfacet
  facet normal 0.997859 -0.0653981 0
    outer loop
      vertex 6.94705 25.1679 0
      vertex 6.9 24.45 0.589999
      vertex 6.9 24.45 0
    endloop
  endfacet
  facet normal -0.751879 -0.659301 0
    outer loop
      vertex 16.7634 27.7982 0
      vertex 16.2891 28.3391 0.589999
      vertex 16.2891 28.3391 0
    endloop
  endfacet
  facet normal -0.751879 -0.659301 0
    outer loop
      vertex 16.2891 28.3391 0.589999
      vertex 16.7634 27.7982 0
      vertex 16.7634 27.7982 0.589999
    endloop
  endfacet
  facet normal 0.751844 -0.659341 0
    outer loop
      vertex 8.03656 27.7982 0.589999
      vertex 8.51091 28.3391 0
      vertex 8.51091 28.3391 0.589999
    endloop
  endfacet
  facet normal 0.751844 -0.659341 0
    outer loop
      vertex 8.51091 28.3391 0
      vertex 8.03656 27.7982 0.589999
      vertex 8.03656 27.7982 0
    endloop
  endfacet
  facet normal -0.946918 -0.321477 0
    outer loop
      vertex 17.7126 25.8735 0
      vertex 17.4813 26.5548 0.589999
      vertex 17.4813 26.5548 0
    endloop
  endfacet
  facet normal -0.946918 -0.321477 0
    outer loop
      vertex 17.4813 26.5548 0.589999
      vertex 17.7126 25.8735 0
      vertex 17.7126 25.8735 0.589999
    endloop
  endfacet
  facet normal 0.997859 0.0653981 0
    outer loop
      vertex 6.94705 23.7321 0.589999
      vertex 6.9 24.45 0
      vertex 6.9 24.45 0.589999
    endloop
  endfacet
  facet normal 0.997859 0.0653981 0
    outer loop
      vertex 6.9 24.45 0
      vertex 6.94705 23.7321 0.589999
      vertex 6.94705 23.7321 0
    endloop
  endfacet
  facet normal 0.659301 0.751879 -0
    outer loop
      vertex 9.05181 20.0866 0
      vertex 8.51091 20.5609 0.589999
      vertex 9.05181 20.0866 0.589999
    endloop
  endfacet
  facet normal 0.659301 0.751879 0
    outer loop
      vertex 8.51091 20.5609 0.589999
      vertex 9.05181 20.0866 0
      vertex 8.51091 20.5609 0
    endloop
  endfacet
  facet normal 0.946939 -0.321414 0
    outer loop
      vertex 7.08741 25.8735 0.589999
      vertex 7.31866 26.5548 0
      vertex 7.31866 26.5548 0.589999
    endloop
  endfacet
  facet normal 0.946939 -0.321414 0
    outer loop
      vertex 7.31866 26.5548 0
      vertex 7.08741 25.8735 0.589999
      vertex 7.08741 25.8735 0
    endloop
  endfacet
  facet normal 0.831472 -0.555566 0
    outer loop
      vertex 7.63686 27.2 0.589999
      vertex 8.03656 27.7982 0
      vertex 8.03656 27.7982 0.589999
    endloop
  endfacet
  facet normal 0.831472 -0.555566 0
    outer loop
      vertex 8.03656 27.7982 0
      vertex 7.63686 27.2 0.589999
      vertex 7.63686 27.2 0
    endloop
  endfacet
  facet normal 0.555572 0.831468 -0
    outer loop
      vertex 9.65 19.6869 0
      vertex 9.05181 20.0866 0.589999
      vertex 9.65 19.6869 0.589999
    endloop
  endfacet
  facet normal 0.555572 0.831468 0
    outer loop
      vertex 9.05181 20.0866 0.589999
      vertex 9.65 19.6869 0
      vertex 9.05181 20.0866 0
    endloop
  endfacet
  facet normal 0 0 -1
    outer loop
      vertex 15.9 24.45 0.589999
      vertex 17.9 24.45 0.589999
      vertex 17.8529 23.7321 0.589999
    endloop
  endfacet
  facet normal 0 0 -1
    outer loop
      vertex 15.8701 23.9932 0.589999
      vertex 17.8529 23.7321 0.589999
      vertex 17.7126 23.0265 0.589999
    endloop
  endfacet
  facet normal 0 0 -1
    outer loop
      vertex 17.9 24.45 0.589999
      vertex 15.9 24.45 0.589999
      vertex 17.8529 25.1679 0.589999
    endloop
  endfacet
  facet normal 0 0 -1
    outer loop
      vertex 15.7807 23.5441 0.589999
      vertex 17.7126 23.0265 0.589999
      vertex 17.4813 22.3452 0.589999
    endloop
  endfacet
  facet normal 0 0 -1
    outer loop
      vertex 15.8701 24.9068 0.589999
      vertex 17.8529 25.1679 0.589999
      vertex 15.9 24.45 0.589999
    endloop
  endfacet
  facet normal 0 0 -1
    outer loop
      vertex 15.6336 23.1106 0.589999
      vertex 17.4813 22.3452 0.589999
      vertex 17.1631 21.7 0.589999
    endloop
  endfacet
  facet normal -0 0 -1
    outer loop
      vertex 17.8529 25.1679 0.589999
      vertex 15.8701 24.9068 0.589999
      vertex 17.7126 25.8735 0.589999
    endloop
  endfacet
  facet normal 0 0 -1
    outer loop
      vertex 15.4311 22.7 0.589999
      vertex 17.1631 21.7 0.589999
      vertex 16.7634 21.1018 0.589999
    endloop
  endfacet
  facet normal 0 0 -1
    outer loop
      vertex 15.7807 25.3559 0.589999
      vertex 17.7126 25.8735 0.589999
      vertex 15.8701 24.9068 0.589999
    endloop
  endfacet
  facet normal 0 0 -1
    outer loop
      vertex 15.1767 22.3193 0.589999
      vertex 16.7634 21.1018 0.589999
      vertex 16.2891 20.5609 0.589999
    endloop
  endfacet
  facet normal -0 0 -1
    outer loop
      vertex 17.7126 25.8735 0.589999
      vertex 15.7807 25.3559 0.589999
      vertex 17.4813 26.5548 0.589999
    endloop
  endfacet
  facet normal 0 0 -1
    outer loop
      vertex 15.6336 25.7894 0.589999
      vertex 17.4813 26.5548 0.589999
      vertex 15.7807 25.3559 0.589999
    endloop
  endfacet
  facet normal 0 0 -1
    outer loop
      vertex 17.8529 23.7321 0.589999
      vertex 15.8701 23.9932 0.589999
      vertex 15.9 24.45 0.589999
    endloop
  endfacet
  facet normal 0 0 -1
    outer loop
      vertex 17.7126 23.0265 0.589999
      vertex 15.7807 23.5441 0.589999
      vertex 15.8701 23.9932 0.589999
    endloop
  endfacet
  facet normal 0 0 -1
    outer loop
      vertex 14.8749 21.9751 0.589999
      vertex 16.2891 20.5609 0.589999
      vertex 15.7482 20.0866 0.589999
    endloop
  endfacet
  facet normal 0 0 -1
    outer loop
      vertex 17.4813 22.3452 0.589999
      vertex 15.6336 23.1106 0.589999
      vertex 15.7807 23.5441 0.589999
    endloop
  endfacet
  facet normal 0 0 -1
    outer loop
      vertex 17.1631 21.7 0.589999
      vertex 15.4311 22.7 0.589999
      vertex 15.6336 23.1106 0.589999
    endloop
  endfacet
  facet normal 0 0 -1
    outer loop
      vertex 16.7634 21.1018 0.589999
      vertex 15.1767 22.3193 0.589999
      vertex 15.4311 22.7 0.589999
    endloop
  endfacet
  facet normal 0 0 -1
    outer loop
      vertex 14.5307 21.6733 0.589999
      vertex 15.7482 20.0866 0.589999
      vertex 15.15 19.6869 0.589999
    endloop
  endfacet
  facet normal 0 0 -1
    outer loop
      vertex 16.2891 20.5609 0.589999
      vertex 14.8749 21.9751 0.589999
      vertex 15.1767 22.3193 0.589999
    endloop
  endfacet
  facet normal 0 0 -1
    outer loop
      vertex 15.7482 20.0866 0.589999
      vertex 14.5307 21.6733 0.589999
      vertex 14.8749 21.9751 0.589999
    endloop
  endfacet
  facet normal 0 0 -1
    outer loop
      vertex 14.15 21.4189 0.589999
      vertex 15.15 19.6869 0.589999
      vertex 14.5048 19.3687 0.589999
    endloop
  endfacet
  facet normal 0 0 -1
    outer loop
      vertex 15.15 19.6869 0.589999
      vertex 14.15 21.4189 0.589999
      vertex 14.5307 21.6733 0.589999
    endloop
  endfacet
  facet normal 0 0 -1
    outer loop
      vertex 13.7394 21.2164 0.589999
      vertex 14.5048 19.3687 0.589999
      vertex 13.8235 19.1374 0.589999
    endloop
  endfacet
  facet normal 0 0 -1
    outer loop
      vertex 14.5048 19.3687 0.589999
      vertex 13.7394 21.2164 0.589999
      vertex 14.15 21.4189 0.589999
    endloop
  endfacet
  facet normal 0 0 -1
    outer loop
      vertex 13.8235 19.1374 0.589999
      vertex 13.3059 21.0693 0.589999
      vertex 13.7394 21.2164 0.589999
    endloop
  endfacet
  facet normal 0 0 -1
    outer loop
      vertex 13.1179 18.9971 0.589999
      vertex 13.3059 21.0693 0.589999
      vertex 13.8235 19.1374 0.589999
    endloop
  endfacet
  facet normal 0 0 -1
    outer loop
      vertex 13.1179 18.9971 0.589999
      vertex 12.8568 20.9799 0.589999
      vertex 13.3059 21.0693 0.589999
    endloop
  endfacet
  facet normal 0 0 -1
    outer loop
      vertex 12.4 18.95 0.589999
      vertex 12.8568 20.9799 0.589999
      vertex 13.1179 18.9971 0.589999
    endloop
  endfacet
  facet normal 0 0 -1
    outer loop
      vertex 12.4 18.95 0.589999
      vertex 12.4 20.95 0.589999
      vertex 12.8568 20.9799 0.589999
    endloop
  endfacet
  facet normal 0 0 -1
    outer loop
      vertex 12.4 18.95 0.589999
      vertex 11.9432 20.9799 0.589999
      vertex 12.4 20.95 0.589999
    endloop
  endfacet
  facet normal 0 0 -1
    outer loop
      vertex 11.6821 18.9971 0.589999
      vertex 11.9432 20.9799 0.589999
      vertex 12.4 18.95 0.589999
    endloop
  endfacet
  facet normal 0 0 -1
    outer loop
      vertex 11.6821 18.9971 0.589999
      vertex 11.4941 21.0693 0.589999
      vertex 11.9432 20.9799 0.589999
    endloop
  endfacet
  facet normal 0 0 -1
    outer loop
      vertex 10.9765 19.1374 0.589999
      vertex 11.4941 21.0693 0.589999
      vertex 11.6821 18.9971 0.589999
    endloop
  endfacet
  facet normal -0 0 -1
    outer loop
      vertex 11.4941 21.0693 0.589999
      vertex 10.9765 19.1374 0.589999
      vertex 11.0606 21.2164 0.589999
    endloop
  endfacet
  facet normal 0 0 -1
    outer loop
      vertex 10.2952 19.3687 0.589999
      vertex 11.0606 21.2164 0.589999
      vertex 10.9765 19.1374 0.589999
    endloop
  endfacet
  facet normal -0 0 -1
    outer loop
      vertex 11.0606 21.2164 0.589999
      vertex 10.2952 19.3687 0.589999
      vertex 10.65 21.4189 0.589999
    endloop
  endfacet
  facet normal 0 0 -1
    outer loop
      vertex 9.65 19.6869 0.589999
      vertex 10.65 21.4189 0.589999
      vertex 10.2952 19.3687 0.589999
    endloop
  endfacet
  facet normal -0 0 -1
    outer loop
      vertex 10.65 21.4189 0.589999
      vertex 9.65 19.6869 0.589999
      vertex 10.2693 21.6733 0.589999
    endloop
  endfacet
  facet normal 0 0 -1
    outer loop
      vertex 9.05181 20.0866 0.589999
      vertex 10.2693 21.6733 0.589999
      vertex 9.65 19.6869 0.589999
    endloop
  endfacet
  facet normal -0 0 -1
    outer loop
      vertex 10.2693 21.6733 0.589999
      vertex 9.05181 20.0866 0.589999
      vertex 9.92513 21.9751 0.589999
    endloop
  endfacet
  facet normal 0 0 -1
    outer loop
      vertex 8.51091 20.5609 0.589999
      vertex 9.92513 21.9751 0.589999
      vertex 9.05181 20.0866 0.589999
    endloop
  endfacet
  facet normal -0 0 -1
    outer loop
      vertex 9.92513 21.9751 0.589999
      vertex 8.51091 20.5609 0.589999
      vertex 9.62326 22.3193 0.589999
    endloop
  endfacet
  facet normal 0 0 -1
    outer loop
      vertex 8.03656 21.1018 0.589999
      vertex 9.62326 22.3193 0.589999
      vertex 8.51091 20.5609 0.589999
    endloop
  endfacet
  facet normal -0 0 -1
    outer loop
      vertex 9.62326 22.3193 0.589999
      vertex 8.03656 21.1018 0.589999
      vertex 9.36891 22.7 0.589999
    endloop
  endfacet
  facet normal 0 0 -1
    outer loop
      vertex 7.63686 21.7 0.589999
      vertex 9.36891 22.7 0.589999
      vertex 8.03656 21.1018 0.589999
    endloop
  endfacet
  facet normal -0 0 -1
    outer loop
      vertex 9.36891 22.7 0.589999
      vertex 7.63686 21.7 0.589999
      vertex 9.16642 23.1106 0.589999
    endloop
  endfacet
  facet normal 0 0 -1
    outer loop
      vertex 7.31866 22.3452 0.589999
      vertex 9.16642 23.1106 0.589999
      vertex 7.63686 21.7 0.589999
    endloop
  endfacet
  facet normal -0 0 -1
    outer loop
      vertex 17.4813 26.5548 0.589999
      vertex 15.6336 25.7894 0.589999
      vertex 17.1631 27.2 0.589999
    endloop
  endfacet
  facet normal 0 0 -1
    outer loop
      vertex 15.4311 26.2 0.589999
      vertex 17.1631 27.2 0.589999
      vertex 15.6336 25.7894 0.589999
    endloop
  endfacet
  facet normal -0 0 -1
    outer loop
      vertex 17.1631 27.2 0.589999
      vertex 15.4311 26.2 0.589999
      vertex 16.7634 27.7982 0.589999
    endloop
  endfacet
  facet normal 0 0 -1
    outer loop
      vertex 15.1767 26.5807 0.589999
      vertex 16.7634 27.7982 0.589999
      vertex 15.4311 26.2 0.589999
    endloop
  endfacet
  facet normal -0 0 -1
    outer loop
      vertex 16.7634 27.7982 0.589999
      vertex 15.1767 26.5807 0.589999
      vertex 16.2891 28.3391 0.589999
    endloop
  endfacet
  facet normal 0 0 -1
    outer loop
      vertex 14.8749 26.9249 0.589999
      vertex 16.2891 28.3391 0.589999
      vertex 15.1767 26.5807 0.589999
    endloop
  endfacet
  facet normal -0 0 -1
    outer loop
      vertex 16.2891 28.3391 0.589999
      vertex 14.8749 26.9249 0.589999
      vertex 15.7482 28.8134 0.589999
    endloop
  endfacet
  facet normal 0 0 -1
    outer loop
      vertex 14.5307 27.2267 0.589999
      vertex 15.7482 28.8134 0.589999
      vertex 14.8749 26.9249 0.589999
    endloop
  endfacet
  facet normal -0 0 -1
    outer loop
      vertex 15.7482 28.8134 0.589999
      vertex 14.5307 27.2267 0.589999
      vertex 15.15 29.2131 0.589999
    endloop
  endfacet
  facet normal 0 0 -1
    outer loop
      vertex 14.15 27.4811 0.589999
      vertex 15.15 29.2131 0.589999
      vertex 14.5307 27.2267 0.589999
    endloop
  endfacet
  facet normal -0 0 -1
    outer loop
      vertex 15.15 29.2131 0.589999
      vertex 14.15 27.4811 0.589999
      vertex 14.5048 29.5313 0.589999
    endloop
  endfacet
  facet normal 0 0 -1
    outer loop
      vertex 13.7394 27.6836 0.589999
      vertex 14.5048 29.5313 0.589999
      vertex 14.15 27.4811 0.589999
    endloop
  endfacet
  facet normal -0 0 -1
    outer loop
      vertex 14.5048 29.5313 0.589999
      vertex 13.7394 27.6836 0.589999
      vertex 13.8235 29.7626 0.589999
    endloop
  endfacet
  facet normal 0 0 -1
    outer loop
      vertex 13.3059 27.8307 0.589999
      vertex 13.8235 29.7626 0.589999
      vertex 13.7394 27.6836 0.589999
    endloop
  endfacet
  facet normal 0 0 -1
    outer loop
      vertex 13.3059 27.8307 0.589999
      vertex 13.1179 29.9029 0.589999
      vertex 13.8235 29.7626 0.589999
    endloop
  endfacet
  facet normal 0 0 -1
    outer loop
      vertex 12.8568 27.9201 0.589999
      vertex 13.1179 29.9029 0.589999
      vertex 13.3059 27.8307 0.589999
    endloop
  endfacet
  facet normal 0 0 -1
    outer loop
      vertex 12.4 27.95 0.589999
      vertex 13.1179 29.9029 0.589999
      vertex 12.8568 27.9201 0.589999
    endloop
  endfacet
  facet normal 0 0 -1
    outer loop
      vertex 12.4 27.95 0.589999
      vertex 12.4 29.95 0.589999
      vertex 13.1179 29.9029 0.589999
    endloop
  endfacet
  facet normal 0 0 -1
    outer loop
      vertex 11.9432 27.9201 0.589999
      vertex 12.4 29.95 0.589999
      vertex 12.4 27.95 0.589999
    endloop
  endfacet
  facet normal 0 0 -1
    outer loop
      vertex 11.9432 27.9201 0.589999
      vertex 11.6821 29.9029 0.589999
      vertex 12.4 29.95 0.589999
    endloop
  endfacet
  facet normal 0 0 -1
    outer loop
      vertex 11.4941 27.8307 0.589999
      vertex 11.6821 29.9029 0.589999
      vertex 11.9432 27.9201 0.589999
    endloop
  endfacet
  facet normal 0 0 -1
    outer loop
      vertex 10.9765 29.7626 0.589999
      vertex 11.4941 27.8307 0.589999
      vertex 11.0606 27.6836 0.589999
    endloop
  endfacet
  facet normal 0 0 -1
    outer loop
      vertex 11.4941 27.8307 0.589999
      vertex 10.9765 29.7626 0.589999
      vertex 11.6821 29.9029 0.589999
    endloop
  endfacet
  facet normal 0 0 -1
    outer loop
      vertex 10.2952 29.5313 0.589999
      vertex 11.0606 27.6836 0.589999
      vertex 10.65 27.4811 0.589999
    endloop
  endfacet
  facet normal 0 0 -1
    outer loop
      vertex 11.0606 27.6836 0.589999
      vertex 10.2952 29.5313 0.589999
      vertex 10.9765 29.7626 0.589999
    endloop
  endfacet
  facet normal 0 0 -1
    outer loop
      vertex 9.65 29.2131 0.589999
      vertex 10.65 27.4811 0.589999
      vertex 10.2693 27.2267 0.589999
    endloop
  endfacet
  facet normal 0 0 -1
    outer loop
      vertex 9.05181 28.8134 0.589999
      vertex 10.2693 27.2267 0.589999
      vertex 9.92513 26.9249 0.589999
    endloop
  endfacet
  facet normal 0 0 -1
    outer loop
      vertex 10.65 27.4811 0.589999
      vertex 9.65 29.2131 0.589999
      vertex 10.2952 29.5313 0.589999
    endloop
  endfacet
  facet normal 0 0 -1
    outer loop
      vertex 8.51091 28.3391 0.589999
      vertex 9.92513 26.9249 0.589999
      vertex 9.62326 26.5807 0.589999
    endloop
  endfacet
  facet normal 0 0 -1
    outer loop
      vertex 8.03656 27.7982 0.589999
      vertex 9.62326 26.5807 0.589999
      vertex 9.36891 26.2 0.589999
    endloop
  endfacet
  facet normal 0 0 -1
    outer loop
      vertex 7.63686 27.2 0.589999
      vertex 9.36891 26.2 0.589999
      vertex 9.16642 25.7894 0.589999
    endloop
  endfacet
  facet normal 0 0 -1
    outer loop
      vertex 10.2693 27.2267 0.589999
      vertex 9.05181 28.8134 0.589999
      vertex 9.65 29.2131 0.589999
    endloop
  endfacet
  facet normal 0 0 -1
    outer loop
      vertex 7.31866 26.5548 0.589999
      vertex 9.16642 25.7894 0.589999
      vertex 9.01926 25.3559 0.589999
    endloop
  endfacet
  facet normal 0 0 -1
    outer loop
      vertex 7.08741 25.8735 0.589999
      vertex 9.01926 25.3559 0.589999
      vertex 8.92994 24.9068 0.589999
    endloop
  endfacet
  facet normal 0 0 -1
    outer loop
      vertex 6.94705 25.1679 0.589999
      vertex 8.92994 24.9068 0.589999
      vertex 8.9 24.45 0.589999
    endloop
  endfacet
  facet normal -0 0 -1
    outer loop
      vertex 9.16642 23.1106 0.589999
      vertex 7.31866 22.3452 0.589999
      vertex 9.01926 23.5441 0.589999
    endloop
  endfacet
  facet normal 0 0 -1
    outer loop
      vertex 9.92513 26.9249 0.589999
      vertex 8.51091 28.3391 0.589999
      vertex 9.05181 28.8134 0.589999
    endloop
  endfacet
  facet normal 0 0 -1
    outer loop
      vertex 7.08741 23.0265 0.589999
      vertex 9.01926 23.5441 0.589999
      vertex 7.31866 22.3452 0.589999
    endloop
  endfacet
  facet normal 0 0 -1
    outer loop
      vertex 9.62326 26.5807 0.589999
      vertex 8.03656 27.7982 0.589999
      vertex 8.51091 28.3391 0.589999
    endloop
  endfacet
  facet normal -0 0 -1
    outer loop
      vertex 9.01926 23.5441 0.589999
      vertex 7.08741 23.0265 0.589999
      vertex 8.92994 23.9932 0.589999
    endloop
  endfacet
  facet normal 0 0 -1
    outer loop
      vertex 9.36891 26.2 0.589999
      vertex 7.63686 27.2 0.589999
      vertex 8.03656 27.7982 0.589999
    endloop
  endfacet
  facet normal 0 0 -1
    outer loop
      vertex 6.94705 23.7321 0.589999
      vertex 8.92994 23.9932 0.589999
      vertex 7.08741 23.0265 0.589999
    endloop
  endfacet
  facet normal 0 0 -1
    outer loop
      vertex 9.16642 25.7894 0.589999
      vertex 7.31866 26.5548 0.589999
      vertex 7.63686 27.2 0.589999
    endloop
  endfacet
  facet normal -0 0 -1
    outer loop
      vertex 8.92994 23.9932 0.589999
      vertex 6.94705 23.7321 0.589999
      vertex 8.9 24.45 0.589999
    endloop
  endfacet
  facet normal 0 0 -1
    outer loop
      vertex 9.01926 25.3559 0.589999
      vertex 7.08741 25.8735 0.589999
      vertex 7.31866 26.5548 0.589999
    endloop
  endfacet
  facet normal 0 0 -1
    outer loop
      vertex 6.9 24.45 0.589999
      vertex 8.9 24.45 0.589999
      vertex 6.94705 23.7321 0.589999
    endloop
  endfacet
  facet normal 0 0 -1
    outer loop
      vertex 8.92994 24.9068 0.589999
      vertex 6.94705 25.1679 0.589999
      vertex 7.08741 25.8735 0.589999
    endloop
  endfacet
  facet normal 0 0 -1
    outer loop
      vertex 8.9 24.45 0.589999
      vertex 6.9 24.45 0.589999
      vertex 6.94705 25.1679 0.589999
    endloop
  endfacet
  facet normal 0 0 -1
    outer loop
      vertex 0 4.3 11.3
      vertex 1.60001 17.3 11.3
      vertex 1.60001 4.3 11.3
    endloop
  endfacet
  facet normal -0 0 -1
    outer loop
      vertex 1.60001 17.3 11.3
      vertex 0 4.3 11.3
      vertex 0 17.3 11.3
    endloop
  endfacet
  facet normal -0 0 1
    outer loop
      vertex 0 17.3 4.3
      vertex 1.60001 4.3 4.3
      vertex 1.60001 17.3 4.3
    endloop
  endfacet
  facet normal 0 0 1
    outer loop
      vertex 1.60001 4.3 4.3
      vertex 0 17.3 4.3
      vertex 0 4.3 4.3
    endloop
  endfacet
  facet normal 0 -1 0
    outer loop
      vertex 0 17.3 4.3
      vertex 1.60001 17.3 11.3
      vertex 0 17.3 11.3
    endloop
  endfacet
  facet normal 0 -1 -0
    outer loop
      vertex 1.60001 17.3 11.3
      vertex 0 17.3 4.3
      vertex 1.60001 17.3 4.3
    endloop
  endfacet
  facet normal 0 1 -0
    outer loop
      vertex 1.60001 4.3 4.3
      vertex 0 4.3 11.3
      vertex 1.60001 4.3 11.3
    endloop
  endfacet
  facet normal 0 1 0
    outer loop
      vertex 0 4.3 11.3
      vertex 1.60001 4.3 4.3
      vertex 0 4.3 4.3
    endloop
  endfacet
  facet normal 0.195113 0 -0.980781
    outer loop
      vertex 42.4306 29.4 7.12504
      vertex 42.7128 31 7.18118
      vertex 42.7128 29.4 7.18118
    endloop
  endfacet
  facet normal 0.195113 0 -0.980781
    outer loop
      vertex 42.7128 31 7.18118
      vertex 42.4306 29.4 7.12504
      vertex 42.4306 31 7.12504
    endloop
  endfacet
  facet normal -0.980746 0 -0.195287
    outer loop
      vertex 45.1812 29.4 5.28716
      vertex 45.125 31 5.5694
      vertex 45.1812 31 5.28716
    endloop
  endfacet
  facet normal -0.980746 -0 -0.195287
    outer loop
      vertex 45.125 31 5.5694
      vertex 45.1812 29.4 5.28716
      vertex 45.125 29.4 5.5694
    endloop
  endfacet
  facet normal -0.997864 0 -0.0653289
    outer loop
      vertex 45.2 29.4 5
      vertex 45.1812 31 5.28716
      vertex 45.2 31 5
    endloop
  endfacet
  facet normal -0.997864 -0 -0.0653289
    outer loop
      vertex 45.1812 31 5.28716
      vertex 45.2 29.4 5
      vertex 45.1812 29.4 5.28716
    endloop
  endfacet
  facet normal 0.946931 -0 0.321435
    outer loop
      vertex 40.875 29.4 4.4306
      vertex 40.9675 31 4.1581
      vertex 40.875 31 4.4306
    endloop
  endfacet
  facet normal 0.946931 0 0.321435
    outer loop
      vertex 40.9675 31 4.1581
      vertex 40.875 29.4 4.4306
      vertex 40.9675 29.4 4.1581
    endloop
  endfacet
  facet normal 0.751741 -0 0.659458
    outer loop
      vertex 41.2546 29.4 3.66072
      vertex 41.4444 31 3.44436
      vertex 41.2546 31 3.66072
    endloop
  endfacet
  facet normal 0.751741 0 0.659458
    outer loop
      vertex 41.4444 31 3.44436
      vertex 41.2546 29.4 3.66072
      vertex 41.4444 29.4 3.44436
    endloop
  endfacet
  facet normal 0.321435 0 0.946931
    outer loop
      vertex 42.1581 31 2.96746
      vertex 42.4306 29.4 2.87496
      vertex 42.4306 31 2.87496
    endloop
  endfacet
  facet normal 0.321435 0 0.946931
    outer loop
      vertex 42.4306 29.4 2.87496
      vertex 42.1581 31 2.96746
      vertex 42.1581 29.4 2.96746
    endloop
  endfacet
  facet normal -0.659464 0 -0.751736
    outer loop
      vertex 44.3393 29.4 6.74538
      vertex 44.5556 31 6.55563
      vertex 44.5556 29.4 6.55563
    endloop
  endfacet
  facet normal -0.659464 0 -0.751736
    outer loop
      vertex 44.5556 31 6.55563
      vertex 44.3393 29.4 6.74538
      vertex 44.3393 31 6.74538
    endloop
  endfacet
  facet normal -0.659444 0 0.751754
    outer loop
      vertex 44.3393 31 3.25462
      vertex 44.5556 29.4 3.44436
      vertex 44.5556 31 3.44436
    endloop
  endfacet
  facet normal -0.659444 0 0.751754
    outer loop
      vertex 44.5556 29.4 3.44436
      vertex 44.3393 31 3.25462
      vertex 44.3393 29.4 3.25462
    endloop
  endfacet
  facet normal -0.065389 0 0.99786
    outer loop
      vertex 43 31 2.8
      vertex 43.2872 29.4 2.81882
      vertex 43.2872 31 2.81882
    endloop
  endfacet
  facet normal -0.065389 0 0.99786
    outer loop
      vertex 43.2872 29.4 2.81882
      vertex 43 31 2.8
      vertex 43 29.4 2.8
    endloop
  endfacet
  facet normal -0.555534 0 -0.831494
    outer loop
      vertex 44.1 29.4 6.90526
      vertex 44.3393 31 6.74538
      vertex 44.3393 29.4 6.74538
    endloop
  endfacet
  facet normal -0.555534 0 -0.831494
    outer loop
      vertex 44.3393 31 6.74538
      vertex 44.1 29.4 6.90526
      vertex 44.1 31 6.90526
    endloop
  endfacet
  facet normal -0.946931 0 0.321435
    outer loop
      vertex 45.0325 29.4 4.1581
      vertex 45.125 31 4.4306
      vertex 45.0325 31 4.1581
    endloop
  endfacet
  facet normal -0.946931 0 0.321435
    outer loop
      vertex 45.125 31 4.4306
      vertex 45.0325 29.4 4.1581
      vertex 45.125 29.4 4.4306
    endloop
  endfacet
  facet normal -0.83144 0 0.555614
    outer loop
      vertex 44.7454 29.4 3.66072
      vertex 44.9053 31 3.9
      vertex 44.7454 31 3.66072
    endloop
  endfacet
  facet normal -0.83144 0 0.555614
    outer loop
      vertex 44.9053 31 3.9
      vertex 44.7454 29.4 3.66072
      vertex 44.9053 29.4 3.9
    endloop
  endfacet
  facet normal 0.659464 0 -0.751736
    outer loop
      vertex 41.4444 29.4 6.55563
      vertex 41.6607 31 6.74538
      vertex 41.6607 29.4 6.74538
    endloop
  endfacet
  facet normal 0.659464 0 -0.751736
    outer loop
      vertex 41.6607 31 6.74538
      vertex 41.4444 29.4 6.55563
      vertex 41.4444 31 6.55563
    endloop
  endfacet
  facet normal 0.195113 0 0.980781
    outer loop
      vertex 42.4306 31 2.87496
      vertex 42.7128 29.4 2.81882
      vertex 42.7128 31 2.81882
    endloop
  endfacet
  facet normal 0.195113 0 0.980781
    outer loop
      vertex 42.7128 29.4 2.81882
      vertex 42.4306 31 2.87496
      vertex 42.4306 29.4 2.87496
    endloop
  endfacet
  facet normal -0.555534 0 0.831494
    outer loop
      vertex 44.1 31 3.09474
      vertex 44.3393 29.4 3.25462
      vertex 44.3393 31 3.25462
    endloop
  endfacet
  facet normal -0.555534 0 0.831494
    outer loop
      vertex 44.3393 29.4 3.25462
      vertex 44.1 31 3.09474
      vertex 44.1 29.4 3.09474
    endloop
  endfacet
  facet normal -0.896984 0 -0.442063
    outer loop
      vertex 45.0325 29.4 5.8419
      vertex 44.9053 31 6.1
      vertex 45.0325 31 5.8419
    endloop
  endfacet
  facet normal -0.896984 -0 -0.442063
    outer loop
      vertex 44.9053 31 6.1
      vertex 45.0325 29.4 5.8419
      vertex 44.9053 29.4 6.1
    endloop
  endfacet
  facet normal 0.555534 0 0.831494
    outer loop
      vertex 41.6607 31 3.25462
      vertex 41.9 29.4 3.09474
      vertex 41.9 31 3.09474
    endloop
  endfacet
  facet normal 0.555534 0 0.831494
    outer loop
      vertex 41.9 29.4 3.09474
      vertex 41.6607 31 3.25462
      vertex 41.6607 29.4 3.25462
    endloop
  endfacet
  facet normal -0.442286 0 0.896874
    outer loop
      vertex 43.8419 31 2.96746
      vertex 44.1 29.4 3.09474
      vertex 44.1 31 3.09474
    endloop
  endfacet
  facet normal -0.442286 0 0.896874
    outer loop
      vertex 44.1 29.4 3.09474
      vertex 43.8419 31 2.96746
      vertex 43.8419 29.4 2.96746
    endloop
  endfacet
  facet normal -0.946931 0 -0.321435
    outer loop
      vertex 45.125 29.4 5.5694
      vertex 45.0325 31 5.8419
      vertex 45.125 31 5.5694
    endloop
  endfacet
  facet normal -0.946931 -0 -0.321435
    outer loop
      vertex 45.0325 31 5.8419
      vertex 45.125 29.4 5.5694
      vertex 45.0325 29.4 5.8419
    endloop
  endfacet
  facet normal -0.83143 0 -0.55563
    outer loop
      vertex 44.9053 29.4 6.1
      vertex 44.7454 31 6.33927
      vertex 44.9053 31 6.1
    endloop
  endfacet
  facet normal -0.83143 -0 -0.55563
    outer loop
      vertex 44.7454 31 6.33927
      vertex 44.9053 29.4 6.1
      vertex 44.7454 29.4 6.33927
    endloop
  endfacet
  facet normal 0.751741 0 -0.659458
    outer loop
      vertex 41.4444 29.4 6.55563
      vertex 41.2546 31 6.33927
      vertex 41.4444 31 6.55563
    endloop
  endfacet
  facet normal 0.751741 0 -0.659458
    outer loop
      vertex 41.2546 31 6.33927
      vertex 41.4444 29.4 6.55563
      vertex 41.2546 29.4 6.33927
    endloop
  endfacet
  facet normal 0.442286 0 0.896874
    outer loop
      vertex 41.9 31 3.09474
      vertex 42.1581 29.4 2.96746
      vertex 42.1581 31 2.96746
    endloop
  endfacet
  facet normal 0.442286 0 0.896874
    outer loop
      vertex 42.1581 29.4 2.96746
      vertex 41.9 31 3.09474
      vertex 41.9 29.4 3.09474
    endloop
  endfacet
  facet normal -0.751741 0 0.659458
    outer loop
      vertex 44.5556 29.4 3.44436
      vertex 44.7454 31 3.66072
      vertex 44.5556 31 3.44436
    endloop
  endfacet
  facet normal -0.751741 0 0.659458
    outer loop
      vertex 44.7454 31 3.66072
      vertex 44.5556 29.4 3.44436
      vertex 44.7454 29.4 3.66072
    endloop
  endfacet
  facet normal 0.997864 0 -0.0653289
    outer loop
      vertex 40.8188 29.4 5.28716
      vertex 40.8 31 5
      vertex 40.8188 31 5.28716
    endloop
  endfacet
  facet normal 0.997864 0 -0.0653289
    outer loop
      vertex 40.8 31 5
      vertex 40.8188 29.4 5.28716
      vertex 40.8 29.4 5
    endloop
  endfacet
  facet normal -0.442258 0 -0.896888
    outer loop
      vertex 43.8419 29.4 7.03253
      vertex 44.1 31 6.90526
      vertex 44.1 29.4 6.90526
    endloop
  endfacet
  facet normal -0.442258 0 -0.896888
    outer loop
      vertex 44.1 31 6.90526
      vertex 43.8419 29.4 7.03253
      vertex 43.8419 31 7.03253
    endloop
  endfacet
  facet normal -0.896984 0 0.442063
    outer loop
      vertex 44.9053 29.4 3.9
      vertex 45.0325 31 4.1581
      vertex 44.9053 31 3.9
    endloop
  endfacet
  facet normal -0.896984 0 0.442063
    outer loop
      vertex 45.0325 31 4.1581
      vertex 44.9053 29.4 3.9
      vertex 45.0325 29.4 4.1581
    endloop
  endfacet
  facet normal -0.980746 0 0.195287
    outer loop
      vertex 45.125 29.4 4.4306
      vertex 45.1812 31 4.71284
      vertex 45.125 31 4.4306
    endloop
  endfacet
  facet normal -0.980746 0 0.195287
    outer loop
      vertex 45.1812 31 4.71284
      vertex 45.125 29.4 4.4306
      vertex 45.1812 29.4 4.71284
    endloop
  endfacet
  facet normal -0.321435 0 0.946931
    outer loop
      vertex 43.5694 31 2.87496
      vertex 43.8419 29.4 2.96746
      vertex 43.8419 31 2.96746
    endloop
  endfacet
  facet normal -0.321435 0 0.946931
    outer loop
      vertex 43.8419 29.4 2.96746
      vertex 43.5694 31 2.87496
      vertex 43.5694 29.4 2.87496
    endloop
  endfacet
  facet normal 0.896984 -0 0.442063
    outer loop
      vertex 40.9675 29.4 4.1581
      vertex 41.0947 31 3.9
      vertex 40.9675 31 4.1581
    endloop
  endfacet
  facet normal 0.896984 0 0.442063
    outer loop
      vertex 41.0947 31 3.9
      vertex 40.9675 29.4 4.1581
      vertex 41.0947 29.4 3.9
    endloop
  endfacet
  facet normal -0.195113 0 -0.980781
    outer loop
      vertex 43.2872 29.4 7.18118
      vertex 43.5694 31 7.12504
      vertex 43.5694 29.4 7.12504
    endloop
  endfacet
  facet normal -0.195113 0 -0.980781
    outer loop
      vertex 43.5694 31 7.12504
      vertex 43.2872 29.4 7.18118
      vertex 43.2872 31 7.18118
    endloop
  endfacet
  facet normal 0.946931 0 -0.321435
    outer loop
      vertex 40.9675 29.4 5.8419
      vertex 40.875 31 5.5694
      vertex 40.9675 31 5.8419
    endloop
  endfacet
  facet normal 0.946931 0 -0.321435
    outer loop
      vertex 40.875 31 5.5694
      vertex 40.9675 29.4 5.8419
      vertex 40.875 29.4 5.5694
    endloop
  endfacet
  facet normal 0.980746 -0 0.195287
    outer loop
      vertex 40.8188 29.4 4.71284
      vertex 40.875 31 4.4306
      vertex 40.8188 31 4.71284
    endloop
  endfacet
  facet normal 0.980746 0 0.195287
    outer loop
      vertex 40.875 31 4.4306
      vertex 40.8188 29.4 4.71284
      vertex 40.875 29.4 4.4306
    endloop
  endfacet
  facet normal -0.997864 0 0.0653289
    outer loop
      vertex 45.1812 29.4 4.71284
      vertex 45.2 31 5
      vertex 45.1812 31 4.71284
    endloop
  endfacet
  facet normal -0.997864 0 0.0653289
    outer loop
      vertex 45.2 31 5
      vertex 45.1812 29.4 4.71284
      vertex 45.2 29.4 5
    endloop
  endfacet
  facet normal -0.195113 0 0.980781
    outer loop
      vertex 43.2872 31 2.81882
      vertex 43.5694 29.4 2.87496
      vertex 43.5694 31 2.87496
    endloop
  endfacet
  facet normal -0.195113 0 0.980781
    outer loop
      vertex 43.5694 29.4 2.87496
      vertex 43.2872 31 2.81882
      vertex 43.2872 29.4 2.81882
    endloop
  endfacet
  facet normal 0.83143 0 -0.55563
    outer loop
      vertex 41.2546 29.4 6.33927
      vertex 41.0947 31 6.1
      vertex 41.2546 31 6.33927
    endloop
  endfacet
  facet normal 0.83143 0 -0.55563
    outer loop
      vertex 41.0947 31 6.1
      vertex 41.2546 29.4 6.33927
      vertex 41.0947 29.4 6.1
    endloop
  endfacet
  facet normal 0.065389 0 -0.99786
    outer loop
      vertex 42.7128 29.4 7.18118
      vertex 43 31 7.2
      vertex 43 29.4 7.2
    endloop
  endfacet
  facet normal 0.065389 0 -0.99786
    outer loop
      vertex 43 31 7.2
      vertex 42.7128 29.4 7.18118
      vertex 42.7128 31 7.18118
    endloop
  endfacet
  facet normal -0.065389 0 -0.99786
    outer loop
      vertex 43 29.4 7.2
      vertex 43.2872 31 7.18118
      vertex 43.2872 29.4 7.18118
    endloop
  endfacet
  facet normal -0.065389 0 -0.99786
    outer loop
      vertex 43.2872 31 7.18118
      vertex 43 29.4 7.2
      vertex 43 31 7.2
    endloop
  endfacet
  facet normal -0.321467 0 -0.946921
    outer loop
      vertex 43.5694 29.4 7.12504
      vertex 43.8419 31 7.03253
      vertex 43.8419 29.4 7.03253
    endloop
  endfacet
  facet normal -0.321467 0 -0.946921
    outer loop
      vertex 43.8419 31 7.03253
      vertex 43.5694 29.4 7.12504
      vertex 43.5694 31 7.12504
    endloop
  endfacet
  facet normal -0.751741 0 -0.659458
    outer loop
      vertex 44.7454 29.4 6.33927
      vertex 44.5556 31 6.55563
      vertex 44.7454 31 6.33927
    endloop
  endfacet
  facet normal -0.751741 -0 -0.659458
    outer loop
      vertex 44.5556 31 6.55563
      vertex 44.7454 29.4 6.33927
      vertex 44.5556 29.4 6.55563
    endloop
  endfacet
  facet normal 0.321467 0 -0.946921
    outer loop
      vertex 42.1581 29.4 7.03253
      vertex 42.4306 31 7.12504
      vertex 42.4306 29.4 7.12504
    endloop
  endfacet
  facet normal 0.321467 0 -0.946921
    outer loop
      vertex 42.4306 31 7.12504
      vertex 42.1581 29.4 7.03253
      vertex 42.1581 31 7.03253
    endloop
  endfacet
  facet normal 0.980746 0 -0.195287
    outer loop
      vertex 40.875 29.4 5.5694
      vertex 40.8188 31 5.28716
      vertex 40.875 31 5.5694
    endloop
  endfacet
  facet normal 0.980746 0 -0.195287
    outer loop
      vertex 40.8188 31 5.28716
      vertex 40.875 29.4 5.5694
      vertex 40.8188 29.4 5.28716
    endloop
  endfacet
  facet normal 0.442258 0 -0.896888
    outer loop
      vertex 41.9 29.4 6.90526
      vertex 42.1581 31 7.03253
      vertex 42.1581 29.4 7.03253
    endloop
  endfacet
  facet normal 0.442258 0 -0.896888
    outer loop
      vertex 42.1581 31 7.03253
      vertex 41.9 29.4 6.90526
      vertex 41.9 31 6.90526
    endloop
  endfacet
  facet normal 0.997864 -0 0.0653289
    outer loop
      vertex 40.8 29.4 5
      vertex 40.8188 31 4.71284
      vertex 40.8 31 5
    endloop
  endfacet
  facet normal 0.997864 0 0.0653289
    outer loop
      vertex 40.8188 31 4.71284
      vertex 40.8 29.4 5
      vertex 40.8188 29.4 4.71284
    endloop
  endfacet
  facet normal 0.83144 -0 0.555614
    outer loop
      vertex 41.0947 29.4 3.9
      vertex 41.2546 31 3.66072
      vertex 41.0947 31 3.9
    endloop
  endfacet
  facet normal 0.83144 0 0.555614
    outer loop
      vertex 41.2546 31 3.66072
      vertex 41.0947 29.4 3.9
      vertex 41.2546 29.4 3.66072
    endloop
  endfacet
  facet normal 0.555534 0 -0.831494
    outer loop
      vertex 41.6607 29.4 6.74538
      vertex 41.9 31 6.90526
      vertex 41.9 29.4 6.90526
    endloop
  endfacet
  facet normal 0.555534 0 -0.831494
    outer loop
      vertex 41.9 31 6.90526
      vertex 41.6607 29.4 6.74538
      vertex 41.6607 31 6.74538
    endloop
  endfacet
  facet normal 0.065389 0 0.99786
    outer loop
      vertex 42.7128 31 2.81882
      vertex 43 29.4 2.8
      vertex 43 31 2.8
    endloop
  endfacet
  facet normal 0.065389 0 0.99786
    outer loop
      vertex 43 29.4 2.8
      vertex 42.7128 31 2.81882
      vertex 42.7128 29.4 2.81882
    endloop
  endfacet
  facet normal 0.896984 0 -0.442063
    outer loop
      vertex 41.0947 29.4 6.1
      vertex 40.9675 31 5.8419
      vertex 41.0947 31 6.1
    endloop
  endfacet
  facet normal 0.896984 0 -0.442063
    outer loop
      vertex 40.9675 31 5.8419
      vertex 41.0947 29.4 6.1
      vertex 40.9675 29.4 5.8419
    endloop
  endfacet
  facet normal 0.659444 0 0.751754
    outer loop
      vertex 41.4444 31 3.44436
      vertex 41.6607 29.4 3.25462
      vertex 41.6607 31 3.25462
    endloop
  endfacet
  facet normal 0.659444 0 0.751754
    outer loop
      vertex 41.6607 29.4 3.25462
      vertex 41.4444 31 3.44436
      vertex 41.4444 29.4 3.44436
    endloop
  endfacet
  facet normal 0 -0.980667 -0.195685
    outer loop
      vertex 0 20.0436 8.89789
      vertex 1.60001 20.0244 8.99411
      vertex 0 20.0244 8.99411
    endloop
  endfacet
  facet normal 0 -0.980667 -0.195685
    outer loop
      vertex 1.60001 20.0244 8.99411
      vertex 0 20.0436 8.89789
      vertex 1.60001 20.0436 8.89789
    endloop
  endfacet
  facet normal 0 -0.94704 0.321117
    outer loop
      vertex 0 19.9929 8.51299
      vertex 1.60001 20.0244 8.60589
      vertex 0 20.0244 8.60589
    endloop
  endfacet
  facet normal 0 -0.94704 0.321117
    outer loop
      vertex 1.60001 20.0244 8.60589
      vertex 0 19.9929 8.51299
      vertex 1.60001 19.9929 8.51299
    endloop
  endfacet
  facet normal 0 0.89684 0.442355
    outer loop
      vertex 1.60001 18.6505 8.425
      vertex 0 18.6071 8.51299
      vertex 1.60001 18.6071 8.51299
    endloop
  endfacet
  facet normal 0 0.89684 0.442355
    outer loop
      vertex 0 18.6071 8.51299
      vertex 1.60001 18.6505 8.425
      vertex 0 18.6505 8.425
    endloop
  endfacet
  facet normal 0 0.0654366 -0.997857
    outer loop
      vertex 0 19.2021 9.54358
      vertex 1.60001 19.3 9.55
      vertex 1.60001 19.2021 9.54358
    endloop
  endfacet
  facet normal 0 0.0654366 -0.997857
    outer loop
      vertex 1.60001 19.3 9.55
      vertex 0 19.2021 9.54358
      vertex 0 19.3 9.55
    endloop
  endfacet
  facet normal 0 0.980663 0.195704
    outer loop
      vertex 1.60001 18.5756 8.60589
      vertex 0 18.5564 8.7021
      vertex 1.60001 18.5564 8.7021
    endloop
  endfacet
  facet normal 0 0.980663 0.195704
    outer loop
      vertex 0 18.5564 8.7021
      vertex 1.60001 18.5756 8.60589
      vertex 0 18.5756 8.60589
    endloop
  endfacet
  facet normal 0 0.831485 0.555547
    outer loop
      vertex 1.60001 18.705 8.34343
      vertex 0 18.6505 8.425
      vertex 1.60001 18.6505 8.425
    endloop
  endfacet
  facet normal 0 0.831485 0.555547
    outer loop
      vertex 0 18.6505 8.425
      vertex 1.60001 18.705 8.34343
      vertex 0 18.705 8.34343
    endloop
  endfacet
  facet normal 0 -0.0654366 0.997857
    outer loop
      vertex 0 19.3979 8.05642
      vertex 1.60001 19.3 8.05
      vertex 1.60001 19.3979 8.05642
    endloop
  endfacet
  facet normal 0 -0.0654366 0.997857
    outer loop
      vertex 1.60001 19.3 8.05
      vertex 0 19.3979 8.05642
      vertex 0 19.3 8.05
    endloop
  endfacet
  facet normal 0 0.831485 -0.555547
    outer loop
      vertex 1.60001 18.6505 9.175
      vertex 0 18.705 9.25657
      vertex 1.60001 18.705 9.25657
    endloop
  endfacet
  facet normal 0 0.831485 -0.555547
    outer loop
      vertex 0 18.705 9.25657
      vertex 1.60001 18.6505 9.175
      vertex 0 18.6505 9.175
    endloop
  endfacet
  facet normal -0 0.0654366 0.997857
    outer loop
      vertex 0 19.3 8.05
      vertex 1.60001 19.2021 8.05642
      vertex 1.60001 19.3 8.05
    endloop
  endfacet
  facet normal 0 0.0654366 0.997857
    outer loop
      vertex 1.60001 19.2021 8.05642
      vertex 0 19.3 8.05
      vertex 0 19.2021 8.05642
    endloop
  endfacet
  facet normal 0 -0.555406 0.83158
    outer loop
      vertex 0 19.7566 8.20498
      vertex 1.60001 19.675 8.15048
      vertex 1.60001 19.7566 8.20498
    endloop
  endfacet
  facet normal 0 -0.555406 0.83158
    outer loop
      vertex 1.60001 19.675 8.15048
      vertex 0 19.7566 8.20498
      vertex 0 19.675 8.15048
    endloop
  endfacet
  facet normal 0 -0.0654366 -0.997857
    outer loop
      vertex 0 19.3 9.55
      vertex 1.60001 19.3979 9.54358
      vertex 1.60001 19.3 9.55
    endloop
  endfacet
  facet normal -0 -0.0654366 -0.997857
    outer loop
      vertex 1.60001 19.3979 9.54358
      vertex 0 19.3 9.55
      vertex 0 19.3979 9.54358
    endloop
  endfacet
  facet normal -0 0.659673 0.751552
    outer loop
      vertex 0 18.8434 8.20498
      vertex 1.60001 18.7697 8.26967
      vertex 1.60001 18.8434 8.20498
    endloop
  endfacet
  facet normal 0 0.659673 0.751552
    outer loop
      vertex 1.60001 18.7697 8.26967
      vertex 0 18.8434 8.20498
      vertex 0 18.7697 8.26967
    endloop
  endfacet
  facet normal 0 -0.831485 0.555547
    outer loop
      vertex 0 19.895 8.34343
      vertex 1.60001 19.9495 8.425
      vertex 0 19.9495 8.425
    endloop
  endfacet
  facet normal 0 -0.831485 0.555547
    outer loop
      vertex 1.60001 19.9495 8.425
      vertex 0 19.895 8.34343
      vertex 1.60001 19.895 8.34343
    endloop
  endfacet
  facet normal -0 0.321482 0.946916
    outer loop
      vertex 0 19.1059 8.07555
      vertex 1.60001 19.013 8.10709
      vertex 1.60001 19.1059 8.07555
    endloop
  endfacet
  facet normal 0 0.321482 0.946916
    outer loop
      vertex 1.60001 19.013 8.10709
      vertex 0 19.1059 8.07555
      vertex 0 19.013 8.10709
    endloop
  endfacet
  facet normal 0 0.94704 -0.321117
    outer loop
      vertex 1.60001 18.5756 8.99411
      vertex 0 18.6071 9.08701
      vertex 1.60001 18.6071 9.08701
    endloop
  endfacet
  facet normal 0 0.94704 -0.321117
    outer loop
      vertex 0 18.6071 9.08701
      vertex 1.60001 18.5756 8.99411
      vertex 0 18.5756 8.99411
    endloop
  endfacet
  facet normal 0 0.980667 -0.195685
    outer loop
      vertex 1.60001 18.5564 8.89789
      vertex 0 18.5756 8.99411
      vertex 1.60001 18.5756 8.99411
    endloop
  endfacet
  facet normal 0 0.980667 -0.195685
    outer loop
      vertex 0 18.5756 8.99411
      vertex 1.60001 18.5564 8.89789
      vertex 0 18.5564 8.89789
    endloop
  endfacet
  facet normal 0 -0.195038 0.980796
    outer loop
      vertex 0 19.4941 8.07555
      vertex 1.60001 19.3979 8.05642
      vertex 1.60001 19.4941 8.07555
    endloop
  endfacet
  facet normal 0 -0.195038 0.980796
    outer loop
      vertex 1.60001 19.3979 8.05642
      vertex 0 19.4941 8.07555
      vertex 0 19.3979 8.05642
    endloop
  endfacet
  facet normal 0 -0.751768 -0.659428
    outer loop
      vertex 0 19.895 9.25657
      vertex 1.60001 19.8303 9.33033
      vertex 0 19.8303 9.33033
    endloop
  endfacet
  facet normal 0 -0.751768 -0.659428
    outer loop
      vertex 1.60001 19.8303 9.33033
      vertex 0 19.895 9.25657
      vertex 1.60001 19.895 9.25657
    endloop
  endfacet
  facet normal 0 -0.442233 0.8969
    outer loop
      vertex 0 19.675 8.15048
      vertex 1.60001 19.587 8.10709
      vertex 1.60001 19.675 8.15048
    endloop
  endfacet
  facet normal 0 -0.442233 0.8969
    outer loop
      vertex 1.60001 19.587 8.10709
      vertex 0 19.675 8.15048
      vertex 0 19.587 8.10709
    endloop
  endfacet
  facet normal 0 0.442233 -0.8969
    outer loop
      vertex 0 18.925 9.44952
      vertex 1.60001 19.013 9.49291
      vertex 1.60001 18.925 9.44952
    endloop
  endfacet
  facet normal 0 0.442233 -0.8969
    outer loop
      vertex 1.60001 19.013 9.49291
      vertex 0 18.925 9.44952
      vertex 0 19.013 9.49291
    endloop
  endfacet
  facet normal 0 -0.321391 -0.946947
    outer loop
      vertex 0 19.4941 9.52444
      vertex 1.60001 19.587 9.49291
      vertex 1.60001 19.4941 9.52444
    endloop
  endfacet
  facet normal -0 -0.321391 -0.946947
    outer loop
      vertex 1.60001 19.587 9.49291
      vertex 0 19.4941 9.52444
      vertex 0 19.587 9.49291
    endloop
  endfacet
  facet normal 0 -0.99787 -0.0652402
    outer loop
      vertex 0 20.05 8.8
      vertex 1.60001 20.0436 8.89789
      vertex 0 20.0436 8.89789
    endloop
  endfacet
  facet normal 0 -0.99787 -0.0652402
    outer loop
      vertex 1.60001 20.0436 8.89789
      vertex 0 20.05 8.8
      vertex 1.60001 20.05 8.8
    endloop
  endfacet
  facet normal 0 -0.555476 -0.831533
    outer loop
      vertex 0 19.675 9.44952
      vertex 1.60001 19.7566 9.39501
      vertex 1.60001 19.675 9.44952
    endloop
  endfacet
  facet normal -0 -0.555476 -0.831533
    outer loop
      vertex 1.60001 19.7566 9.39501
      vertex 0 19.675 9.44952
      vertex 0 19.7566 9.39501
    endloop
  endfacet
  facet normal 0 0.94704 0.321117
    outer loop
      vertex 1.60001 18.6071 8.51299
      vertex 0 18.5756 8.60589
      vertex 1.60001 18.5756 8.60589
    endloop
  endfacet
  facet normal 0 0.94704 0.321117
    outer loop
      vertex 0 18.5756 8.60589
      vertex 1.60001 18.6071 8.51299
      vertex 0 18.6071 8.51299
    endloop
  endfacet
  facet normal 0 0.321391 -0.946947
    outer loop
      vertex 0 19.013 9.49291
      vertex 1.60001 19.1059 9.52444
      vertex 1.60001 19.013 9.49291
    endloop
  endfacet
  facet normal 0 0.321391 -0.946947
    outer loop
      vertex 1.60001 19.1059 9.52444
      vertex 0 19.013 9.49291
      vertex 0 19.1059 9.52444
    endloop
  endfacet
  facet normal 0 -0.751768 0.659428
    outer loop
      vertex 0 19.8303 8.26967
      vertex 1.60001 19.895 8.34343
      vertex 0 19.895 8.34343
    endloop
  endfacet
  facet normal 0 -0.751768 0.659428
    outer loop
      vertex 1.60001 19.895 8.34343
      vertex 0 19.8303 8.26967
      vertex 1.60001 19.8303 8.26967
    endloop
  endfacet
  facet normal 0 0.751768 0.659428
    outer loop
      vertex 1.60001 18.7697 8.26967
      vertex 0 18.705 8.34343
      vertex 1.60001 18.705 8.34343
    endloop
  endfacet
  facet normal 0 0.751768 0.659428
    outer loop
      vertex 0 18.705 8.34343
      vertex 1.60001 18.7697 8.26967
      vertex 0 18.7697 8.26967
    endloop
  endfacet
  facet normal 0 0.99787 0.0652336
    outer loop
      vertex 1.60001 18.5564 8.7021
      vertex 0 18.55 8.8
      vertex 1.60001 18.55 8.8
    endloop
  endfacet
  facet normal 0 0.99787 0.0652336
    outer loop
      vertex 0 18.55 8.8
      vertex 1.60001 18.5564 8.7021
      vertex 0 18.5564 8.7021
    endloop
  endfacet
  facet normal 0 0.195136 -0.980776
    outer loop
      vertex 0 19.1059 9.52444
      vertex 1.60001 19.2021 9.54358
      vertex 1.60001 19.1059 9.52444
    endloop
  endfacet
  facet normal 0 0.195136 -0.980776
    outer loop
      vertex 1.60001 19.2021 9.54358
      vertex 0 19.1059 9.52444
      vertex 0 19.2021 9.54358
    endloop
  endfacet
  facet normal -0 0.195038 0.980796
    outer loop
      vertex 0 19.2021 8.05642
      vertex 1.60001 19.1059 8.07555
      vertex 1.60001 19.2021 8.05642
    endloop
  endfacet
  facet normal 0 0.195038 0.980796
    outer loop
      vertex 1.60001 19.1059 8.07555
      vertex 0 19.2021 8.05642
      vertex 0 19.1059 8.07555
    endloop
  endfacet
  facet normal 0 0.99787 -0.0652402
    outer loop
      vertex 1.60001 18.55 8.8
      vertex 0 18.5564 8.89789
      vertex 1.60001 18.5564 8.89789
    endloop
  endfacet
  facet normal 0 0.99787 -0.0652402
    outer loop
      vertex 0 18.5564 8.89789
      vertex 1.60001 18.55 8.8
      vertex 0 18.55 8.8
    endloop
  endfacet
  facet normal 0 -0.94704 -0.321117
    outer loop
      vertex 0 20.0244 8.99411
      vertex 1.60001 19.9929 9.08701
      vertex 0 19.9929 9.08701
    endloop
  endfacet
  facet normal 0 -0.94704 -0.321117
    outer loop
      vertex 1.60001 19.9929 9.08701
      vertex 0 20.0244 8.99411
      vertex 1.60001 20.0244 8.99411
    endloop
  endfacet
  facet normal 0 0.751768 -0.659428
    outer loop
      vertex 1.60001 18.705 9.25657
      vertex 0 18.7697 9.33033
      vertex 1.60001 18.7697 9.33033
    endloop
  endfacet
  facet normal 0 0.751768 -0.659428
    outer loop
      vertex 0 18.7697 9.33033
      vertex 1.60001 18.705 9.25657
      vertex 0 18.705 9.25657
    endloop
  endfacet
  facet normal 0 -0.980663 0.195704
    outer loop
      vertex 0 20.0244 8.60589
      vertex 1.60001 20.0436 8.7021
      vertex 0 20.0436 8.7021
    endloop
  endfacet
  facet normal 0 -0.980663 0.195704
    outer loop
      vertex 1.60001 20.0436 8.7021
      vertex 0 20.0244 8.60589
      vertex 1.60001 20.0244 8.60589
    endloop
  endfacet
  facet normal -0 0.555406 0.83158
    outer loop
      vertex 0 18.925 8.15048
      vertex 1.60001 18.8434 8.20498
      vertex 1.60001 18.925 8.15048
    endloop
  endfacet
  facet normal 0 0.555406 0.83158
    outer loop
      vertex 1.60001 18.8434 8.20498
      vertex 0 18.925 8.15048
      vertex 0 18.8434 8.20498
    endloop
  endfacet
  facet normal 0 -0.831485 -0.555547
    outer loop
      vertex 0 19.9495 9.175
      vertex 1.60001 19.895 9.25657
      vertex 0 19.895 9.25657
    endloop
  endfacet
  facet normal 0 -0.831485 -0.555547
    outer loop
      vertex 1.60001 19.895 9.25657
      vertex 0 19.9495 9.175
      vertex 1.60001 19.9495 9.175
    endloop
  endfacet
  facet normal 0 0.659616 -0.751603
    outer loop
      vertex 0 18.7697 9.33033
      vertex 1.60001 18.8434 9.39501
      vertex 1.60001 18.7697 9.33033
    endloop
  endfacet
  facet normal 0 0.659616 -0.751603
    outer loop
      vertex 1.60001 18.8434 9.39501
      vertex 0 18.7697 9.33033
      vertex 0 18.8434 9.39501
    endloop
  endfacet
  facet normal 0 -0.89684 0.442355
    outer loop
      vertex 0 19.9495 8.425
      vertex 1.60001 19.9929 8.51299
      vertex 0 19.9929 8.51299
    endloop
  endfacet
  facet normal 0 -0.89684 0.442355
    outer loop
      vertex 1.60001 19.9929 8.51299
      vertex 0 19.9495 8.425
      vertex 1.60001 19.9495 8.425
    endloop
  endfacet
  facet normal 0 -0.89684 -0.442355
    outer loop
      vertex 0 19.9929 9.08701
      vertex 1.60001 19.9495 9.175
      vertex 0 19.9495 9.175
    endloop
  endfacet
  facet normal 0 -0.89684 -0.442355
    outer loop
      vertex 1.60001 19.9495 9.175
      vertex 0 19.9929 9.08701
      vertex 1.60001 19.9929 9.08701
    endloop
  endfacet
  facet normal 0 -0.659673 0.751552
    outer loop
      vertex 0 19.8303 8.26967
      vertex 1.60001 19.7566 8.20498
      vertex 1.60001 19.8303 8.26967
    endloop
  endfacet
  facet normal 0 -0.659673 0.751552
    outer loop
      vertex 1.60001 19.7566 8.20498
      vertex 0 19.8303 8.26967
      vertex 0 19.7566 8.20498
    endloop
  endfacet
  facet normal 0 -0.321482 0.946916
    outer loop
      vertex 0 19.587 8.10709
      vertex 1.60001 19.4941 8.07555
      vertex 1.60001 19.587 8.10709
    endloop
  endfacet
  facet normal 0 -0.321482 0.946916
    outer loop
      vertex 1.60001 19.4941 8.07555
      vertex 0 19.587 8.10709
      vertex 0 19.4941 8.07555
    endloop
  endfacet
  facet normal 0 -0.99787 0.0652336
    outer loop
      vertex 0 20.0436 8.7021
      vertex 1.60001 20.05 8.8
      vertex 0 20.05 8.8
    endloop
  endfacet
  facet normal 0 -0.99787 0.0652336
    outer loop
      vertex 1.60001 20.05 8.8
      vertex 0 20.0436 8.7021
      vertex 1.60001 20.0436 8.7021
    endloop
  endfacet
  facet normal 0 -0.195136 -0.980776
    outer loop
      vertex 0 19.3979 9.54358
      vertex 1.60001 19.4941 9.52444
      vertex 1.60001 19.3979 9.54358
    endloop
  endfacet
  facet normal -0 -0.195136 -0.980776
    outer loop
      vertex 1.60001 19.4941 9.52444
      vertex 0 19.3979 9.54358
      vertex 0 19.4941 9.52444
    endloop
  endfacet
  facet normal 0 -0.659616 -0.751603
    outer loop
      vertex 0 19.7566 9.39501
      vertex 1.60001 19.8303 9.33033
      vertex 1.60001 19.7566 9.39501
    endloop
  endfacet
  facet normal -0 -0.659616 -0.751603
    outer loop
      vertex 1.60001 19.8303 9.33033
      vertex 0 19.7566 9.39501
      vertex 0 19.8303 9.33033
    endloop
  endfacet
  facet normal -0 0.442233 0.8969
    outer loop
      vertex 0 19.013 8.10709
      vertex 1.60001 18.925 8.15048
      vertex 1.60001 19.013 8.10709
    endloop
  endfacet
  facet normal 0 0.442233 0.8969
    outer loop
      vertex 1.60001 18.925 8.15048
      vertex 0 19.013 8.10709
      vertex 0 18.925 8.15048
    endloop
  endfacet
  facet normal 0 -0.442233 -0.8969
    outer loop
      vertex 0 19.587 9.49291
      vertex 1.60001 19.675 9.44952
      vertex 1.60001 19.587 9.49291
    endloop
  endfacet
  facet normal -0 -0.442233 -0.8969
    outer loop
      vertex 1.60001 19.675 9.44952
      vertex 0 19.587 9.49291
      vertex 0 19.675 9.44952
    endloop
  endfacet
  facet normal 0 0.555476 -0.831533
    outer loop
      vertex 0 18.8434 9.39501
      vertex 1.60001 18.925 9.44952
      vertex 1.60001 18.8434 9.39501
    endloop
  endfacet
  facet normal 0 0.555476 -0.831533
    outer loop
      vertex 1.60001 18.925 9.44952
      vertex 0 18.8434 9.39501
      vertex 0 18.925 9.44952
    endloop
  endfacet
  facet normal 0 0.89684 -0.442355
    outer loop
      vertex 1.60001 18.6071 9.08701
      vertex 0 18.6505 9.175
      vertex 1.60001 18.6505 9.175
    endloop
  endfacet
  facet normal 0 0.89684 -0.442355
    outer loop
      vertex 0 18.6505 9.175
      vertex 1.60001 18.6071 9.08701
      vertex 0 18.6071 9.08701
    endloop
  endfacet
  facet normal -0.442212 0.89691 0
    outer loop
      vertex 19.2 4.38038 0
      vertex 19.1296 4.34567 1.6
      vertex 19.2 4.38038 1.6
    endloop
  endfacet
  facet normal -0.442212 0.89691 0
    outer loop
      vertex 19.1296 4.34567 1.6
      vertex 19.2 4.38038 0
      vertex 19.1296 4.34567 0
    endloop
  endfacet
  facet normal 0.555376 0.831599 -0
    outer loop
      vertex 18.6 4.38038 0
      vertex 18.5347 4.42399 1.6
      vertex 18.6 4.38038 1.6
    endloop
  endfacet
  facet normal 0.555376 0.831599 0
    outer loop
      vertex 18.5347 4.42399 1.6
      vertex 18.6 4.38038 0
      vertex 18.5347 4.42399 0
    endloop
  endfacet
  facet normal -0.98081 -0.194964 0
    outer loop
      vertex 19.4949 4.97832 0
      vertex 19.4796 5.05529 1.6
      vertex 19.4796 5.05529 0
    endloop
  endfacet
  facet normal -0.98081 -0.194964 0
    outer loop
      vertex 19.4796 5.05529 1.6
      vertex 19.4949 4.97832 0
      vertex 19.4949 4.97832 1.6
    endloop
  endfacet
  facet normal -0.997887 -0.0649798 0
    outer loop
      vertex 19.5 4.9 0
      vertex 19.4949 4.97832 1.6
      vertex 19.4949 4.97832 0
    endloop
  endfacet
  facet normal -0.997887 -0.0649798 0
    outer loop
      vertex 19.4949 4.97832 1.6
      vertex 19.5 4.9 0
      vertex 19.5 4.9 1.6
    endloop
  endfacet
  facet normal -0.321537 -0.946897 0
    outer loop
      vertex 19.0553 5.47956 0
      vertex 19.1296 5.45433 1.6
      vertex 19.0553 5.47956 1.6
    endloop
  endfacet
  facet normal -0.321537 -0.946897 -0
    outer loop
      vertex 19.1296 5.45433 1.6
      vertex 19.0553 5.47956 0
      vertex 19.1296 5.45433 0
    endloop
  endfacet
  facet normal 0.752103 -0.659046 0
    outer loop
      vertex 18.424 5.26526 1.6
      vertex 18.4757 5.32426 0
      vertex 18.4757 5.32426 1.6
    endloop
  endfacet
  facet normal 0.752103 -0.659046 0
    outer loop
      vertex 18.4757 5.32426 0
      vertex 18.424 5.26526 1.6
      vertex 18.424 5.26526 0
    endloop
  endfacet
  facet normal 0.659406 -0.751787 0
    outer loop
      vertex 18.4757 5.32426 0
      vertex 18.5347 5.37601 1.6
      vertex 18.4757 5.32426 1.6
    endloop
  endfacet
  facet normal 0.659406 -0.751787 0
    outer loop
      vertex 18.5347 5.37601 1.6
      vertex 18.4757 5.32426 0
      vertex 18.5347 5.37601 0
    endloop
  endfacet
  facet normal -0.946652 0.322259 0
    outer loop
      vertex 19.4543 4.67039 0
      vertex 19.4796 4.74471 1.6
      vertex 19.4796 4.74471 0
    endloop
  endfacet
  facet normal -0.946652 0.322259 0
    outer loop
      vertex 19.4796 4.74471 1.6
      vertex 19.4543 4.67039 0
      vertex 19.4543 4.67039 1.6
    endloop
  endfacet
  facet normal 0.321537 -0.946897 0
    outer loop
      vertex 18.6704 5.45433 0
      vertex 18.7447 5.47956 1.6
      vertex 18.6704 5.45433 1.6
    endloop
  endfacet
  facet normal 0.321537 -0.946897 0
    outer loop
      vertex 18.7447 5.47956 1.6
      vertex 18.6704 5.45433 0
      vertex 18.7447 5.47956 0
    endloop
  endfacet
  facet normal 0.946652 0.322259 0
    outer loop
      vertex 18.3457 4.67039 1.6
      vertex 18.3204 4.74471 0
      vertex 18.3204 4.74471 1.6
    endloop
  endfacet
  facet normal 0.946652 0.322259 0
    outer loop
      vertex 18.3204 4.74471 0
      vertex 18.3457 4.67039 1.6
      vertex 18.3457 4.67039 0
    endloop
  endfacet
  facet normal 0.555288 -0.831658 0
    outer loop
      vertex 18.5347 5.37601 0
      vertex 18.6 5.41961 1.6
      vertex 18.5347 5.37601 1.6
    endloop
  endfacet
  facet normal 0.555288 -0.831658 0
    outer loop
      vertex 18.6 5.41961 1.6
      vertex 18.5347 5.37601 0
      vertex 18.6 5.41961 0
    endloop
  endfacet
  facet normal 0.752103 0.659046 0
    outer loop
      vertex 18.4757 4.47574 1.6
      vertex 18.424 4.53474 0
      vertex 18.424 4.53474 1.6
    endloop
  endfacet
  facet normal 0.752103 0.659046 0
    outer loop
      vertex 18.424 4.53474 0
      vertex 18.4757 4.47574 1.6
      vertex 18.4757 4.47574 0
    endloop
  endfacet
  facet normal 0.195014 -0.980801 0
    outer loop
      vertex 18.7447 5.47956 0
      vertex 18.8217 5.49487 1.6
      vertex 18.7447 5.47956 1.6
    endloop
  endfacet
  facet normal 0.195014 -0.980801 0
    outer loop
      vertex 18.8217 5.49487 1.6
      vertex 18.7447 5.47956 0
      vertex 18.8217 5.49487 0
    endloop
  endfacet
  facet normal -0.831501 -0.555523 0
    outer loop
      vertex 19.4196 5.2 0
      vertex 19.376 5.26526 1.6
      vertex 19.376 5.26526 0
    endloop
  endfacet
  facet normal -0.831501 -0.555523 0
    outer loop
      vertex 19.376 5.26526 1.6
      vertex 19.4196 5.2 0
      vertex 19.4196 5.2 1.6
    endloop
  endfacet
  facet normal -0.659406 0.751787 0
    outer loop
      vertex 19.3243 4.47574 0
      vertex 19.2653 4.42399 1.6
      vertex 19.3243 4.47574 1.6
    endloop
  endfacet
  facet normal -0.659406 0.751787 0
    outer loop
      vertex 19.2653 4.42399 1.6
      vertex 19.3243 4.47574 0
      vertex 19.2653 4.42399 0
    endloop
  endfacet
  facet normal 0.0653771 0.997861 -0
    outer loop
      vertex 18.9 4.3 0
      vertex 18.8217 4.30513 1.6
      vertex 18.9 4.3 1.6
    endloop
  endfacet
  facet normal 0.0653771 0.997861 0
    outer loop
      vertex 18.8217 4.30513 1.6
      vertex 18.9 4.3 0
      vertex 18.8217 4.30513 0
    endloop
  endfacet
  facet normal -0.831501 0.555523 0
    outer loop
      vertex 19.376 4.53474 0
      vertex 19.4196 4.6 1.6
      vertex 19.4196 4.6 0
    endloop
  endfacet
  facet normal -0.831501 0.555523 0
    outer loop
      vertex 19.4196 4.6 1.6
      vertex 19.376 4.53474 0
      vertex 19.376 4.53474 1.6
    endloop
  endfacet
  facet normal -0.555288 -0.831658 0
    outer loop
      vertex 19.2 5.41961 0
      vertex 19.2653 5.37601 1.6
      vertex 19.2 5.41961 1.6
    endloop
  endfacet
  facet normal -0.555288 -0.831658 -0
    outer loop
      vertex 19.2653 5.37601 1.6
      vertex 19.2 5.41961 0
      vertex 19.2653 5.37601 0
    endloop
  endfacet
  facet normal -0.442315 -0.89686 0
    outer loop
      vertex 19.1296 5.45433 0
      vertex 19.2 5.41961 1.6
      vertex 19.1296 5.45433 1.6
    endloop
  endfacet
  facet normal -0.442315 -0.89686 -0
    outer loop
      vertex 19.2 5.41961 1.6
      vertex 19.1296 5.45433 0
      vertex 19.2 5.41961 0
    endloop
  endfacet
  facet normal -0.555376 0.831599 0
    outer loop
      vertex 19.2653 4.42399 0
      vertex 19.2 4.38038 1.6
      vertex 19.2653 4.42399 1.6
    endloop
  endfacet
  facet normal -0.555376 0.831599 0
    outer loop
      vertex 19.2 4.38038 1.6
      vertex 19.2653 4.42399 0
      vertex 19.2 4.38038 0
    endloop
  endfacet
  facet normal -0.659406 -0.751787 0
    outer loop
      vertex 19.2653 5.37601 0
      vertex 19.3243 5.32426 1.6
      vertex 19.2653 5.37601 1.6
    endloop
  endfacet
  facet normal -0.659406 -0.751787 -0
    outer loop
      vertex 19.3243 5.32426 1.6
      vertex 19.2653 5.37601 0
      vertex 19.3243 5.32426 0
    endloop
  endfacet
  facet normal -0.0653771 -0.997861 0
    outer loop
      vertex 18.9 5.5 0
      vertex 18.9783 5.49487 1.6
      vertex 18.9 5.5 1.6
    endloop
  endfacet
  facet normal -0.0653771 -0.997861 -0
    outer loop
      vertex 18.9783 5.49487 1.6
      vertex 18.9 5.5 0
      vertex 18.9783 5.49487 0
    endloop
  endfacet
  facet normal -0.752103 -0.659046 0
    outer loop
      vertex 19.376 5.26526 0
      vertex 19.3243 5.32426 1.6
      vertex 19.3243 5.32426 0
    endloop
  endfacet
  facet normal -0.752103 -0.659046 0
    outer loop
      vertex 19.3243 5.32426 1.6
      vertex 19.376 5.26526 0
      vertex 19.376 5.26526 1.6
    endloop
  endfacet
  facet normal 0.442212 0.89691 -0
    outer loop
      vertex 18.6704 4.34567 0
      vertex 18.6 4.38038 1.6
      vertex 18.6704 4.34567 1.6
    endloop
  endfacet
  facet normal 0.442212 0.89691 0
    outer loop
      vertex 18.6 4.38038 1.6
      vertex 18.6704 4.34567 0
      vertex 18.6 4.38038 0
    endloop
  endfacet
  facet normal -0.98081 0.194964 0
    outer loop
      vertex 19.4796 4.74471 0
      vertex 19.4949 4.82168 1.6
      vertex 19.4949 4.82168 0
    endloop
  endfacet
  facet normal -0.98081 0.194964 0
    outer loop
      vertex 19.4949 4.82168 1.6
      vertex 19.4796 4.74471 0
      vertex 19.4796 4.74471 1.6
    endloop
  endfacet
  facet normal -0.997887 0.0649798 0
    outer loop
      vertex 19.4949 4.82168 0
      vertex 19.5 4.9 1.6
      vertex 19.5 4.9 0
    endloop
  endfacet
  facet normal -0.997887 0.0649798 0
    outer loop
      vertex 19.5 4.9 1.6
      vertex 19.4949 4.82168 0
      vertex 19.4949 4.82168 1.6
    endloop
  endfacet
  facet normal 0.442315 -0.89686 0
    outer loop
      vertex 18.6 5.41961 0
      vertex 18.6704 5.45433 1.6
      vertex 18.6 5.41961 1.6
    endloop
  endfacet
  facet normal 0.442315 -0.89686 0
    outer loop
      vertex 18.6704 5.45433 1.6
      vertex 18.6 5.41961 0
      vertex 18.6704 5.45433 0
    endloop
  endfacet
  facet normal 0.997887 0.0649798 0
    outer loop
      vertex 18.3051 4.82168 1.6
      vertex 18.3 4.9 0
      vertex 18.3 4.9 1.6
    endloop
  endfacet
  facet normal 0.997887 0.0649798 0
    outer loop
      vertex 18.3 4.9 0
      vertex 18.3051 4.82168 1.6
      vertex 18.3051 4.82168 0
    endloop
  endfacet
  facet normal 0.659406 0.751787 -0
    outer loop
      vertex 18.5347 4.42399 0
      vertex 18.4757 4.47574 1.6
      vertex 18.5347 4.42399 1.6
    endloop
  endfacet
  facet normal 0.659406 0.751787 0
    outer loop
      vertex 18.4757 4.47574 1.6
      vertex 18.5347 4.42399 0
      vertex 18.4757 4.47574 0
    endloop
  endfacet
  facet normal 0.997887 -0.0649798 0
    outer loop
      vertex 18.3 4.9 1.6
      vertex 18.3051 4.97832 0
      vertex 18.3051 4.97832 1.6
    endloop
  endfacet
  facet normal 0.997887 -0.0649798 0
    outer loop
      vertex 18.3051 4.97832 0
      vertex 18.3 4.9 1.6
      vertex 18.3 4.9 0
    endloop
  endfacet
  facet normal -0.195014 0.980801 0
    outer loop
      vertex 19.0553 4.32044 0
      vertex 18.9783 4.30513 1.6
      vertex 19.0553 4.32044 1.6
    endloop
  endfacet
  facet normal -0.195014 0.980801 0
    outer loop
      vertex 18.9783 4.30513 1.6
      vertex 19.0553 4.32044 0
      vertex 18.9783 4.30513 0
    endloop
  endfacet
  facet normal -0.896936 -0.44216 0
    outer loop
      vertex 19.4543 5.12961 0
      vertex 19.4196 5.2 1.6
      vertex 19.4196 5.2 0
    endloop
  endfacet
  facet normal -0.896936 -0.44216 0
    outer loop
      vertex 19.4196 5.2 1.6
      vertex 19.4543 5.12961 0
      vertex 19.4543 5.12961 1.6
    endloop
  endfacet
  facet normal -0.0653771 0.997861 0
    outer loop
      vertex 18.9783 4.30513 0
      vertex 18.9 4.3 1.6
      vertex 18.9783 4.30513 1.6
    endloop
  endfacet
  facet normal -0.0653771 0.997861 0
    outer loop
      vertex 18.9 4.3 1.6
      vertex 18.9783 4.30513 0
      vertex 18.9 4.3 0
    endloop
  endfacet
  facet normal 0.98081 -0.194964 0
    outer loop
      vertex 18.3051 4.97832 1.6
      vertex 18.3204 5.05529 0
      vertex 18.3204 5.05529 1.6
    endloop
  endfacet
  facet normal 0.98081 -0.194964 0
    outer loop
      vertex 18.3204 5.05529 0
      vertex 18.3051 4.97832 1.6
      vertex 18.3051 4.97832 0
    endloop
  endfacet
  facet normal 0.98081 0.194964 0
    outer loop
      vertex 18.3204 4.74471 1.6
      vertex 18.3051 4.82168 0
      vertex 18.3051 4.82168 1.6
    endloop
  endfacet
  facet normal 0.98081 0.194964 0
    outer loop
      vertex 18.3051 4.82168 0
      vertex 18.3204 4.74471 1.6
      vertex 18.3204 4.74471 0
    endloop
  endfacet
  facet normal 0.831501 0.555523 0
    outer loop
      vertex 18.424 4.53474 1.6
      vertex 18.3804 4.6 0
      vertex 18.3804 4.6 1.6
    endloop
  endfacet
  facet normal 0.831501 0.555523 0
    outer loop
      vertex 18.3804 4.6 0
      vertex 18.424 4.53474 1.6
      vertex 18.424 4.53474 0
    endloop
  endfacet
  facet normal 0.946652 -0.322259 0
    outer loop
      vertex 18.3204 5.05529 1.6
      vertex 18.3457 5.12961 0
      vertex 18.3457 5.12961 1.6
    endloop
  endfacet
  facet normal 0.946652 -0.322259 0
    outer loop
      vertex 18.3457 5.12961 0
      vertex 18.3204 5.05529 1.6
      vertex 18.3204 5.05529 0
    endloop
  endfacet
  facet normal -0.946652 -0.322259 0
    outer loop
      vertex 19.4796 5.05529 0
      vertex 19.4543 5.12961 1.6
      vertex 19.4543 5.12961 0
    endloop
  endfacet
  facet normal -0.946652 -0.322259 0
    outer loop
      vertex 19.4543 5.12961 1.6
      vertex 19.4796 5.05529 0
      vertex 19.4796 5.05529 1.6
    endloop
  endfacet
  facet normal 0.195014 0.980801 -0
    outer loop
      vertex 18.8217 4.30513 0
      vertex 18.7447 4.32044 1.6
      vertex 18.8217 4.30513 1.6
    endloop
  endfacet
  facet normal 0.195014 0.980801 0
    outer loop
      vertex 18.7447 4.32044 1.6
      vertex 18.8217 4.30513 0
      vertex 18.7447 4.32044 0
    endloop
  endfacet
  facet normal -0.752103 0.659046 0
    outer loop
      vertex 19.3243 4.47574 0
      vertex 19.376 4.53474 1.6
      vertex 19.376 4.53474 0
    endloop
  endfacet
  facet normal -0.752103 0.659046 0
    outer loop
      vertex 19.376 4.53474 1.6
      vertex 19.3243 4.47574 0
      vertex 19.3243 4.47574 1.6
    endloop
  endfacet
  facet normal -0.321537 0.946897 0
    outer loop
      vertex 19.1296 4.34567 0
      vertex 19.0553 4.32044 1.6
      vertex 19.1296 4.34567 1.6
    endloop
  endfacet
  facet normal -0.321537 0.946897 0
    outer loop
      vertex 19.0553 4.32044 1.6
      vertex 19.1296 4.34567 0
      vertex 19.0553 4.32044 0
    endloop
  endfacet
  facet normal 0.0653771 -0.997861 0
    outer loop
      vertex 18.8217 5.49487 0
      vertex 18.9 5.5 1.6
      vertex 18.8217 5.49487 1.6
    endloop
  endfacet
  facet normal 0.0653771 -0.997861 0
    outer loop
      vertex 18.9 5.5 1.6
      vertex 18.8217 5.49487 0
      vertex 18.9 5.5 0
    endloop
  endfacet
  facet normal -0.896936 0.44216 0
    outer loop
      vertex 19.4196 4.6 0
      vertex 19.4543 4.67039 1.6
      vertex 19.4543 4.67039 0
    endloop
  endfacet
  facet normal -0.896936 0.44216 0
    outer loop
      vertex 19.4543 4.67039 1.6
      vertex 19.4196 4.6 0
      vertex 19.4196 4.6 1.6
    endloop
  endfacet
  facet normal 0.321537 0.946897 -0
    outer loop
      vertex 18.7447 4.32044 0
      vertex 18.6704 4.34567 1.6
      vertex 18.7447 4.32044 1.6
    endloop
  endfacet
  facet normal 0.321537 0.946897 0
    outer loop
      vertex 18.6704 4.34567 1.6
      vertex 18.7447 4.32044 0
      vertex 18.6704 4.34567 0
    endloop
  endfacet
  facet normal 0.896936 0.44216 0
    outer loop
      vertex 18.3804 4.6 1.6
      vertex 18.3457 4.67039 0
      vertex 18.3457 4.67039 1.6
    endloop
  endfacet
  facet normal 0.896936 0.44216 0
    outer loop
      vertex 18.3457 4.67039 0
      vertex 18.3804 4.6 1.6
      vertex 18.3804 4.6 0
    endloop
  endfacet
  facet normal -0.195014 -0.980801 0
    outer loop
      vertex 18.9783 5.49487 0
      vertex 19.0553 5.47956 1.6
      vertex 18.9783 5.49487 1.6
    endloop
  endfacet
  facet normal -0.195014 -0.980801 -0
    outer loop
      vertex 19.0553 5.47956 1.6
      vertex 18.9783 5.49487 0
      vertex 19.0553 5.47956 0
    endloop
  endfacet
  facet normal 0.896936 -0.44216 0
    outer loop
      vertex 18.3457 5.12961 1.6
      vertex 18.3804 5.2 0
      vertex 18.3804 5.2 1.6
    endloop
  endfacet
  facet normal 0.896936 -0.44216 0
    outer loop
      vertex 18.3804 5.2 0
      vertex 18.3457 5.12961 1.6
      vertex 18.3457 5.12961 0
    endloop
  endfacet
  facet normal 0.831501 -0.555523 0
    outer loop
      vertex 18.3804 5.2 1.6
      vertex 18.424 5.26526 0
      vertex 18.424 5.26526 1.6
    endloop
  endfacet
  facet normal 0.831501 -0.555523 0
    outer loop
      vertex 18.424 5.26526 0
      vertex 18.3804 5.2 1.6
      vertex 18.3804 5.2 0
    endloop
  endfacet
  facet normal 0 0.980814 0.194947
    outer loop
      vertex 33 30.5681 5.43236
      vertex 23 30.5171 5.68895
      vertex 33 30.5171 5.68895
    endloop
  endfacet
  facet normal 0 0.980814 0.194947
    outer loop
      vertex 23 30.5171 5.68895
      vertex 33 30.5681 5.43236
      vertex 23 30.5681 5.43236
    endloop
  endfacet
  facet normal 0 -0.946922 0.321463
    outer loop
      vertex 24 34.3478 5.18463
      vertex 32 34.4319 5.43236
      vertex 24 34.4319 5.43236
    endloop
  endfacet
  facet normal 0 -0.946922 0.321463
    outer loop
      vertex 32 34.4319 5.43236
      vertex 24 34.3478 5.18463
      vertex 32 34.3478 5.18463
    endloop
  endfacet
  facet normal 0 -0.980814 -0.194947
    outer loop
      vertex 24 34.4829 6.21105
      vertex 32 34.4319 6.46764
      vertex 24 34.4319 6.46764
    endloop
  endfacet
  facet normal 0 -0.980814 -0.194947
    outer loop
      vertex 32 34.4319 6.46764
      vertex 24 34.4829 6.21105
      vertex 32 34.4829 6.21105
    endloop
  endfacet
  facet normal 0 -0.659343 0.751842
    outer loop
      vertex 24 33.9142 4.53579
      vertex 32 33.7175 4.36329
      vertex 32 33.9142 4.53579
    endloop
  endfacet
  facet normal 0 -0.659343 0.751842
    outer loop
      vertex 32 33.7175 4.36329
      vertex 24 33.9142 4.53579
      vertex 24 33.7175 4.36329
    endloop
  endfacet
  facet normal -0 0.19516 0.980771
    outer loop
      vertex 24 32.2389 3.96711
      vertex 32 31.9824 4.01815
      vertex 32 32.2389 3.96711
    endloop
  endfacet
  facet normal 0 0.19516 0.980771
    outer loop
      vertex 32 31.9824 4.01815
      vertex 24 32.2389 3.96711
      vertex 24 31.9824 4.01815
    endloop
  endfacet
  facet normal 0 -0.5556 0.83145
    outer loop
      vertex 24 33.7175 4.36329
      vertex 32 33.5 4.21795
      vertex 32 33.7175 4.36329
    endloop
  endfacet
  facet normal 0 -0.5556 0.83145
    outer loop
      vertex 32 33.5 4.21795
      vertex 24 33.7175 4.36329
      vertex 24 33.5 4.21795
    endloop
  endfacet
  facet normal 0 -0.0653902 -0.99786
    outer loop
      vertex 24 32.5 7.95
      vertex 32 32.7611 7.93289
      vertex 32 32.5 7.95
    endloop
  endfacet
  facet normal -0 -0.0653902 -0.99786
    outer loop
      vertex 32 32.7611 7.93289
      vertex 24 32.5 7.95
      vertex 24 32.7611 7.93289
    endloop
  endfacet
  facet normal 0 -0.442344 0.896845
    outer loop
      vertex 24 33.5 4.21795
      vertex 32 33.2654 4.10224
      vertex 32 33.5 4.21795
    endloop
  endfacet
  facet normal 0 -0.442344 0.896845
    outer loop
      vertex 32 33.2654 4.10224
      vertex 24 33.5 4.21795
      vertex 24 33.2654 4.10224
    endloop
  endfacet
  facet normal 0 -0.0653902 0.99786
    outer loop
      vertex 24 32.7611 3.96711
      vertex 32 32.5 3.95
      vertex 32 32.7611 3.96711
    endloop
  endfacet
  facet normal 0 -0.0653902 0.99786
    outer loop
      vertex 32 32.5 3.95
      vertex 24 32.7611 3.96711
      vertex 24 32.5 3.95
    endloop
  endfacet
  facet normal 0 0.946922 0.321463
    outer loop
      vertex 33 30.6522 5.18463
      vertex 23 30.5681 5.43236
      vertex 33 30.5681 5.43236
    endloop
  endfacet
  facet normal 0 0.946922 0.321463
    outer loop
      vertex 23 30.5681 5.43236
      vertex 33 30.6522 5.18463
      vertex 23 30.6522 5.18463
    endloop
  endfacet
  facet normal -0 0.0653902 0.99786
    outer loop
      vertex 24 32.5 3.95
      vertex 32 32.2389 3.96711
      vertex 32 32.5 3.95
    endloop
  endfacet
  facet normal 0 0.0653902 0.99786
    outer loop
      vertex 32 32.2389 3.96711
      vertex 24 32.5 3.95
      vertex 24 32.2389 3.96711
    endloop
  endfacet
  facet normal 0 0.0653902 -0.99786
    outer loop
      vertex 24 32.2389 7.93289
      vertex 32 32.5 7.95
      vertex 32 32.2389 7.93289
    endloop
  endfacet
  facet normal 0 0.0653902 -0.99786
    outer loop
      vertex 32 32.5 7.95
      vertex 24 32.2389 7.93289
      vertex 24 32.5 7.95
    endloop
  endfacet
  facet normal -1 0 0
    outer loop
      vertex 33 30.7679 4.95
      vertex 33 31 4.63361
      vertex 33 30.9133 4.73248
    endloop
  endfacet
  facet normal -1 0 0
    outer loop
      vertex 33 31 4.63361
      vertex 33 30.7679 4.95
      vertex 33 31 7.26639
    endloop
  endfacet
  facet normal -1 0 0
    outer loop
      vertex 33 30.7679 6.95
      vertex 33 31 7.26639
      vertex 33 30.7679 4.95
    endloop
  endfacet
  facet normal -1 0 0
    outer loop
      vertex 33 31 7.26639
      vertex 33 30.7679 6.95
      vertex 33 30.9133 7.16752
    endloop
  endfacet
  facet normal -1 0 0
    outer loop
      vertex 33 30.6522 5.18463
      vertex 33 30.7679 6.95
      vertex 33 30.7679 4.95
    endloop
  endfacet
  facet normal -1 0 0
    outer loop
      vertex 33 30.6522 5.18463
      vertex 33 30.6522 6.71537
      vertex 33 30.7679 6.95
    endloop
  endfacet
  facet normal -1 0 0
    outer loop
      vertex 33 30.5681 5.43236
      vertex 33 30.6522 6.71537
      vertex 33 30.6522 5.18463
    endloop
  endfacet
  facet normal -1 0 0
    outer loop
      vertex 33 30.5681 5.43236
      vertex 33 30.5681 6.46764
      vertex 33 30.6522 6.71537
    endloop
  endfacet
  facet normal -1 0 0
    outer loop
      vertex 33 30.5171 5.68895
      vertex 33 30.5681 6.46764
      vertex 33 30.5681 5.43236
    endloop
  endfacet
  facet normal -1 0 0
    outer loop
      vertex 33 30.5171 5.68895
      vertex 33 30.5171 6.21105
      vertex 33 30.5681 6.46764
    endloop
  endfacet
  facet normal -1 0 -0
    outer loop
      vertex 33 30.5171 6.21105
      vertex 33 30.5171 5.68895
      vertex 33 30.5 5.95
    endloop
  endfacet
  facet normal -0 0.442344 0.896845
    outer loop
      vertex 24 31.7346 4.10224
      vertex 32 31.5 4.21795
      vertex 32 31.7346 4.10224
    endloop
  endfacet
  facet normal 0 0.442344 0.896845
    outer loop
      vertex 32 31.5 4.21795
      vertex 24 31.7346 4.10224
      vertex 24 31.5 4.21795
    endloop
  endfacet
  facet normal -0 0.659343 0.751842
    outer loop
      vertex 24 31.2825 4.36329
      vertex 32 31.0858 4.53579
      vertex 32 31.2825 4.36329
    endloop
  endfacet
  facet normal 0 0.659343 0.751842
    outer loop
      vertex 32 31.0858 4.53579
      vertex 24 31.2825 4.36329
      vertex 24 31.0858 4.53579
    endloop
  endfacet
  facet normal 0 -0.442344 -0.896845
    outer loop
      vertex 24 33.2654 7.79776
      vertex 32 33.5 7.68205
      vertex 32 33.2654 7.79776
    endloop
  endfacet
  facet normal -0 -0.442344 -0.896845
    outer loop
      vertex 32 33.5 7.68205
      vertex 24 33.2654 7.79776
      vertex 24 33.5 7.68205
    endloop
  endfacet
  facet normal 0 -0.19516 0.980771
    outer loop
      vertex 24 33.0176 4.01815
      vertex 32 32.7611 3.96711
      vertex 32 33.0176 4.01815
    endloop
  endfacet
  facet normal 0 -0.19516 0.980771
    outer loop
      vertex 32 32.7611 3.96711
      vertex 24 33.0176 4.01815
      vertex 24 32.7611 3.96711
    endloop
  endfacet
  facet normal 0 -0.751826 -0.659362
    outer loop
      vertex 24 34.0867 7.16752
      vertex 32 33.9142 7.36421
      vertex 24 33.9142 7.36421
    endloop
  endfacet
  facet normal 0 -0.751826 -0.659362
    outer loop
      vertex 32 33.9142 7.36421
      vertex 24 34.0867 7.16752
      vertex 32 34.0867 7.16752
    endloop
  endfacet
  facet normal 0 0.997861 0.0653646
    outer loop
      vertex 33 30.5171 5.68895
      vertex 23 30.5 5.95
      vertex 33 30.5 5.95
    endloop
  endfacet
  facet normal 0 0.997861 0.0653646
    outer loop
      vertex 23 30.5 5.95
      vertex 33 30.5171 5.68895
      vertex 23 30.5171 5.68895
    endloop
  endfacet
  facet normal 0 -0.5556 -0.83145
    outer loop
      vertex 24 33.5 7.68205
      vertex 32 33.7175 7.53671
      vertex 32 33.5 7.68205
    endloop
  endfacet
  facet normal -0 -0.5556 -0.83145
    outer loop
      vertex 32 33.7175 7.53671
      vertex 24 33.5 7.68205
      vertex 24 33.7175 7.53671
    endloop
  endfacet
  facet normal 0 0.659343 -0.751842
    outer loop
      vertex 24 31.0858 7.36421
      vertex 32 31.2825 7.53671
      vertex 32 31.0858 7.36421
    endloop
  endfacet
  facet normal 0 0.659343 -0.751842
    outer loop
      vertex 32 31.2825 7.53671
      vertex 24 31.0858 7.36421
      vertex 24 31.2825 7.53671
    endloop
  endfacet
  facet normal 0 -0.831544 0.555459
    outer loop
      vertex 24 34.0867 4.73248
      vertex 32 34.232 4.95
      vertex 24 34.232 4.95
    endloop
  endfacet
  facet normal 0 -0.831544 0.555459
    outer loop
      vertex 32 34.232 4.95
      vertex 24 34.0867 4.73248
      vertex 32 34.0867 4.73248
    endloop
  endfacet
  facet normal 0 -0.980814 0.194947
    outer loop
      vertex 24 34.4319 5.43236
      vertex 32 34.4829 5.68895
      vertex 24 34.4829 5.68895
    endloop
  endfacet
  facet normal 0 -0.980814 0.194947
    outer loop
      vertex 32 34.4829 5.68895
      vertex 24 34.4319 5.43236
      vertex 32 34.4319 5.43236
    endloop
  endfacet
  facet normal 0 -0.831544 -0.555459
    outer loop
      vertex 24 34.232 6.95
      vertex 32 34.0867 7.16752
      vertex 24 34.0867 7.16752
    endloop
  endfacet
  facet normal 0 -0.831544 -0.555459
    outer loop
      vertex 32 34.0867 7.16752
      vertex 24 34.232 6.95
      vertex 32 34.232 6.95
    endloop
  endfacet
  facet normal 0 -0.751826 0.659362
    outer loop
      vertex 24 33.9142 4.53579
      vertex 32 34.0867 4.73248
      vertex 24 34.0867 4.73248
    endloop
  endfacet
  facet normal 0 -0.751826 0.659362
    outer loop
      vertex 32 34.0867 4.73248
      vertex 24 33.9142 4.53579
      vertex 32 33.9142 4.53579
    endloop
  endfacet
  facet normal 0 0.980814 -0.194947
    outer loop
      vertex 33 30.5171 6.21105
      vertex 23 30.5681 6.46764
      vertex 33 30.5681 6.46764
    endloop
  endfacet
  facet normal 0 0.980814 -0.194947
    outer loop
      vertex 23 30.5681 6.46764
      vertex 33 30.5171 6.21105
      vertex 23 30.5171 6.21105
    endloop
  endfacet
  facet normal 0 -0.997861 -0.0653646
    outer loop
      vertex 24 34.5 5.95
      vertex 32 34.4829 6.21105
      vertex 24 34.4829 6.21105
    endloop
  endfacet
  facet normal 0 -0.997861 -0.0653646
    outer loop
      vertex 32 34.4829 6.21105
      vertex 24 34.5 5.95
      vertex 32 34.5 5.95
    endloop
  endfacet
  facet normal 0 -0.997861 0.0653646
    outer loop
      vertex 24 34.4829 5.68895
      vertex 32 34.5 5.95
      vertex 24 34.5 5.95
    endloop
  endfacet
  facet normal 0 -0.997861 0.0653646
    outer loop
      vertex 32 34.5 5.95
      vertex 24 34.4829 5.68895
      vertex 32 34.4829 5.68895
    endloop
  endfacet
  facet normal 0 -0.321348 -0.946961
    outer loop
      vertex 24 33.0176 7.88185
      vertex 32 33.2654 7.79776
      vertex 32 33.0176 7.88185
    endloop
  endfacet
  facet normal -0 -0.321348 -0.946961
    outer loop
      vertex 32 33.2654 7.79776
      vertex 24 33.0176 7.88185
      vertex 24 33.2654 7.79776
    endloop
  endfacet
  facet normal 0 -0.946922 -0.321463
    outer loop
      vertex 24 34.4319 6.46764
      vertex 32 34.3478 6.71537
      vertex 24 34.3478 6.71537
    endloop
  endfacet
  facet normal 0 -0.946922 -0.321463
    outer loop
      vertex 32 34.3478 6.71537
      vertex 24 34.4319 6.46764
      vertex 32 34.4319 6.46764
    endloop
  endfacet
  facet normal -0 0.321348 0.946961
    outer loop
      vertex 24 31.9824 4.01815
      vertex 32 31.7346 4.10224
      vertex 32 31.9824 4.01815
    endloop
  endfacet
  facet normal 0 0.321348 0.946961
    outer loop
      vertex 32 31.7346 4.10224
      vertex 24 31.9824 4.01815
      vertex 24 31.7346 4.10224
    endloop
  endfacet
  facet normal 0 0.831368 0.555723
    outer loop
      vertex 33 30.9133 4.73248
      vertex 23 30.7679 4.95
      vertex 33 30.7679 4.95
    endloop
  endfacet
  facet normal 0 0.831368 0.555723
    outer loop
      vertex 23 30.7679 4.95
      vertex 33 30.9133 4.73248
      vertex 23 30.9133 4.73248
    endloop
  endfacet
  facet normal -0 0.5556 0.83145
    outer loop
      vertex 24 31.5 4.21795
      vertex 32 31.2825 4.36329
      vertex 32 31.5 4.21795
    endloop
  endfacet
  facet normal 0 0.5556 0.83145
    outer loop
      vertex 32 31.2825 4.36329
      vertex 24 31.5 4.21795
      vertex 24 31.2825 4.36329
    endloop
  endfacet
  facet normal 0 -0.896731 -0.442575
    outer loop
      vertex 24 34.3478 6.71537
      vertex 32 34.232 6.95
      vertex 24 34.232 6.95
    endloop
  endfacet
  facet normal 0 -0.896731 -0.442575
    outer loop
      vertex 32 34.232 6.95
      vertex 24 34.3478 6.71537
      vertex 32 34.3478 6.71537
    endloop
  endfacet
  facet normal 0 0.442344 -0.896845
    outer loop
      vertex 24 31.5 7.68205
      vertex 32 31.7346 7.79776
      vertex 32 31.5 7.68205
    endloop
  endfacet
  facet normal 0 0.442344 -0.896845
    outer loop
      vertex 32 31.7346 7.79776
      vertex 24 31.5 7.68205
      vertex 24 31.7346 7.79776
    endloop
  endfacet
  facet normal 0 0.896883 0.442268
    outer loop
      vertex 33 30.7679 4.95
      vertex 23 30.6522 5.18463
      vertex 33 30.6522 5.18463
    endloop
  endfacet
  facet normal 0 0.896883 0.442268
    outer loop
      vertex 23 30.6522 5.18463
      vertex 33 30.7679 4.95
      vertex 23 30.7679 4.95
    endloop
  endfacet
  facet normal 0 0.751786 0.659407
    outer loop
      vertex 32 31.0858 4.53579
      vertex 24 31 4.63361
      vertex 32 31 4.63361
    endloop
  endfacet
  facet normal 0 0.751786 0.659407
    outer loop
      vertex 24 31 4.63361
      vertex 32 31.0858 4.53579
      vertex 24 31.0858 4.53579
    endloop
  endfacet
  facet normal -0 0.751865 0.659317
    outer loop
      vertex 32 31 4.63361
      vertex 33 30.9133 4.73248
      vertex 33 31 4.63361
    endloop
  endfacet
  facet normal 0 0.751865 0.659317
    outer loop
      vertex 33 30.9133 4.73248
      vertex 32 31 4.63361
      vertex 23 30.9133 4.73248
    endloop
  endfacet
  facet normal -0 0.751865 0.659317
    outer loop
      vertex 24 31 4.63361
      vertex 23 30.9133 4.73248
      vertex 32 31 4.63361
    endloop
  endfacet
  facet normal 0 0.751865 0.659317
    outer loop
      vertex 23 30.9133 4.73248
      vertex 24 31 4.63361
      vertex 23 31 4.63361
    endloop
  endfacet
  facet normal 0 -0.896731 0.442575
    outer loop
      vertex 24 34.232 4.95
      vertex 32 34.3478 5.18463
      vertex 24 34.3478 5.18463
    endloop
  endfacet
  facet normal 0 -0.896731 0.442575
    outer loop
      vertex 32 34.3478 5.18463
      vertex 24 34.232 4.95
      vertex 32 34.232 4.95
    endloop
  endfacet
  facet normal 0 0.997861 -0.0653646
    outer loop
      vertex 33 30.5 5.95
      vertex 23 30.5171 6.21105
      vertex 33 30.5171 6.21105
    endloop
  endfacet
  facet normal 0 0.997861 -0.0653646
    outer loop
      vertex 23 30.5171 6.21105
      vertex 33 30.5 5.95
      vertex 23 30.5 5.95
    endloop
  endfacet
  facet normal 0 -0.321348 0.946961
    outer loop
      vertex 24 33.2654 4.10224
      vertex 32 33.0176 4.01815
      vertex 32 33.2654 4.10224
    endloop
  endfacet
  facet normal 0 -0.321348 0.946961
    outer loop
      vertex 32 33.0176 4.01815
      vertex 24 33.2654 4.10224
      vertex 24 33.0176 4.01815
    endloop
  endfacet
  facet normal 0 0.751865 -0.659317
    outer loop
      vertex 33 30.9133 7.16752
      vertex 32 31 7.26639
      vertex 33 31 7.26639
    endloop
  endfacet
  facet normal 0 0.751865 -0.659317
    outer loop
      vertex 32 31 7.26639
      vertex 33 30.9133 7.16752
      vertex 24 31 7.26639
    endloop
  endfacet
  facet normal 0 0.751865 -0.659317
    outer loop
      vertex 23 30.9133 7.16752
      vertex 24 31 7.26639
      vertex 33 30.9133 7.16752
    endloop
  endfacet
  facet normal 0 0.751865 -0.659317
    outer loop
      vertex 24 31 7.26639
      vertex 23 30.9133 7.16752
      vertex 23 31 7.26639
    endloop
  endfacet
  facet normal 0 0.751786 -0.659407
    outer loop
      vertex 32 31 7.26639
      vertex 24 31.0858 7.36421
      vertex 32 31.0858 7.36421
    endloop
  endfacet
  facet normal 0 0.751786 -0.659407
    outer loop
      vertex 24 31.0858 7.36421
      vertex 32 31 7.26639
      vertex 24 31 7.26639
    endloop
  endfacet
  facet normal 0 0.321348 -0.946961
    outer loop
      vertex 24 31.7346 7.79776
      vertex 32 31.9824 7.88185
      vertex 32 31.7346 7.79776
    endloop
  endfacet
  facet normal 0 0.321348 -0.946961
    outer loop
      vertex 32 31.9824 7.88185
      vertex 24 31.7346 7.79776
      vertex 24 31.9824 7.88185
    endloop
  endfacet
  facet normal 0 0.831368 -0.555723
    outer loop
      vertex 33 30.7679 6.95
      vertex 23 30.9133 7.16752
      vertex 33 30.9133 7.16752
    endloop
  endfacet
  facet normal 0 0.831368 -0.555723
    outer loop
      vertex 23 30.9133 7.16752
      vertex 33 30.7679 6.95
      vertex 23 30.7679 6.95
    endloop
  endfacet
  facet normal 0 0.896883 -0.442268
    outer loop
      vertex 33 30.6522 6.71537
      vertex 23 30.7679 6.95
      vertex 33 30.7679 6.95
    endloop
  endfacet
  facet normal 0 0.896883 -0.442268
    outer loop
      vertex 23 30.7679 6.95
      vertex 33 30.6522 6.71537
      vertex 23 30.6522 6.71537
    endloop
  endfacet
  facet normal 0 0.946922 -0.321463
    outer loop
      vertex 33 30.5681 6.46764
      vertex 23 30.6522 6.71537
      vertex 33 30.6522 6.71537
    endloop
  endfacet
  facet normal 0 0.946922 -0.321463
    outer loop
      vertex 23 30.6522 6.71537
      vertex 33 30.5681 6.46764
      vertex 23 30.5681 6.46764
    endloop
  endfacet
  facet normal 0 0.19516 -0.980771
    outer loop
      vertex 24 31.9824 7.88185
      vertex 32 32.2389 7.93289
      vertex 32 31.9824 7.88185
    endloop
  endfacet
  facet normal 0 0.19516 -0.980771
    outer loop
      vertex 32 32.2389 7.93289
      vertex 24 31.9824 7.88185
      vertex 24 32.2389 7.93289
    endloop
  endfacet
  facet normal 0 -0.19516 -0.980771
    outer loop
      vertex 24 32.7611 7.93289
      vertex 32 33.0176 7.88185
      vertex 32 32.7611 7.93289
    endloop
  endfacet
  facet normal -0 -0.19516 -0.980771
    outer loop
      vertex 32 33.0176 7.88185
      vertex 24 32.7611 7.93289
      vertex 24 33.0176 7.88185
    endloop
  endfacet
  facet normal 1 0 0
    outer loop
      vertex 23 30.7679 6.95
      vertex 23 31 7.26639
      vertex 23 30.9133 7.16752
    endloop
  endfacet
  facet normal 1 0 0
    outer loop
      vertex 23 31 7.26639
      vertex 23 30.7679 6.95
      vertex 23 31 4.63361
    endloop
  endfacet
  facet normal 1 -0 0
    outer loop
      vertex 23 30.7679 4.95
      vertex 23 31 4.63361
      vertex 23 30.7679 6.95
    endloop
  endfacet
  facet normal 1 0 0
    outer loop
      vertex 23 31 4.63361
      vertex 23 30.7679 4.95
      vertex 23 30.9133 4.73248
    endloop
  endfacet
  facet normal 1 -0 0
    outer loop
      vertex 23 30.6522 6.71537
      vertex 23 30.7679 4.95
      vertex 23 30.7679 6.95
    endloop
  endfacet
  facet normal 1 0 0
    outer loop
      vertex 23 30.6522 6.71537
      vertex 23 30.6522 5.18463
      vertex 23 30.7679 4.95
    endloop
  endfacet
  facet normal 1 -0 0
    outer loop
      vertex 23 30.5681 6.46764
      vertex 23 30.6522 5.18463
      vertex 23 30.6522 6.71537
    endloop
  endfacet
  facet normal 1 0 0
    outer loop
      vertex 23 30.5681 6.46764
      vertex 23 30.5681 5.43236
      vertex 23 30.6522 5.18463
    endloop
  endfacet
  facet normal 1 -0 0
    outer loop
      vertex 23 30.5171 6.21105
      vertex 23 30.5681 5.43236
      vertex 23 30.5681 6.46764
    endloop
  endfacet
  facet normal 1 0 0
    outer loop
      vertex 23 30.5171 6.21105
      vertex 23 30.5171 5.68895
      vertex 23 30.5681 5.43236
    endloop
  endfacet
  facet normal 1 0 -0
    outer loop
      vertex 23 30.5171 5.68895
      vertex 23 30.5171 6.21105
      vertex 23 30.5 5.95
    endloop
  endfacet
  facet normal 0 0.5556 -0.83145
    outer loop
      vertex 24 31.2825 7.53671
      vertex 32 31.5 7.68205
      vertex 32 31.2825 7.53671
    endloop
  endfacet
  facet normal 0 0.5556 -0.83145
    outer loop
      vertex 32 31.5 7.68205
      vertex 24 31.2825 7.53671
      vertex 24 31.5 7.68205
    endloop
  endfacet
  facet normal 0 -0.659343 -0.751842
    outer loop
      vertex 24 33.7175 7.53671
      vertex 32 33.9142 7.36421
      vertex 32 33.7175 7.53671
    endloop
  endfacet
  facet normal -0 -0.659343 -0.751842
    outer loop
      vertex 32 33.9142 7.36421
      vertex 24 33.7175 7.53671
      vertex 24 33.9142 7.36421
    endloop
  endfacet
  facet normal 1 -0 0
    outer loop
      vertex 7.85 18.9 4.6
      vertex 7.85 19.9 1.6
      vertex 7.85 19.9 4.6
    endloop
  endfacet
  facet normal 1 0 0
    outer loop
      vertex 7.85 19.9 1.6
      vertex 7.85 18.9 4.6
      vertex 7.85 18.9 1.6
    endloop
  endfacet
  facet normal -0 0 1
    outer loop
      vertex 6.85 19.9 4.6
      vertex 7.85 18.9 4.6
      vertex 7.85 19.9 4.6
    endloop
  endfacet
  facet normal 0 0 1
    outer loop
      vertex 7.85 18.9 4.6
      vertex 6.85 19.9 4.6
      vertex 6.85 18.9 4.6
    endloop
  endfacet
  facet normal -1 0 0
    outer loop
      vertex 6.85 18.9 1.6
      vertex 6.85 19.9 4.6
      vertex 6.85 19.9 1.6
    endloop
  endfacet
  facet normal -1 -0 0
    outer loop
      vertex 6.85 19.9 4.6
      vertex 6.85 18.9 1.6
      vertex 6.85 18.9 4.6
    endloop
  endfacet
  facet normal 0 1 -0
    outer loop
      vertex 7.85 19.9 1.6
      vertex 6.85 19.9 4.6
      vertex 7.85 19.9 4.6
    endloop
  endfacet
  facet normal 0 1 0
    outer loop
      vertex 6.85 19.9 4.6
      vertex 7.85 19.9 1.6
      vertex 6.85 19.9 1.6
    endloop
  endfacet
  facet normal 0 -1 0
    outer loop
      vertex 6.85 18.9 1.6
      vertex 7.85 18.9 4.6
      vertex 6.85 18.9 4.6
    endloop
  endfacet
  facet normal 0 -1 -0
    outer loop
      vertex 7.85 18.9 4.6
      vertex 6.85 18.9 1.6
      vertex 7.85 18.9 1.6
    endloop
  endfacet
  facet normal 1 -0 0
    outer loop
      vertex 7.85 29 4.6
      vertex 7.85 29.4 1.6
      vertex 7.85 29.4 4.6
    endloop
  endfacet
  facet normal 1 0 0
    outer loop
      vertex 7.85 29.4 1.6
      vertex 7.85 29 4.6
      vertex 7.85 29 1.6
    endloop
  endfacet
  facet normal -0 0 1
    outer loop
      vertex 6.85 29.4 4.6
      vertex 7.85 29 4.6
      vertex 7.85 29.4 4.6
    endloop
  endfacet
  facet normal 0 0 1
    outer loop
      vertex 7.85 29 4.6
      vertex 6.85 29.4 4.6
      vertex 6.85 29 4.6
    endloop
  endfacet
  facet normal -1 0 0
    outer loop
      vertex 6.85 29 1.6
      vertex 6.85 29.4 4.6
      vertex 6.85 29.4 1.6
    endloop
  endfacet
  facet normal -1 -0 0
    outer loop
      vertex 6.85 29.4 4.6
      vertex 6.85 29 1.6
      vertex 6.85 29 4.6
    endloop
  endfacet
  facet normal 0 -1 0
    outer loop
      vertex 6.85 29 1.6
      vertex 7.85 29 4.6
      vertex 6.85 29 4.6
    endloop
  endfacet
  facet normal 0 -1 -0
    outer loop
      vertex 7.85 29 4.6
      vertex 6.85 29 1.6
      vertex 7.85 29 1.6
    endloop
  endfacet
  facet normal 1 -0 0
    outer loop
      vertex 17.95 18.9 4.6
      vertex 17.95 19.9 1.6
      vertex 17.95 19.9 4.6
    endloop
  endfacet
  facet normal 1 0 0
    outer loop
      vertex 17.95 19.9 1.6
      vertex 17.95 18.9 4.6
      vertex 17.95 18.9 1.6
    endloop
  endfacet
  facet normal -0 0 1
    outer loop
      vertex 16.95 19.9 4.6
      vertex 17.95 18.9 4.6
      vertex 17.95 19.9 4.6
    endloop
  endfacet
  facet normal 0 0 1
    outer loop
      vertex 17.95 18.9 4.6
      vertex 16.95 19.9 4.6
      vertex 16.95 18.9 4.6
    endloop
  endfacet
  facet normal -1 0 0
    outer loop
      vertex 16.95 18.9 1.6
      vertex 16.95 19.9 4.6
      vertex 16.95 19.9 1.6
    endloop
  endfacet
  facet normal -1 -0 0
    outer loop
      vertex 16.95 19.9 4.6
      vertex 16.95 18.9 1.6
      vertex 16.95 18.9 4.6
    endloop
  endfacet
  facet normal 0 1 -0
    outer loop
      vertex 17.95 19.9 1.6
      vertex 16.95 19.9 4.6
      vertex 17.95 19.9 4.6
    endloop
  endfacet
  facet normal 0 1 0
    outer loop
      vertex 16.95 19.9 4.6
      vertex 17.95 19.9 1.6
      vertex 16.95 19.9 1.6
    endloop
  endfacet
  facet normal 0 -1 0
    outer loop
      vertex 16.95 18.9 1.6
      vertex 17.95 18.9 4.6
      vertex 16.95 18.9 4.6
    endloop
  endfacet
  facet normal 0 -1 -0
    outer loop
      vertex 17.95 18.9 4.6
      vertex 16.95 18.9 1.6
      vertex 17.95 18.9 1.6
    endloop
  endfacet
  facet normal 1 -0 0
    outer loop
      vertex 17.95 29 4.6
      vertex 17.95 29.4 1.6
      vertex 17.95 29.4 4.6
    endloop
  endfacet
  facet normal 1 0 0
    outer loop
      vertex 17.95 29.4 1.6
      vertex 17.95 29 4.6
      vertex 17.95 29 1.6
    endloop
  endfacet
  facet normal -0 0 1
    outer loop
      vertex 16.95 29.4 4.6
      vertex 17.95 29 4.6
      vertex 17.95 29.4 4.6
    endloop
  endfacet
  facet normal 0 0 1
    outer loop
      vertex 17.95 29 4.6
      vertex 16.95 29.4 4.6
      vertex 16.95 29 4.6
    endloop
  endfacet
  facet normal -1 0 0
    outer loop
      vertex 16.95 29 1.6
      vertex 16.95 29.4 4.6
      vertex 16.95 29.4 1.6
    endloop
  endfacet
  facet normal -1 -0 0
    outer loop
      vertex 16.95 29.4 4.6
      vertex 16.95 29 1.6
      vertex 16.95 29 4.6
    endloop
  endfacet
  facet normal 0 -1 0
    outer loop
      vertex 16.95 29 1.6
      vertex 17.95 29 4.6
      vertex 16.95 29 4.6
    endloop
  endfacet
  facet normal 0 -1 -0
    outer loop
      vertex 17.95 29 4.6
      vertex 16.95 29 1.6
      vertex 17.95 29 1.6
    endloop
  endfacet
  facet normal 1 -0 0
    outer loop
      vertex 39.7 23.4 8.6
      vertex 39.7 29.4 1.6
      vertex 39.7 29.4 8.6
    endloop
  endfacet
  facet normal 1 0 0
    outer loop
      vertex 39.7 29.4 1.6
      vertex 39.7 23.4 8.6
      vertex 39.7 23.4 1.6
    endloop
  endfacet
  facet normal -0 0 1
    outer loop
      vertex 38.7 29.4 8.6
      vertex 39.7 23.4 8.6
      vertex 39.7 29.4 8.6
    endloop
  endfacet
  facet normal 0 0 1
    outer loop
      vertex 39.7 23.4 8.6
      vertex 38.7 29.4 8.6
      vertex 38.7 23.4 8.6
    endloop
  endfacet
  facet normal -1 0 0
    outer loop
      vertex 38.7 23.4 1.6
      vertex 38.7 29.4 8.6
      vertex 38.7 29.4 1.6
    endloop
  endfacet
  facet normal -1 -0 0
    outer loop
      vertex 38.7 29.4 8.6
      vertex 38.7 23.4 1.6
      vertex 38.7 23.4 8.6
    endloop
  endfacet
  facet normal 0 -1 0
    outer loop
      vertex 38.7 23.4 1.6
      vertex 39.7 23.4 8.6
      vertex 38.7 23.4 8.6
    endloop
  endfacet
  facet normal 0 -1 -0
    outer loop
      vertex 39.7 23.4 8.6
      vertex 38.7 23.4 1.6
      vertex 39.7 23.4 1.6
    endloop
  endfacet
  facet normal 1 -0 0
    outer loop
      vertex 47.3 23.4 8.6
      vertex 47.3 29.4 1.6
      vertex 47.3 29.4 8.6
    endloop
  endfacet
  facet normal 1 0 0
    outer loop
      vertex 47.3 29.4 1.6
      vertex 47.3 23.4 8.6
      vertex 47.3 23.4 1.6
    endloop
  endfacet
  facet normal -0 0 1
    outer loop
      vertex 46.3 29.4 8.6
      vertex 47.3 23.4 8.6
      vertex 47.3 29.4 8.6
    endloop
  endfacet
  facet normal 0 0 1
    outer loop
      vertex 47.3 23.4 8.6
      vertex 46.3 29.4 8.6
      vertex 46.3 23.4 8.6
    endloop
  endfacet
  facet normal -1 0 0
    outer loop
      vertex 46.3 23.4 1.6
      vertex 46.3 29.4 8.6
      vertex 46.3 29.4 1.6
    endloop
  endfacet
  facet normal -1 -0 0
    outer loop
      vertex 46.3 29.4 8.6
      vertex 46.3 23.4 1.6
      vertex 46.3 23.4 8.6
    endloop
  endfacet
  facet normal 0 -1 0
    outer loop
      vertex 46.3 23.4 1.6
      vertex 47.3 23.4 8.6
      vertex 46.3 23.4 8.6
    endloop
  endfacet
  facet normal 0 -1 -0
    outer loop
      vertex 47.3 23.4 8.6
      vertex 46.3 23.4 1.6
      vertex 47.3 23.4 1.6
    endloop
  endfacet
  facet normal 1 -0 0
    outer loop
      vertex 23.9 1.60001 7.6
      vertex 23.9 29.4 1.6
      vertex 23.9 29.4 7.6
    endloop
  endfacet
  facet normal 1 0 0
    outer loop
      vertex 23.9 29.4 1.6
      vertex 23.9 1.60001 7.6
      vertex 23.9 1.60001 1.6
    endloop
  endfacet
  facet normal -0 0 1
    outer loop
      vertex 22.9 29.4 7.6
      vertex 23.9 1.60001 7.6
      vertex 23.9 29.4 7.6
    endloop
  endfacet
  facet normal 0 0 1
    outer loop
      vertex 23.9 1.60001 7.6
      vertex 22.9 29.4 7.6
      vertex 22.9 1.60001 7.6
    endloop
  endfacet
  facet normal -1 0 0
    outer loop
      vertex 22.9 1.60001 1.6
      vertex 22.9 29.4 7.6
      vertex 22.9 29.4 1.6
    endloop
  endfacet
  facet normal -1 -0 0
    outer loop
      vertex 22.9 29.4 7.6
      vertex 22.9 1.60001 1.6
      vertex 22.9 1.60001 7.6
    endloop
  endfacet
endsolid OpenSCAD_Model
