solid OpenSCAD_Model
  facet normal 0.0653771 -0.997861 0
    outer loop
      vertex 52.85 1.75001 -1.2
      vertex 53.0327 1.76198 -1.90735e-07
      vertex 52.85 1.75001 -1.90735e-07
    endloop
  endfacet
  facet normal 0.0653771 -0.997861 0
    outer loop
      vertex 53.0327 1.76198 -1.90735e-07
      vertex 52.85 1.75001 -1.2
      vertex 53.0327 1.76198 -1.2
    endloop
  endfacet
  facet normal 0.321482 -0.946916 0
    outer loop
      vertex 53.2123 1.7977 -1.2
      vertex 53.3857 1.85657 -1.90735e-07
      vertex 53.2123 1.7977 -1.90735e-07
    endloop
  endfacet
  facet normal 0.321482 -0.946916 0
    outer loop
      vertex 53.3857 1.85657 -1.90735e-07
      vertex 53.2123 1.7977 -1.2
      vertex 53.3857 1.85657 -1.2
    endloop
  endfacet
  facet normal 0 -1 0
    outer loop
      vertex 3.15 1.75001 -1.2
      vertex 52.85 1.75001 -1.90735e-07
      vertex 3.15 1.75001 -1.90735e-07
    endloop
  endfacet
  facet normal 0 -1 -0
    outer loop
      vertex 52.85 1.75001 -1.90735e-07
      vertex 3.15 1.75001 -1.2
      vertex 52.85 1.75001 -1.2
    endloop
  endfacet
  facet normal 0.194961 0.980811 -0
    outer loop
      vertex 53.2123 29.2023 -1.2
      vertex 53.0327 29.238 -1.90735e-07
      vertex 53.2123 29.2023 -1.90735e-07
    endloop
  endfacet
  facet normal 0.194961 0.980811 0
    outer loop
      vertex 53.0327 29.238 -1.90735e-07
      vertex 53.2123 29.2023 -1.2
      vertex 53.0327 29.238 -1.2
    endloop
  endfacet
  facet normal 0.195066 -0.98079 0
    outer loop
      vertex 53.0327 1.76198 -1.2
      vertex 53.2123 1.7977 -1.90735e-07
      vertex 53.0327 1.76198 -1.90735e-07
    endloop
  endfacet
  facet normal 0.195066 -0.98079 0
    outer loop
      vertex 53.2123 1.7977 -1.90735e-07
      vertex 53.0327 1.76198 -1.2
      vertex 53.2123 1.7977 -1.2
    endloop
  endfacet
  facet normal -0.946916 -0.321482 0
    outer loop
      vertex 1.85657 2.61425 -1.2
      vertex 1.7977 2.78765 -1.90735e-07
      vertex 1.7977 2.78765 -1.2
    endloop
  endfacet
  facet normal -0.946916 -0.321482 0
    outer loop
      vertex 1.7977 2.78765 -1.90735e-07
      vertex 1.85657 2.61425 -1.2
      vertex 1.85657 2.61425 -1.90735e-07
    endloop
  endfacet
  facet normal -1 0 0
    outer loop
      vertex 1.75001 3.15 -1.2
      vertex 1.75001 27.85 -1.90735e-07
      vertex 1.75001 27.85 -1.2
    endloop
  endfacet
  facet normal -1 -0 0
    outer loop
      vertex 1.75001 27.85 -1.90735e-07
      vertex 1.75001 3.15 -1.2
      vertex 1.75001 3.15 -1.90735e-07
    endloop
  endfacet
  facet normal -0.555431 0.831563 0
    outer loop
      vertex 2.45 29.0624 -1.2
      vertex 2.29774 28.9607 -1.90735e-07
      vertex 2.45 29.0624 -1.90735e-07
    endloop
  endfacet
  facet normal -0.555431 0.831563 0
    outer loop
      vertex 2.29774 28.9607 -1.90735e-07
      vertex 2.45 29.0624 -1.2
      vertex 2.29774 28.9607 -1.2
    endloop
  endfacet
  facet normal -0.65937 -0.751818 0
    outer loop
      vertex 2.16006 2.16006 -1.2
      vertex 2.29774 2.03931 -1.90735e-07
      vertex 2.16006 2.16006 -1.90735e-07
    endloop
  endfacet
  facet normal -0.65937 -0.751818 -0
    outer loop
      vertex 2.29774 2.03931 -1.90735e-07
      vertex 2.16006 2.16006 -1.2
      vertex 2.29774 2.03931 -1.2
    endloop
  endfacet
  facet normal -0.442292 -0.896871 0
    outer loop
      vertex 2.45 1.93757 -1.2
      vertex 2.61425 1.85657 -1.90735e-07
      vertex 2.45 1.93757 -1.90735e-07
    endloop
  endfacet
  facet normal -0.442292 -0.896871 -0
    outer loop
      vertex 2.61425 1.85657 -1.90735e-07
      vertex 2.45 1.93757 -1.2
      vertex 2.61425 1.85657 -1.2
    endloop
  endfacet
  facet normal 1 -0 0
    outer loop
      vertex 54.25 3.15 -1.90735e-07
      vertex 54.25 27.85 -1.2
      vertex 54.25 27.85 -1.90735e-07
    endloop
  endfacet
  facet normal 1 0 0
    outer loop
      vertex 54.25 27.85 -1.2
      vertex 54.25 3.15 -1.90735e-07
      vertex 54.25 3.15 -1.2
    endloop
  endfacet
  facet normal 0.980813 -0.19495 0
    outer loop
      vertex 54.2023 2.78765 -1.90735e-07
      vertex 54.238 2.96726 -1.2
      vertex 54.238 2.96726 -1.90735e-07
    endloop
  endfacet
  facet normal 0.980813 -0.19495 0
    outer loop
      vertex 54.238 2.96726 -1.2
      vertex 54.2023 2.78765 -1.90735e-07
      vertex 54.2023 2.78765 -1.2
    endloop
  endfacet
  facet normal 0.442184 -0.896924 0
    outer loop
      vertex 53.3857 1.85657 -1.2
      vertex 53.55 1.93757 -1.90735e-07
      vertex 53.3857 1.85657 -1.90735e-07
    endloop
  endfacet
  facet normal 0.442184 -0.896924 0
    outer loop
      vertex 53.55 1.93757 -1.90735e-07
      vertex 53.3857 1.85657 -1.2
      vertex 53.55 1.93757 -1.2
    endloop
  endfacet
  facet normal 0 0 1
    outer loop
      vertex 53.2457 27.8153 -1.90735e-07
      vertex 54.25 27.85 -1.90735e-07
      vertex 54.238 28.0327 -1.90735e-07
    endloop
  endfacet
  facet normal 0 0 1
    outer loop
      vertex 54.25 27.85 -1.90735e-07
      vertex 53.25 27.75 -1.90735e-07
      vertex 54.25 3.15 -1.90735e-07
    endloop
  endfacet
  facet normal 0 0 1
    outer loop
      vertex 53.233 27.8794 -1.90735e-07
      vertex 54.238 28.0327 -1.90735e-07
      vertex 54.2023 28.2123 -1.90735e-07
    endloop
  endfacet
  facet normal -0 0 1
    outer loop
      vertex 53.25 3.25 -1.90735e-07
      vertex 54.25 3.15 -1.90735e-07
      vertex 53.25 27.75 -1.90735e-07
    endloop
  endfacet
  facet normal 0 0 1
    outer loop
      vertex 53.2119 27.9413 -1.90735e-07
      vertex 54.2023 28.2123 -1.90735e-07
      vertex 54.1434 28.3857 -1.90735e-07
    endloop
  endfacet
  facet normal -0 0 1
    outer loop
      vertex 53.2457 3.18474 -1.90735e-07
      vertex 54.25 3.15 -1.90735e-07
      vertex 53.25 3.25 -1.90735e-07
    endloop
  endfacet
  facet normal 0 0 1
    outer loop
      vertex 53.183 28 -1.90735e-07
      vertex 54.1434 28.3857 -1.90735e-07
      vertex 54.0624 28.55 -1.90735e-07
    endloop
  endfacet
  facet normal 0 0 1
    outer loop
      vertex 54.25 3.15 -1.90735e-07
      vertex 53.2457 3.18474 -1.90735e-07
      vertex 54.238 2.96726 -1.90735e-07
    endloop
  endfacet
  facet normal 0 0 1
    outer loop
      vertex 53.1467 28.0544 -1.90735e-07
      vertex 54.0624 28.55 -1.90735e-07
      vertex 53.9607 28.7023 -1.90735e-07
    endloop
  endfacet
  facet normal -0 0 1
    outer loop
      vertex 53.233 3.12059 -1.90735e-07
      vertex 54.238 2.96726 -1.90735e-07
      vertex 53.2457 3.18474 -1.90735e-07
    endloop
  endfacet
  facet normal 0 0 1
    outer loop
      vertex 53.1035 28.1035 -1.90735e-07
      vertex 53.9607 28.7023 -1.90735e-07
      vertex 53.8399 28.8399 -1.90735e-07
    endloop
  endfacet
  facet normal 0 0 1
    outer loop
      vertex 54.238 2.96726 -1.90735e-07
      vertex 53.233 3.12059 -1.90735e-07
      vertex 54.2023 2.78765 -1.90735e-07
    endloop
  endfacet
  facet normal 0 0 1
    outer loop
      vertex 53.1035 28.1035 -1.90735e-07
      vertex 53.8399 28.8399 -1.90735e-07
      vertex 53.7023 28.9607 -1.90735e-07
    endloop
  endfacet
  facet normal -0 0 1
    outer loop
      vertex 53.2119 3.05865 -1.90735e-07
      vertex 54.2023 2.78765 -1.90735e-07
      vertex 53.233 3.12059 -1.90735e-07
    endloop
  endfacet
  facet normal 0 0 1
    outer loop
      vertex 53.0544 28.1467 -1.90735e-07
      vertex 53.7023 28.9607 -1.90735e-07
      vertex 53.55 29.0624 -1.90735e-07
    endloop
  endfacet
  facet normal 0 0 1
    outer loop
      vertex 54.2023 2.78765 -1.90735e-07
      vertex 53.2119 3.05865 -1.90735e-07
      vertex 54.1434 2.61425 -1.90735e-07
    endloop
  endfacet
  facet normal 0 0 1
    outer loop
      vertex 53 28.183 -1.90735e-07
      vertex 53.55 29.0624 -1.90735e-07
      vertex 53.3857 29.1434 -1.90735e-07
    endloop
  endfacet
  facet normal -0 0 1
    outer loop
      vertex 53.183 3 -1.90735e-07
      vertex 54.1434 2.61425 -1.90735e-07
      vertex 53.2119 3.05865 -1.90735e-07
    endloop
  endfacet
  facet normal 0 0 1
    outer loop
      vertex 54.1434 2.61425 -1.90735e-07
      vertex 53.183 3 -1.90735e-07
      vertex 54.0624 2.45 -1.90735e-07
    endloop
  endfacet
  facet normal 0 0 1
    outer loop
      vertex 54.25 27.85 -1.90735e-07
      vertex 53.2457 27.8153 -1.90735e-07
      vertex 53.25 27.75 -1.90735e-07
    endloop
  endfacet
  facet normal 0 0 1
    outer loop
      vertex 54.238 28.0327 -1.90735e-07
      vertex 53.233 27.8794 -1.90735e-07
      vertex 53.2457 27.8153 -1.90735e-07
    endloop
  endfacet
  facet normal 0 0 1
    outer loop
      vertex 52.9413 28.2119 -1.90735e-07
      vertex 53.3857 29.1434 -1.90735e-07
      vertex 53.2123 29.2023 -1.90735e-07
    endloop
  endfacet
  facet normal 0 0 1
    outer loop
      vertex 54.2023 28.2123 -1.90735e-07
      vertex 53.2119 27.9413 -1.90735e-07
      vertex 53.233 27.8794 -1.90735e-07
    endloop
  endfacet
  facet normal 0 0 1
    outer loop
      vertex 54.1434 28.3857 -1.90735e-07
      vertex 53.183 28 -1.90735e-07
      vertex 53.2119 27.9413 -1.90735e-07
    endloop
  endfacet
  facet normal 0 0 1
    outer loop
      vertex 54.0624 28.55 -1.90735e-07
      vertex 53.1467 28.0544 -1.90735e-07
      vertex 53.183 28 -1.90735e-07
    endloop
  endfacet
  facet normal 0 0 1
    outer loop
      vertex 53.9607 28.7023 -1.90735e-07
      vertex 53.1035 28.1035 -1.90735e-07
      vertex 53.1467 28.0544 -1.90735e-07
    endloop
  endfacet
  facet normal 0 0 1
    outer loop
      vertex 53.7023 28.9607 -1.90735e-07
      vertex 53.0544 28.1467 -1.90735e-07
      vertex 53.1035 28.1035 -1.90735e-07
    endloop
  endfacet
  facet normal 0 0 1
    outer loop
      vertex 52.8794 28.233 -1.90735e-07
      vertex 53.2123 29.2023 -1.90735e-07
      vertex 53.0327 29.238 -1.90735e-07
    endloop
  endfacet
  facet normal 0 0 1
    outer loop
      vertex 53.55 29.0624 -1.90735e-07
      vertex 53 28.183 -1.90735e-07
      vertex 53.0544 28.1467 -1.90735e-07
    endloop
  endfacet
  facet normal 0 0 1
    outer loop
      vertex 53.3857 29.1434 -1.90735e-07
      vertex 52.9413 28.2119 -1.90735e-07
      vertex 53 28.183 -1.90735e-07
    endloop
  endfacet
  facet normal 0 0 1
    outer loop
      vertex 53.2123 29.2023 -1.90735e-07
      vertex 52.8794 28.233 -1.90735e-07
      vertex 52.9413 28.2119 -1.90735e-07
    endloop
  endfacet
  facet normal 0 0 1
    outer loop
      vertex 52.8153 28.2457 -1.90735e-07
      vertex 53.0327 29.238 -1.90735e-07
      vertex 52.85 29.25 -1.90735e-07
    endloop
  endfacet
  facet normal 0 0 1
    outer loop
      vertex 53.0327 29.238 -1.90735e-07
      vertex 52.8153 28.2457 -1.90735e-07
      vertex 52.8794 28.233 -1.90735e-07
    endloop
  endfacet
  facet normal 0 0 1
    outer loop
      vertex 52.85 29.25 -1.90735e-07
      vertex 52.75 28.25 -1.90735e-07
      vertex 52.8153 28.2457 -1.90735e-07
    endloop
  endfacet
  facet normal 0 0 1
    outer loop
      vertex 52.85 29.25 -1.90735e-07
      vertex 3.25 28.25 -1.90735e-07
      vertex 52.75 28.25 -1.90735e-07
    endloop
  endfacet
  facet normal -0 0 1
    outer loop
      vertex 3.15 29.25 -1.90735e-07
      vertex 3.25 28.25 -1.90735e-07
      vertex 52.85 29.25 -1.90735e-07
    endloop
  endfacet
  facet normal 0 0 1
    outer loop
      vertex 3.15 29.25 -1.90735e-07
      vertex 3.18474 28.2457 -1.90735e-07
      vertex 3.25 28.25 -1.90735e-07
    endloop
  endfacet
  facet normal -0 0 1
    outer loop
      vertex 2.96726 29.238 -1.90735e-07
      vertex 3.18474 28.2457 -1.90735e-07
      vertex 3.15 29.25 -1.90735e-07
    endloop
  endfacet
  facet normal 0 0 1
    outer loop
      vertex 3.18474 28.2457 -1.90735e-07
      vertex 2.96726 29.238 -1.90735e-07
      vertex 3.12059 28.233 -1.90735e-07
    endloop
  endfacet
  facet normal -0 0 1
    outer loop
      vertex 2.78765 29.2023 -1.90735e-07
      vertex 3.12059 28.233 -1.90735e-07
      vertex 2.96726 29.238 -1.90735e-07
    endloop
  endfacet
  facet normal 0 0 1
    outer loop
      vertex 3.12059 28.233 -1.90735e-07
      vertex 2.78765 29.2023 -1.90735e-07
      vertex 3.05865 28.2119 -1.90735e-07
    endloop
  endfacet
  facet normal -0 0 1
    outer loop
      vertex 2.61425 29.1434 -1.90735e-07
      vertex 3.05865 28.2119 -1.90735e-07
      vertex 2.78765 29.2023 -1.90735e-07
    endloop
  endfacet
  facet normal 0 0 1
    outer loop
      vertex 3.05865 28.2119 -1.90735e-07
      vertex 2.61425 29.1434 -1.90735e-07
      vertex 3 28.183 -1.90735e-07
    endloop
  endfacet
  facet normal -0 0 1
    outer loop
      vertex 2.45 29.0624 -1.90735e-07
      vertex 3 28.183 -1.90735e-07
      vertex 2.61425 29.1434 -1.90735e-07
    endloop
  endfacet
  facet normal 0 0 1
    outer loop
      vertex 3 28.183 -1.90735e-07
      vertex 2.45 29.0624 -1.90735e-07
      vertex 2.94562 28.1467 -1.90735e-07
    endloop
  endfacet
  facet normal -0 0 1
    outer loop
      vertex 2.29774 28.9607 -1.90735e-07
      vertex 2.94562 28.1467 -1.90735e-07
      vertex 2.45 29.0624 -1.90735e-07
    endloop
  endfacet
  facet normal 0 0 1
    outer loop
      vertex 2.94562 28.1467 -1.90735e-07
      vertex 2.29774 28.9607 -1.90735e-07
      vertex 2.89645 28.1035 -1.90735e-07
    endloop
  endfacet
  facet normal -0 0 1
    outer loop
      vertex 2.16006 28.8399 -1.90735e-07
      vertex 2.89645 28.1035 -1.90735e-07
      vertex 2.29774 28.9607 -1.90735e-07
    endloop
  endfacet
  facet normal -0 0 1
    outer loop
      vertex 2.03931 28.7023 -1.90735e-07
      vertex 2.89645 28.1035 -1.90735e-07
      vertex 2.16006 28.8399 -1.90735e-07
    endloop
  endfacet
  facet normal 0 0 1
    outer loop
      vertex 2.89645 28.1035 -1.90735e-07
      vertex 2.03931 28.7023 -1.90735e-07
      vertex 2.85332 28.0544 -1.90735e-07
    endloop
  endfacet
  facet normal 0 0 1
    outer loop
      vertex 2.85332 28.0544 -1.90735e-07
      vertex 1.93757 28.55 -1.90735e-07
      vertex 2.81699 28 -1.90735e-07
    endloop
  endfacet
  facet normal -0 0 1
    outer loop
      vertex 1.93757 28.55 -1.90735e-07
      vertex 2.85332 28.0544 -1.90735e-07
      vertex 2.03931 28.7023 -1.90735e-07
    endloop
  endfacet
  facet normal -0 0 1
    outer loop
      vertex 53.1467 2.94562 -1.90735e-07
      vertex 54.0624 2.45 -1.90735e-07
      vertex 53.183 3 -1.90735e-07
    endloop
  endfacet
  facet normal 0 0 1
    outer loop
      vertex 54.0624 2.45 -1.90735e-07
      vertex 53.1467 2.94562 -1.90735e-07
      vertex 53.9607 2.29774 -1.90735e-07
    endloop
  endfacet
  facet normal -0 0 1
    outer loop
      vertex 53.1035 2.89645 -1.90735e-07
      vertex 53.9607 2.29774 -1.90735e-07
      vertex 53.1467 2.94562 -1.90735e-07
    endloop
  endfacet
  facet normal 0 0 1
    outer loop
      vertex 53.9607 2.29774 -1.90735e-07
      vertex 53.1035 2.89645 -1.90735e-07
      vertex 53.8399 2.16006 -1.90735e-07
    endloop
  endfacet
  facet normal 0 0 1
    outer loop
      vertex 53.8399 2.16006 -1.90735e-07
      vertex 53.1035 2.89645 -1.90735e-07
      vertex 53.7023 2.03931 -1.90735e-07
    endloop
  endfacet
  facet normal -0 0 1
    outer loop
      vertex 53.0544 2.85332 -1.90735e-07
      vertex 53.7023 2.03931 -1.90735e-07
      vertex 53.1035 2.89645 -1.90735e-07
    endloop
  endfacet
  facet normal 0 0 1
    outer loop
      vertex 53.7023 2.03931 -1.90735e-07
      vertex 53.0544 2.85332 -1.90735e-07
      vertex 53.55 1.93757 -1.90735e-07
    endloop
  endfacet
  facet normal -0 0 1
    outer loop
      vertex 53 2.81699 -1.90735e-07
      vertex 53.55 1.93757 -1.90735e-07
      vertex 53.0544 2.85332 -1.90735e-07
    endloop
  endfacet
  facet normal 0 0 1
    outer loop
      vertex 53.55 1.93757 -1.90735e-07
      vertex 53 2.81699 -1.90735e-07
      vertex 53.3857 1.85657 -1.90735e-07
    endloop
  endfacet
  facet normal -0 0 1
    outer loop
      vertex 52.9413 2.78806 -1.90735e-07
      vertex 53.3857 1.85657 -1.90735e-07
      vertex 53 2.81699 -1.90735e-07
    endloop
  endfacet
  facet normal 0 0 1
    outer loop
      vertex 53.3857 1.85657 -1.90735e-07
      vertex 52.9413 2.78806 -1.90735e-07
      vertex 53.2123 1.7977 -1.90735e-07
    endloop
  endfacet
  facet normal -0 0 1
    outer loop
      vertex 52.8794 2.76704 -1.90735e-07
      vertex 53.2123 1.7977 -1.90735e-07
      vertex 52.9413 2.78806 -1.90735e-07
    endloop
  endfacet
  facet normal 0 0 1
    outer loop
      vertex 53.2123 1.7977 -1.90735e-07
      vertex 52.8794 2.76704 -1.90735e-07
      vertex 53.0327 1.76198 -1.90735e-07
    endloop
  endfacet
  facet normal -0 0 1
    outer loop
      vertex 52.8153 2.75427 -1.90735e-07
      vertex 53.0327 1.76198 -1.90735e-07
      vertex 52.8794 2.76704 -1.90735e-07
    endloop
  endfacet
  facet normal 0 0 1
    outer loop
      vertex 53.0327 1.76198 -1.90735e-07
      vertex 52.8153 2.75427 -1.90735e-07
      vertex 52.85 1.75001 -1.90735e-07
    endloop
  endfacet
  facet normal -0 0 1
    outer loop
      vertex 52.75 2.75 -1.90735e-07
      vertex 52.85 1.75001 -1.90735e-07
      vertex 52.8153 2.75427 -1.90735e-07
    endloop
  endfacet
  facet normal -0 0 1
    outer loop
      vertex 3.25 2.75 -1.90735e-07
      vertex 52.85 1.75001 -1.90735e-07
      vertex 52.75 2.75 -1.90735e-07
    endloop
  endfacet
  facet normal 0 0 1
    outer loop
      vertex 3.25 2.75 -1.90735e-07
      vertex 3.15 1.75001 -1.90735e-07
      vertex 52.85 1.75001 -1.90735e-07
    endloop
  endfacet
  facet normal 0 0 1
    outer loop
      vertex 3.18474 2.75427 -1.90735e-07
      vertex 3.15 1.75001 -1.90735e-07
      vertex 3.25 2.75 -1.90735e-07
    endloop
  endfacet
  facet normal 0 0 1
    outer loop
      vertex 2.96726 1.76198 -1.90735e-07
      vertex 3.18474 2.75427 -1.90735e-07
      vertex 3.12059 2.76704 -1.90735e-07
    endloop
  endfacet
  facet normal 0 0 1
    outer loop
      vertex 2.78765 1.7977 -1.90735e-07
      vertex 3.12059 2.76704 -1.90735e-07
      vertex 3.05865 2.78806 -1.90735e-07
    endloop
  endfacet
  facet normal 0 0 1
    outer loop
      vertex 2.61425 1.85657 -1.90735e-07
      vertex 3.05865 2.78806 -1.90735e-07
      vertex 3 2.81699 -1.90735e-07
    endloop
  endfacet
  facet normal 0 0 1
    outer loop
      vertex 3.18474 2.75427 -1.90735e-07
      vertex 2.96726 1.76198 -1.90735e-07
      vertex 3.15 1.75001 -1.90735e-07
    endloop
  endfacet
  facet normal 0 0 1
    outer loop
      vertex 2.45 1.93757 -1.90735e-07
      vertex 3 2.81699 -1.90735e-07
      vertex 2.94562 2.85332 -1.90735e-07
    endloop
  endfacet
  facet normal 0 0 1
    outer loop
      vertex 2.29774 2.03931 -1.90735e-07
      vertex 2.94562 2.85332 -1.90735e-07
      vertex 2.89645 2.89645 -1.90735e-07
    endloop
  endfacet
  facet normal 0 0 1
    outer loop
      vertex 2.03931 2.29774 -1.90735e-07
      vertex 2.89645 2.89645 -1.90735e-07
      vertex 2.85332 2.94562 -1.90735e-07
    endloop
  endfacet
  facet normal 0 0 1
    outer loop
      vertex 1.93757 2.45 -1.90735e-07
      vertex 2.85332 2.94562 -1.90735e-07
      vertex 2.81699 3 -1.90735e-07
    endloop
  endfacet
  facet normal 0 0 1
    outer loop
      vertex 1.85657 2.61425 -1.90735e-07
      vertex 2.81699 3 -1.90735e-07
      vertex 2.78806 3.05865 -1.90735e-07
    endloop
  endfacet
  facet normal 0 0 1
    outer loop
      vertex 3.12059 2.76704 -1.90735e-07
      vertex 2.78765 1.7977 -1.90735e-07
      vertex 2.96726 1.76198 -1.90735e-07
    endloop
  endfacet
  facet normal 0 0 1
    outer loop
      vertex 1.7977 2.78765 -1.90735e-07
      vertex 2.78806 3.05865 -1.90735e-07
      vertex 2.76704 3.12059 -1.90735e-07
    endloop
  endfacet
  facet normal 0 0 1
    outer loop
      vertex 1.76198 2.96726 -1.90735e-07
      vertex 2.76704 3.12059 -1.90735e-07
      vertex 2.75427 3.18474 -1.90735e-07
    endloop
  endfacet
  facet normal 0 0 1
    outer loop
      vertex 1.75001 3.15 -1.90735e-07
      vertex 2.75427 3.18474 -1.90735e-07
      vertex 2.75 3.25 -1.90735e-07
    endloop
  endfacet
  facet normal 0 0 1
    outer loop
      vertex 3.05865 2.78806 -1.90735e-07
      vertex 2.61425 1.85657 -1.90735e-07
      vertex 2.78765 1.7977 -1.90735e-07
    endloop
  endfacet
  facet normal 0 0 1
    outer loop
      vertex 2.75 27.75 -1.90735e-07
      vertex 1.75001 27.85 -1.90735e-07
      vertex 2.75 3.25 -1.90735e-07
    endloop
  endfacet
  facet normal -0 0 1
    outer loop
      vertex 1.85657 28.3857 -1.90735e-07
      vertex 2.81699 28 -1.90735e-07
      vertex 1.93757 28.55 -1.90735e-07
    endloop
  endfacet
  facet normal 0 0 1
    outer loop
      vertex 1.75001 3.15 -1.90735e-07
      vertex 2.75 3.25 -1.90735e-07
      vertex 1.75001 27.85 -1.90735e-07
    endloop
  endfacet
  facet normal 0 0 1
    outer loop
      vertex 2.81699 28 -1.90735e-07
      vertex 1.85657 28.3857 -1.90735e-07
      vertex 2.78806 27.9413 -1.90735e-07
    endloop
  endfacet
  facet normal 0 0 1
    outer loop
      vertex 2.75427 3.18474 -1.90735e-07
      vertex 1.75001 3.15 -1.90735e-07
      vertex 1.76198 2.96726 -1.90735e-07
    endloop
  endfacet
  facet normal -0 0 1
    outer loop
      vertex 1.7977 28.2123 -1.90735e-07
      vertex 2.78806 27.9413 -1.90735e-07
      vertex 1.85657 28.3857 -1.90735e-07
    endloop
  endfacet
  facet normal 0 0 1
    outer loop
      vertex 3 2.81699 -1.90735e-07
      vertex 2.45 1.93757 -1.90735e-07
      vertex 2.61425 1.85657 -1.90735e-07
    endloop
  endfacet
  facet normal 0 0 1
    outer loop
      vertex 2.78806 27.9413 -1.90735e-07
      vertex 1.7977 28.2123 -1.90735e-07
      vertex 2.76704 27.8794 -1.90735e-07
    endloop
  endfacet
  facet normal 0 0 1
    outer loop
      vertex 2.94562 2.85332 -1.90735e-07
      vertex 2.29774 2.03931 -1.90735e-07
      vertex 2.45 1.93757 -1.90735e-07
    endloop
  endfacet
  facet normal -0 0 1
    outer loop
      vertex 1.76198 28.0327 -1.90735e-07
      vertex 2.76704 27.8794 -1.90735e-07
      vertex 1.7977 28.2123 -1.90735e-07
    endloop
  endfacet
  facet normal 0 0 1
    outer loop
      vertex 2.89645 2.89645 -1.90735e-07
      vertex 2.16006 2.16006 -1.90735e-07
      vertex 2.29774 2.03931 -1.90735e-07
    endloop
  endfacet
  facet normal 0 0 1
    outer loop
      vertex 2.76704 27.8794 -1.90735e-07
      vertex 1.76198 28.0327 -1.90735e-07
      vertex 2.75427 27.8153 -1.90735e-07
    endloop
  endfacet
  facet normal 0 0 1
    outer loop
      vertex 2.89645 2.89645 -1.90735e-07
      vertex 2.03931 2.29774 -1.90735e-07
      vertex 2.16006 2.16006 -1.90735e-07
    endloop
  endfacet
  facet normal -0 0 1
    outer loop
      vertex 1.75001 27.85 -1.90735e-07
      vertex 2.75427 27.8153 -1.90735e-07
      vertex 1.76198 28.0327 -1.90735e-07
    endloop
  endfacet
  facet normal 0 0 1
    outer loop
      vertex 2.85332 2.94562 -1.90735e-07
      vertex 1.93757 2.45 -1.90735e-07
      vertex 2.03931 2.29774 -1.90735e-07
    endloop
  endfacet
  facet normal 0 0 1
    outer loop
      vertex 2.75427 27.8153 -1.90735e-07
      vertex 1.75001 27.85 -1.90735e-07
      vertex 2.75 27.75 -1.90735e-07
    endloop
  endfacet
  facet normal 0 0 1
    outer loop
      vertex 2.81699 3 -1.90735e-07
      vertex 1.85657 2.61425 -1.90735e-07
      vertex 1.93757 2.45 -1.90735e-07
    endloop
  endfacet
  facet normal 0 0 1
    outer loop
      vertex 2.78806 3.05865 -1.90735e-07
      vertex 1.7977 2.78765 -1.90735e-07
      vertex 1.85657 2.61425 -1.90735e-07
    endloop
  endfacet
  facet normal 0 0 1
    outer loop
      vertex 2.76704 3.12059 -1.90735e-07
      vertex 1.76198 2.96726 -1.90735e-07
      vertex 1.7977 2.78765 -1.90735e-07
    endloop
  endfacet
  facet normal -0.659524 0.751683 0
    outer loop
      vertex 2.29774 28.9607 -1.2
      vertex 2.16006 28.8399 -1.90735e-07
      vertex 2.29774 28.9607 -1.90735e-07
    endloop
  endfacet
  facet normal -0.659524 0.751683 0
    outer loop
      vertex 2.16006 28.8399 -1.90735e-07
      vertex 2.29774 28.9607 -1.2
      vertex 2.16006 28.8399 -1.2
    endloop
  endfacet
  facet normal -0.321482 -0.946916 0
    outer loop
      vertex 2.61425 1.85657 -1.2
      vertex 2.78765 1.7977 -1.90735e-07
      vertex 2.61425 1.85657 -1.90735e-07
    endloop
  endfacet
  facet normal -0.321482 -0.946916 -0
    outer loop
      vertex 2.78765 1.7977 -1.90735e-07
      vertex 2.61425 1.85657 -1.2
      vertex 2.78765 1.7977 -1.2
    endloop
  endfacet
  facet normal -0.555582 -0.831462 0
    outer loop
      vertex 2.29774 2.03931 -1.2
      vertex 2.45 1.93757 -1.90735e-07
      vertex 2.29774 2.03931 -1.90735e-07
    endloop
  endfacet
  facet normal -0.555582 -0.831462 -0
    outer loop
      vertex 2.45 1.93757 -1.90735e-07
      vertex 2.29774 2.03931 -1.2
      vertex 2.45 1.93757 -1.2
    endloop
  endfacet
  facet normal 0 1 -0
    outer loop
      vertex 52.85 29.25 -1.2
      vertex 3.15 29.25 -1.90735e-07
      vertex 52.85 29.25 -1.90735e-07
    endloop
  endfacet
  facet normal 0 1 0
    outer loop
      vertex 3.15 29.25 -1.90735e-07
      vertex 52.85 29.25 -1.2
      vertex 3.15 29.25 -1.2
    endloop
  endfacet
  facet normal -0.997862 -0.0653628 0
    outer loop
      vertex 1.76198 2.96726 -1.2
      vertex 1.75001 3.15 -1.90735e-07
      vertex 1.75001 3.15 -1.2
    endloop
  endfacet
  facet normal -0.997862 -0.0653628 0
    outer loop
      vertex 1.75001 3.15 -1.90735e-07
      vertex 1.76198 2.96726 -1.2
      vertex 1.76198 2.96726 -1.90735e-07
    endloop
  endfacet
  facet normal -0.195055 -0.980792 0
    outer loop
      vertex 2.78765 1.7977 -1.2
      vertex 2.96726 1.76198 -1.90735e-07
      vertex 2.78765 1.7977 -1.90735e-07
    endloop
  endfacet
  facet normal -0.195055 -0.980792 -0
    outer loop
      vertex 2.96726 1.76198 -1.90735e-07
      vertex 2.78765 1.7977 -1.2
      vertex 2.96726 1.76198 -1.2
    endloop
  endfacet
  facet normal -0.896871 -0.442292 0
    outer loop
      vertex 1.93757 2.45 -1.2
      vertex 1.85657 2.61425 -1.90735e-07
      vertex 1.85657 2.61425 -1.2
    endloop
  endfacet
  facet normal -0.896871 -0.442292 0
    outer loop
      vertex 1.85657 2.61425 -1.90735e-07
      vertex 1.93757 2.45 -1.2
      vertex 1.93757 2.45 -1.90735e-07
    endloop
  endfacet
  facet normal 0.83163 0.55533 0
    outer loop
      vertex 54.0624 28.55 -1.90735e-07
      vertex 53.9607 28.7023 -1.2
      vertex 53.9607 28.7023 -1.90735e-07
    endloop
  endfacet
  facet normal 0.83163 0.55533 0
    outer loop
      vertex 53.9607 28.7023 -1.2
      vertex 54.0624 28.55 -1.90735e-07
      vertex 54.0624 28.55 -1.2
    endloop
  endfacet
  facet normal -0.946916 0.321482 0
    outer loop
      vertex 1.7977 28.2123 -1.2
      vertex 1.85657 28.3857 -1.90735e-07
      vertex 1.85657 28.3857 -1.2
    endloop
  endfacet
  facet normal -0.946916 0.321482 0
    outer loop
      vertex 1.85657 28.3857 -1.90735e-07
      vertex 1.7977 28.2123 -1.2
      vertex 1.7977 28.2123 -1.90735e-07
    endloop
  endfacet
  facet normal -0.19495 0.980813 0
    outer loop
      vertex 2.96726 29.238 -1.2
      vertex 2.78765 29.2023 -1.90735e-07
      vertex 2.96726 29.238 -1.90735e-07
    endloop
  endfacet
  facet normal -0.19495 0.980813 0
    outer loop
      vertex 2.78765 29.2023 -1.90735e-07
      vertex 2.96726 29.238 -1.2
      vertex 2.78765 29.2023 -1.2
    endloop
  endfacet
  facet normal -0.0655259 0.997851 0
    outer loop
      vertex 3.15 29.25 -1.2
      vertex 2.96726 29.238 -1.90735e-07
      vertex 3.15 29.25 -1.90735e-07
    endloop
  endfacet
  facet normal -0.0655259 0.997851 0
    outer loop
      vertex 2.96726 29.238 -1.90735e-07
      vertex 3.15 29.25 -1.2
      vertex 2.96726 29.238 -1.2
    endloop
  endfacet
  facet normal -0.0653628 -0.997862 0
    outer loop
      vertex 2.96726 1.76198 -1.2
      vertex 3.15 1.75001 -1.90735e-07
      vertex 2.96726 1.76198 -1.90735e-07
    endloop
  endfacet
  facet normal -0.0653628 -0.997862 -0
    outer loop
      vertex 3.15 1.75001 -1.90735e-07
      vertex 2.96726 1.76198 -1.2
      vertex 3.15 1.75001 -1.2
    endloop
  endfacet
  facet normal 0.946866 -0.321629 0
    outer loop
      vertex 54.1434 2.61425 -1.90735e-07
      vertex 54.2023 2.78765 -1.2
      vertex 54.2023 2.78765 -1.90735e-07
    endloop
  endfacet
  facet normal 0.946866 -0.321629 0
    outer loop
      vertex 54.2023 2.78765 -1.2
      vertex 54.1434 2.61425 -1.90735e-07
      vertex 54.1434 2.61425 -1.2
    endloop
  endfacet
  facet normal -0.98079 0.195066 0
    outer loop
      vertex 1.76198 28.0327 -1.2
      vertex 1.7977 28.2123 -1.90735e-07
      vertex 1.7977 28.2123 -1.2
    endloop
  endfacet
  facet normal -0.98079 0.195066 0
    outer loop
      vertex 1.7977 28.2123 -1.90735e-07
      vertex 1.76198 28.0327 -1.2
      vertex 1.76198 28.0327 -1.90735e-07
    endloop
  endfacet
  facet normal 0.980811 0.194961 0
    outer loop
      vertex 54.238 28.0327 -1.90735e-07
      vertex 54.2023 28.2123 -1.2
      vertex 54.2023 28.2123 -1.90735e-07
    endloop
  endfacet
  facet normal 0.980811 0.194961 0
    outer loop
      vertex 54.2023 28.2123 -1.2
      vertex 54.238 28.0327 -1.90735e-07
      vertex 54.238 28.0327 -1.2
    endloop
  endfacet
  facet normal -0.896924 0.442184 0
    outer loop
      vertex 1.85657 28.3857 -1.2
      vertex 1.93757 28.55 -1.90735e-07
      vertex 1.93757 28.55 -1.2
    endloop
  endfacet
  facet normal -0.896924 0.442184 0
    outer loop
      vertex 1.93757 28.55 -1.90735e-07
      vertex 1.85657 28.3857 -1.2
      vertex 1.85657 28.3857 -1.90735e-07
    endloop
  endfacet
  facet normal -0.997861 0.0653771 0
    outer loop
      vertex 1.75001 27.85 -1.2
      vertex 1.76198 28.0327 -1.90735e-07
      vertex 1.76198 28.0327 -1.2
    endloop
  endfacet
  facet normal -0.997861 0.0653771 0
    outer loop
      vertex 1.76198 28.0327 -1.90735e-07
      vertex 1.75001 27.85 -1.2
      vertex 1.75001 27.85 -1.90735e-07
    endloop
  endfacet
  facet normal 0.555481 -0.831529 0
    outer loop
      vertex 53.55 1.93757 -1.2
      vertex 53.7023 2.03931 -1.90735e-07
      vertex 53.55 1.93757 -1.90735e-07
    endloop
  endfacet
  facet normal 0.555481 -0.831529 0
    outer loop
      vertex 53.7023 2.03931 -1.90735e-07
      vertex 53.55 1.93757 -1.2
      vertex 53.7023 2.03931 -1.2
    endloop
  endfacet
  facet normal -0.831529 0.555481 0
    outer loop
      vertex 1.93757 28.55 -1.2
      vertex 2.03931 28.7023 -1.90735e-07
      vertex 2.03931 28.7023 -1.2
    endloop
  endfacet
  facet normal -0.831529 0.555481 0
    outer loop
      vertex 2.03931 28.7023 -1.90735e-07
      vertex 1.93757 28.55 -1.2
      vertex 1.93757 28.55 -1.90735e-07
    endloop
  endfacet
  facet normal 0.831563 -0.555431 0
    outer loop
      vertex 53.9607 2.29774 -1.90735e-07
      vertex 54.0624 2.45 -1.2
      vertex 54.0624 2.45 -1.90735e-07
    endloop
  endfacet
  facet normal 0.831563 -0.555431 0
    outer loop
      vertex 54.0624 2.45 -1.2
      vertex 53.9607 2.29774 -1.90735e-07
      vertex 53.9607 2.29774 -1.2
    endloop
  endfacet
  facet normal 0.997851 -0.0655259 0
    outer loop
      vertex 54.238 2.96726 -1.90735e-07
      vertex 54.25 3.15 -1.2
      vertex 54.25 3.15 -1.90735e-07
    endloop
  endfacet
  facet normal 0.997851 -0.0655259 0
    outer loop
      vertex 54.25 3.15 -1.2
      vertex 54.238 2.96726 -1.90735e-07
      vertex 54.238 2.96726 -1.2
    endloop
  endfacet
  facet normal 0 0 -1
    outer loop
      vertex 53.2457 3.18474 -1.2
      vertex 54.25 3.15 -1.2
      vertex 54.238 2.96726 -1.2
    endloop
  endfacet
  facet normal 0 0 -1
    outer loop
      vertex 54.25 3.15 -1.2
      vertex 53.25 3.25 -1.2
      vertex 54.25 27.85 -1.2
    endloop
  endfacet
  facet normal 0 0 -1
    outer loop
      vertex 53.233 3.12059 -1.2
      vertex 54.238 2.96726 -1.2
      vertex 54.2023 2.78765 -1.2
    endloop
  endfacet
  facet normal 0 0 -1
    outer loop
      vertex 53.25 27.75 -1.2
      vertex 54.25 27.85 -1.2
      vertex 53.25 3.25 -1.2
    endloop
  endfacet
  facet normal 0 0 -1
    outer loop
      vertex 53.2119 3.05865 -1.2
      vertex 54.2023 2.78765 -1.2
      vertex 54.1434 2.61425 -1.2
    endloop
  endfacet
  facet normal 0 0 -1
    outer loop
      vertex 53.2457 27.8153 -1.2
      vertex 54.25 27.85 -1.2
      vertex 53.25 27.75 -1.2
    endloop
  endfacet
  facet normal 0 0 -1
    outer loop
      vertex 53.183 3 -1.2
      vertex 54.1434 2.61425 -1.2
      vertex 54.0624 2.45 -1.2
    endloop
  endfacet
  facet normal -0 0 -1
    outer loop
      vertex 54.25 27.85 -1.2
      vertex 53.2457 27.8153 -1.2
      vertex 54.238 28.0327 -1.2
    endloop
  endfacet
  facet normal 0 0 -1
    outer loop
      vertex 53.1467 2.94562 -1.2
      vertex 54.0624 2.45 -1.2
      vertex 53.9607 2.29774 -1.2
    endloop
  endfacet
  facet normal 0 0 -1
    outer loop
      vertex 53.233 27.8794 -1.2
      vertex 54.238 28.0327 -1.2
      vertex 53.2457 27.8153 -1.2
    endloop
  endfacet
  facet normal 0 0 -1
    outer loop
      vertex 53.1035 2.89645 -1.2
      vertex 53.9607 2.29774 -1.2
      vertex 53.8399 2.16006 -1.2
    endloop
  endfacet
  facet normal -0 0 -1
    outer loop
      vertex 54.238 28.0327 -1.2
      vertex 53.233 27.8794 -1.2
      vertex 54.2023 28.2123 -1.2
    endloop
  endfacet
  facet normal 0 0 -1
    outer loop
      vertex 53.1035 2.89645 -1.2
      vertex 53.8399 2.16006 -1.2
      vertex 53.7023 2.03931 -1.2
    endloop
  endfacet
  facet normal 0 0 -1
    outer loop
      vertex 53.2119 27.9413 -1.2
      vertex 54.2023 28.2123 -1.2
      vertex 53.233 27.8794 -1.2
    endloop
  endfacet
  facet normal 0 0 -1
    outer loop
      vertex 53.0544 2.85332 -1.2
      vertex 53.7023 2.03931 -1.2
      vertex 53.55 1.93757 -1.2
    endloop
  endfacet
  facet normal -0 0 -1
    outer loop
      vertex 54.2023 28.2123 -1.2
      vertex 53.2119 27.9413 -1.2
      vertex 54.1434 28.3857 -1.2
    endloop
  endfacet
  facet normal 0 0 -1
    outer loop
      vertex 53 2.81699 -1.2
      vertex 53.55 1.93757 -1.2
      vertex 53.3857 1.85657 -1.2
    endloop
  endfacet
  facet normal 0 0 -1
    outer loop
      vertex 53.183 28 -1.2
      vertex 54.1434 28.3857 -1.2
      vertex 53.2119 27.9413 -1.2
    endloop
  endfacet
  facet normal -0 0 -1
    outer loop
      vertex 54.1434 28.3857 -1.2
      vertex 53.183 28 -1.2
      vertex 54.0624 28.55 -1.2
    endloop
  endfacet
  facet normal 0 0 -1
    outer loop
      vertex 54.25 3.15 -1.2
      vertex 53.2457 3.18474 -1.2
      vertex 53.25 3.25 -1.2
    endloop
  endfacet
  facet normal 0 0 -1
    outer loop
      vertex 54.238 2.96726 -1.2
      vertex 53.233 3.12059 -1.2
      vertex 53.2457 3.18474 -1.2
    endloop
  endfacet
  facet normal 0 0 -1
    outer loop
      vertex 52.9413 2.78806 -1.2
      vertex 53.3857 1.85657 -1.2
      vertex 53.2123 1.7977 -1.2
    endloop
  endfacet
  facet normal 0 0 -1
    outer loop
      vertex 54.2023 2.78765 -1.2
      vertex 53.2119 3.05865 -1.2
      vertex 53.233 3.12059 -1.2
    endloop
  endfacet
  facet normal 0 0 -1
    outer loop
      vertex 54.1434 2.61425 -1.2
      vertex 53.183 3 -1.2
      vertex 53.2119 3.05865 -1.2
    endloop
  endfacet
  facet normal 0 0 -1
    outer loop
      vertex 54.0624 2.45 -1.2
      vertex 53.1467 2.94562 -1.2
      vertex 53.183 3 -1.2
    endloop
  endfacet
  facet normal 0 0 -1
    outer loop
      vertex 53.9607 2.29774 -1.2
      vertex 53.1035 2.89645 -1.2
      vertex 53.1467 2.94562 -1.2
    endloop
  endfacet
  facet normal 0 0 -1
    outer loop
      vertex 53.7023 2.03931 -1.2
      vertex 53.0544 2.85332 -1.2
      vertex 53.1035 2.89645 -1.2
    endloop
  endfacet
  facet normal 0 0 -1
    outer loop
      vertex 52.8794 2.76704 -1.2
      vertex 53.2123 1.7977 -1.2
      vertex 53.0327 1.76198 -1.2
    endloop
  endfacet
  facet normal 0 0 -1
    outer loop
      vertex 53.55 1.93757 -1.2
      vertex 53 2.81699 -1.2
      vertex 53.0544 2.85332 -1.2
    endloop
  endfacet
  facet normal 0 0 -1
    outer loop
      vertex 53.3857 1.85657 -1.2
      vertex 52.9413 2.78806 -1.2
      vertex 53 2.81699 -1.2
    endloop
  endfacet
  facet normal 0 0 -1
    outer loop
      vertex 53.2123 1.7977 -1.2
      vertex 52.8794 2.76704 -1.2
      vertex 52.9413 2.78806 -1.2
    endloop
  endfacet
  facet normal 0 0 -1
    outer loop
      vertex 52.8153 2.75427 -1.2
      vertex 53.0327 1.76198 -1.2
      vertex 52.85 1.75001 -1.2
    endloop
  endfacet
  facet normal 0 0 -1
    outer loop
      vertex 53.0327 1.76198 -1.2
      vertex 52.8153 2.75427 -1.2
      vertex 52.8794 2.76704 -1.2
    endloop
  endfacet
  facet normal 0 0 -1
    outer loop
      vertex 52.85 1.75001 -1.2
      vertex 52.75 2.75 -1.2
      vertex 52.8153 2.75427 -1.2
    endloop
  endfacet
  facet normal 0 0 -1
    outer loop
      vertex 52.85 1.75001 -1.2
      vertex 3.25 2.75 -1.2
      vertex 52.75 2.75 -1.2
    endloop
  endfacet
  facet normal 0 0 -1
    outer loop
      vertex 3.15 1.75001 -1.2
      vertex 3.25 2.75 -1.2
      vertex 52.85 1.75001 -1.2
    endloop
  endfacet
  facet normal 0 0 -1
    outer loop
      vertex 3.15 1.75001 -1.2
      vertex 3.18474 2.75427 -1.2
      vertex 3.25 2.75 -1.2
    endloop
  endfacet
  facet normal 0 0 -1
    outer loop
      vertex 2.96726 1.76198 -1.2
      vertex 3.18474 2.75427 -1.2
      vertex 3.15 1.75001 -1.2
    endloop
  endfacet
  facet normal -0 0 -1
    outer loop
      vertex 3.18474 2.75427 -1.2
      vertex 2.96726 1.76198 -1.2
      vertex 3.12059 2.76704 -1.2
    endloop
  endfacet
  facet normal 0 0 -1
    outer loop
      vertex 2.78765 1.7977 -1.2
      vertex 3.12059 2.76704 -1.2
      vertex 2.96726 1.76198 -1.2
    endloop
  endfacet
  facet normal -0 0 -1
    outer loop
      vertex 3.12059 2.76704 -1.2
      vertex 2.78765 1.7977 -1.2
      vertex 3.05865 2.78806 -1.2
    endloop
  endfacet
  facet normal 0 0 -1
    outer loop
      vertex 2.61425 1.85657 -1.2
      vertex 3.05865 2.78806 -1.2
      vertex 2.78765 1.7977 -1.2
    endloop
  endfacet
  facet normal -0 0 -1
    outer loop
      vertex 3.05865 2.78806 -1.2
      vertex 2.61425 1.85657 -1.2
      vertex 3 2.81699 -1.2
    endloop
  endfacet
  facet normal 0 0 -1
    outer loop
      vertex 2.45 1.93757 -1.2
      vertex 3 2.81699 -1.2
      vertex 2.61425 1.85657 -1.2
    endloop
  endfacet
  facet normal -0 0 -1
    outer loop
      vertex 3 2.81699 -1.2
      vertex 2.45 1.93757 -1.2
      vertex 2.94562 2.85332 -1.2
    endloop
  endfacet
  facet normal 0 0 -1
    outer loop
      vertex 2.29774 2.03931 -1.2
      vertex 2.94562 2.85332 -1.2
      vertex 2.45 1.93757 -1.2
    endloop
  endfacet
  facet normal -0 0 -1
    outer loop
      vertex 2.94562 2.85332 -1.2
      vertex 2.29774 2.03931 -1.2
      vertex 2.89645 2.89645 -1.2
    endloop
  endfacet
  facet normal 0 0 -1
    outer loop
      vertex 2.16006 2.16006 -1.2
      vertex 2.89645 2.89645 -1.2
      vertex 2.29774 2.03931 -1.2
    endloop
  endfacet
  facet normal 0 0 -1
    outer loop
      vertex 2.03931 2.29774 -1.2
      vertex 2.89645 2.89645 -1.2
      vertex 2.16006 2.16006 -1.2
    endloop
  endfacet
  facet normal -0 0 -1
    outer loop
      vertex 2.89645 2.89645 -1.2
      vertex 2.03931 2.29774 -1.2
      vertex 2.85332 2.94562 -1.2
    endloop
  endfacet
  facet normal -0 0 -1
    outer loop
      vertex 2.85332 2.94562 -1.2
      vertex 1.93757 2.45 -1.2
      vertex 2.81699 3 -1.2
    endloop
  endfacet
  facet normal 0 0 -1
    outer loop
      vertex 1.93757 2.45 -1.2
      vertex 2.85332 2.94562 -1.2
      vertex 2.03931 2.29774 -1.2
    endloop
  endfacet
  facet normal 0 0 -1
    outer loop
      vertex 53.1467 28.0544 -1.2
      vertex 54.0624 28.55 -1.2
      vertex 53.183 28 -1.2
    endloop
  endfacet
  facet normal -0 0 -1
    outer loop
      vertex 54.0624 28.55 -1.2
      vertex 53.1467 28.0544 -1.2
      vertex 53.9607 28.7023 -1.2
    endloop
  endfacet
  facet normal 0 0 -1
    outer loop
      vertex 53.1035 28.1035 -1.2
      vertex 53.9607 28.7023 -1.2
      vertex 53.1467 28.0544 -1.2
    endloop
  endfacet
  facet normal -0 0 -1
    outer loop
      vertex 53.9607 28.7023 -1.2
      vertex 53.1035 28.1035 -1.2
      vertex 53.8399 28.8399 -1.2
    endloop
  endfacet
  facet normal -0 0 -1
    outer loop
      vertex 53.8399 28.8399 -1.2
      vertex 53.1035 28.1035 -1.2
      vertex 53.7023 28.9607 -1.2
    endloop
  endfacet
  facet normal 0 0 -1
    outer loop
      vertex 53.0544 28.1467 -1.2
      vertex 53.7023 28.9607 -1.2
      vertex 53.1035 28.1035 -1.2
    endloop
  endfacet
  facet normal -0 0 -1
    outer loop
      vertex 53.7023 28.9607 -1.2
      vertex 53.0544 28.1467 -1.2
      vertex 53.55 29.0624 -1.2
    endloop
  endfacet
  facet normal 0 0 -1
    outer loop
      vertex 53 28.183 -1.2
      vertex 53.55 29.0624 -1.2
      vertex 53.0544 28.1467 -1.2
    endloop
  endfacet
  facet normal -0 0 -1
    outer loop
      vertex 53.55 29.0624 -1.2
      vertex 53 28.183 -1.2
      vertex 53.3857 29.1434 -1.2
    endloop
  endfacet
  facet normal 0 0 -1
    outer loop
      vertex 52.9413 28.2119 -1.2
      vertex 53.3857 29.1434 -1.2
      vertex 53 28.183 -1.2
    endloop
  endfacet
  facet normal -0 0 -1
    outer loop
      vertex 53.3857 29.1434 -1.2
      vertex 52.9413 28.2119 -1.2
      vertex 53.2123 29.2023 -1.2
    endloop
  endfacet
  facet normal 0 0 -1
    outer loop
      vertex 52.8794 28.233 -1.2
      vertex 53.2123 29.2023 -1.2
      vertex 52.9413 28.2119 -1.2
    endloop
  endfacet
  facet normal -0 0 -1
    outer loop
      vertex 53.2123 29.2023 -1.2
      vertex 52.8794 28.233 -1.2
      vertex 53.0327 29.238 -1.2
    endloop
  endfacet
  facet normal 0 0 -1
    outer loop
      vertex 52.8153 28.2457 -1.2
      vertex 53.0327 29.238 -1.2
      vertex 52.8794 28.233 -1.2
    endloop
  endfacet
  facet normal -0 0 -1
    outer loop
      vertex 53.0327 29.238 -1.2
      vertex 52.8153 28.2457 -1.2
      vertex 52.85 29.25 -1.2
    endloop
  endfacet
  facet normal 0 0 -1
    outer loop
      vertex 52.75 28.25 -1.2
      vertex 52.85 29.25 -1.2
      vertex 52.8153 28.2457 -1.2
    endloop
  endfacet
  facet normal 0 0 -1
    outer loop
      vertex 3.25 28.25 -1.2
      vertex 52.85 29.25 -1.2
      vertex 52.75 28.25 -1.2
    endloop
  endfacet
  facet normal 0 0 -1
    outer loop
      vertex 3.25 28.25 -1.2
      vertex 3.15 29.25 -1.2
      vertex 52.85 29.25 -1.2
    endloop
  endfacet
  facet normal 0 0 -1
    outer loop
      vertex 3.18474 28.2457 -1.2
      vertex 3.15 29.25 -1.2
      vertex 3.25 28.25 -1.2
    endloop
  endfacet
  facet normal 0 0 -1
    outer loop
      vertex 2.96726 29.238 -1.2
      vertex 3.18474 28.2457 -1.2
      vertex 3.12059 28.233 -1.2
    endloop
  endfacet
  facet normal 0 0 -1
    outer loop
      vertex 2.78765 29.2023 -1.2
      vertex 3.12059 28.233 -1.2
      vertex 3.05865 28.2119 -1.2
    endloop
  endfacet
  facet normal 0 0 -1
    outer loop
      vertex 2.61425 29.1434 -1.2
      vertex 3.05865 28.2119 -1.2
      vertex 3 28.183 -1.2
    endloop
  endfacet
  facet normal 0 0 -1
    outer loop
      vertex 3.18474 28.2457 -1.2
      vertex 2.96726 29.238 -1.2
      vertex 3.15 29.25 -1.2
    endloop
  endfacet
  facet normal 0 0 -1
    outer loop
      vertex 2.45 29.0624 -1.2
      vertex 3 28.183 -1.2
      vertex 2.94562 28.1467 -1.2
    endloop
  endfacet
  facet normal 0 0 -1
    outer loop
      vertex 2.29774 28.9607 -1.2
      vertex 2.94562 28.1467 -1.2
      vertex 2.89645 28.1035 -1.2
    endloop
  endfacet
  facet normal 0 0 -1
    outer loop
      vertex 2.03931 28.7023 -1.2
      vertex 2.89645 28.1035 -1.2
      vertex 2.85332 28.0544 -1.2
    endloop
  endfacet
  facet normal 0 0 -1
    outer loop
      vertex 1.93757 28.55 -1.2
      vertex 2.85332 28.0544 -1.2
      vertex 2.81699 28 -1.2
    endloop
  endfacet
  facet normal 0 0 -1
    outer loop
      vertex 1.85657 28.3857 -1.2
      vertex 2.81699 28 -1.2
      vertex 2.78806 27.9413 -1.2
    endloop
  endfacet
  facet normal 0 0 -1
    outer loop
      vertex 3.12059 28.233 -1.2
      vertex 2.78765 29.2023 -1.2
      vertex 2.96726 29.238 -1.2
    endloop
  endfacet
  facet normal 0 0 -1
    outer loop
      vertex 1.7977 28.2123 -1.2
      vertex 2.78806 27.9413 -1.2
      vertex 2.76704 27.8794 -1.2
    endloop
  endfacet
  facet normal 0 0 -1
    outer loop
      vertex 1.76198 28.0327 -1.2
      vertex 2.76704 27.8794 -1.2
      vertex 2.75427 27.8153 -1.2
    endloop
  endfacet
  facet normal 0 0 -1
    outer loop
      vertex 1.75001 27.85 -1.2
      vertex 2.75427 27.8153 -1.2
      vertex 2.75 27.75 -1.2
    endloop
  endfacet
  facet normal 0 0 -1
    outer loop
      vertex 3.05865 28.2119 -1.2
      vertex 2.61425 29.1434 -1.2
      vertex 2.78765 29.2023 -1.2
    endloop
  endfacet
  facet normal -0 0 -1
    outer loop
      vertex 2.75 3.25 -1.2
      vertex 1.75001 3.15 -1.2
      vertex 2.75 27.75 -1.2
    endloop
  endfacet
  facet normal 0 0 -1
    outer loop
      vertex 1.85657 2.61425 -1.2
      vertex 2.81699 3 -1.2
      vertex 1.93757 2.45 -1.2
    endloop
  endfacet
  facet normal 0 0 -1
    outer loop
      vertex 1.75001 27.85 -1.2
      vertex 2.75 27.75 -1.2
      vertex 1.75001 3.15 -1.2
    endloop
  endfacet
  facet normal -0 0 -1
    outer loop
      vertex 2.81699 3 -1.2
      vertex 1.85657 2.61425 -1.2
      vertex 2.78806 3.05865 -1.2
    endloop
  endfacet
  facet normal 0 0 -1
    outer loop
      vertex 2.75427 27.8153 -1.2
      vertex 1.75001 27.85 -1.2
      vertex 1.76198 28.0327 -1.2
    endloop
  endfacet
  facet normal 0 0 -1
    outer loop
      vertex 1.7977 2.78765 -1.2
      vertex 2.78806 3.05865 -1.2
      vertex 1.85657 2.61425 -1.2
    endloop
  endfacet
  facet normal 0 0 -1
    outer loop
      vertex 3 28.183 -1.2
      vertex 2.45 29.0624 -1.2
      vertex 2.61425 29.1434 -1.2
    endloop
  endfacet
  facet normal -0 0 -1
    outer loop
      vertex 2.78806 3.05865 -1.2
      vertex 1.7977 2.78765 -1.2
      vertex 2.76704 3.12059 -1.2
    endloop
  endfacet
  facet normal 0 0 -1
    outer loop
      vertex 2.94562 28.1467 -1.2
      vertex 2.29774 28.9607 -1.2
      vertex 2.45 29.0624 -1.2
    endloop
  endfacet
  facet normal 0 0 -1
    outer loop
      vertex 1.76198 2.96726 -1.2
      vertex 2.76704 3.12059 -1.2
      vertex 1.7977 2.78765 -1.2
    endloop
  endfacet
  facet normal 0 0 -1
    outer loop
      vertex 2.89645 28.1035 -1.2
      vertex 2.16006 28.8399 -1.2
      vertex 2.29774 28.9607 -1.2
    endloop
  endfacet
  facet normal -0 0 -1
    outer loop
      vertex 2.76704 3.12059 -1.2
      vertex 1.76198 2.96726 -1.2
      vertex 2.75427 3.18474 -1.2
    endloop
  endfacet
  facet normal 0 0 -1
    outer loop
      vertex 2.89645 28.1035 -1.2
      vertex 2.03931 28.7023 -1.2
      vertex 2.16006 28.8399 -1.2
    endloop
  endfacet
  facet normal 0 0 -1
    outer loop
      vertex 1.75001 3.15 -1.2
      vertex 2.75427 3.18474 -1.2
      vertex 1.76198 2.96726 -1.2
    endloop
  endfacet
  facet normal 0 0 -1
    outer loop
      vertex 2.85332 28.0544 -1.2
      vertex 1.93757 28.55 -1.2
      vertex 2.03931 28.7023 -1.2
    endloop
  endfacet
  facet normal -0 0 -1
    outer loop
      vertex 2.75427 3.18474 -1.2
      vertex 1.75001 3.15 -1.2
      vertex 2.75 3.25 -1.2
    endloop
  endfacet
  facet normal 0 0 -1
    outer loop
      vertex 2.81699 28 -1.2
      vertex 1.85657 28.3857 -1.2
      vertex 1.93757 28.55 -1.2
    endloop
  endfacet
  facet normal 0 0 -1
    outer loop
      vertex 2.78806 27.9413 -1.2
      vertex 1.7977 28.2123 -1.2
      vertex 1.85657 28.3857 -1.2
    endloop
  endfacet
  facet normal 0 0 -1
    outer loop
      vertex 2.76704 27.8794 -1.2
      vertex 1.76198 28.0327 -1.2
      vertex 1.7977 28.2123 -1.2
    endloop
  endfacet
  facet normal 0.442184 0.896924 -0
    outer loop
      vertex 53.55 29.0624 -1.2
      vertex 53.3857 29.1434 -1.90735e-07
      vertex 53.55 29.0624 -1.90735e-07
    endloop
  endfacet
  facet normal 0.442184 0.896924 0
    outer loop
      vertex 53.3857 29.1434 -1.90735e-07
      vertex 53.55 29.0624 -1.2
      vertex 53.3857 29.1434 -1.2
    endloop
  endfacet
  facet normal 0.321629 0.946866 -0
    outer loop
      vertex 53.3857 29.1434 -1.2
      vertex 53.2123 29.2023 -1.90735e-07
      vertex 53.3857 29.1434 -1.90735e-07
    endloop
  endfacet
  facet normal 0.321629 0.946866 0
    outer loop
      vertex 53.2123 29.2023 -1.90735e-07
      vertex 53.3857 29.1434 -1.2
      vertex 53.2123 29.2023 -1.2
    endloop
  endfacet
  facet normal -0.980792 -0.195055 0
    outer loop
      vertex 1.7977 2.78765 -1.2
      vertex 1.76198 2.96726 -1.90735e-07
      vertex 1.76198 2.96726 -1.2
    endloop
  endfacet
  facet normal -0.980792 -0.195055 0
    outer loop
      vertex 1.76198 2.96726 -1.90735e-07
      vertex 1.7977 2.78765 -1.2
      vertex 1.7977 2.78765 -1.90735e-07
    endloop
  endfacet
  facet normal -0.751818 -0.65937 0
    outer loop
      vertex 2.16006 2.16006 -1.2
      vertex 2.03931 2.29774 -1.90735e-07
      vertex 2.03931 2.29774 -1.2
    endloop
  endfacet
  facet normal -0.751818 -0.65937 0
    outer loop
      vertex 2.03931 2.29774 -1.90735e-07
      vertex 2.16006 2.16006 -1.2
      vertex 2.16006 2.16006 -1.90735e-07
    endloop
  endfacet
  facet normal 0.946866 0.321629 0
    outer loop
      vertex 54.2023 28.2123 -1.90735e-07
      vertex 54.1434 28.3857 -1.2
      vertex 54.1434 28.3857 -1.90735e-07
    endloop
  endfacet
  facet normal 0.946866 0.321629 0
    outer loop
      vertex 54.1434 28.3857 -1.2
      vertex 54.2023 28.2123 -1.90735e-07
      vertex 54.2023 28.2123 -1.2
    endloop
  endfacet
  facet normal -0.321629 0.946866 0
    outer loop
      vertex 2.78765 29.2023 -1.2
      vertex 2.61425 29.1434 -1.90735e-07
      vertex 2.78765 29.2023 -1.90735e-07
    endloop
  endfacet
  facet normal -0.321629 0.946866 0
    outer loop
      vertex 2.61425 29.1434 -1.90735e-07
      vertex 2.78765 29.2023 -1.2
      vertex 2.61425 29.1434 -1.2
    endloop
  endfacet
  facet normal -0.442292 0.896871 0
    outer loop
      vertex 2.61425 29.1434 -1.2
      vertex 2.45 29.0624 -1.90735e-07
      vertex 2.61425 29.1434 -1.90735e-07
    endloop
  endfacet
  facet normal -0.442292 0.896871 0
    outer loop
      vertex 2.45 29.0624 -1.90735e-07
      vertex 2.61425 29.1434 -1.2
      vertex 2.45 29.0624 -1.2
    endloop
  endfacet
  facet normal 0.99785 0.0655402 0
    outer loop
      vertex 54.25 27.85 -1.90735e-07
      vertex 54.238 28.0327 -1.2
      vertex 54.238 28.0327 -1.90735e-07
    endloop
  endfacet
  facet normal 0.99785 0.0655402 0
    outer loop
      vertex 54.238 28.0327 -1.2
      vertex 54.25 27.85 -1.90735e-07
      vertex 54.25 27.85 -1.2
    endloop
  endfacet
  facet normal -0.751628 0.659587 0
    outer loop
      vertex 2.03931 28.7023 -1.2
      vertex 2.16006 28.8399 -1.90735e-07
      vertex 2.16006 28.8399 -1.2
    endloop
  endfacet
  facet normal -0.751628 0.659587 0
    outer loop
      vertex 2.16006 28.8399 -1.90735e-07
      vertex 2.03931 28.7023 -1.2
      vertex 2.03931 28.7023 -1.90735e-07
    endloop
  endfacet
  facet normal 0.659587 -0.751628 0
    outer loop
      vertex 53.7023 2.03931 -1.2
      vertex 53.8399 2.16006 -1.90735e-07
      vertex 53.7023 2.03931 -1.90735e-07
    endloop
  endfacet
  facet normal 0.659587 -0.751628 0
    outer loop
      vertex 53.8399 2.16006 -1.90735e-07
      vertex 53.7023 2.03931 -1.2
      vertex 53.8399 2.16006 -1.2
    endloop
  endfacet
  facet normal 0.896871 -0.442292 0
    outer loop
      vertex 54.0624 2.45 -1.90735e-07
      vertex 54.1434 2.61425 -1.2
      vertex 54.1434 2.61425 -1.90735e-07
    endloop
  endfacet
  facet normal 0.896871 -0.442292 0
    outer loop
      vertex 54.1434 2.61425 -1.2
      vertex 54.0624 2.45 -1.90735e-07
      vertex 54.0624 2.45 -1.2
    endloop
  endfacet
  facet normal 0.0655402 0.99785 -0
    outer loop
      vertex 53.0327 29.238 -1.2
      vertex 52.85 29.25 -1.90735e-07
      vertex 53.0327 29.238 -1.90735e-07
    endloop
  endfacet
  facet normal 0.0655402 0.99785 0
    outer loop
      vertex 52.85 29.25 -1.90735e-07
      vertex 53.0327 29.238 -1.2
      vertex 52.85 29.25 -1.2
    endloop
  endfacet
  facet normal 0.751493 0.659741 0
    outer loop
      vertex 53.9607 28.7023 -1.90735e-07
      vertex 53.8399 28.8399 -1.2
      vertex 53.8399 28.8399 -1.90735e-07
    endloop
  endfacet
  facet normal 0.751493 0.659741 0
    outer loop
      vertex 53.8399 28.8399 -1.2
      vertex 53.9607 28.7023 -1.90735e-07
      vertex 53.9607 28.7023 -1.2
    endloop
  endfacet
  facet normal 0.896924 0.442184 0
    outer loop
      vertex 54.1434 28.3857 -1.90735e-07
      vertex 54.0624 28.55 -1.2
      vertex 54.0624 28.55 -1.90735e-07
    endloop
  endfacet
  facet normal 0.896924 0.442184 0
    outer loop
      vertex 54.0624 28.55 -1.2
      vertex 54.1434 28.3857 -1.90735e-07
      vertex 54.1434 28.3857 -1.2
    endloop
  endfacet
  facet normal 0.751683 -0.659524 0
    outer loop
      vertex 53.8399 2.16006 -1.90735e-07
      vertex 53.9607 2.29774 -1.2
      vertex 53.9607 2.29774 -1.90735e-07
    endloop
  endfacet
  facet normal 0.751683 -0.659524 0
    outer loop
      vertex 53.9607 2.29774 -1.2
      vertex 53.8399 2.16006 -1.90735e-07
      vertex 53.8399 2.16006 -1.2
    endloop
  endfacet
  facet normal -0.831462 -0.555582 0
    outer loop
      vertex 2.03931 2.29774 -1.2
      vertex 1.93757 2.45 -1.90735e-07
      vertex 1.93757 2.45 -1.2
    endloop
  endfacet
  facet normal -0.831462 -0.555582 0
    outer loop
      vertex 1.93757 2.45 -1.90735e-07
      vertex 2.03931 2.29774 -1.2
      vertex 2.03931 2.29774 -1.90735e-07
    endloop
  endfacet
  facet normal 0.659741 0.751493 -0
    outer loop
      vertex 53.8399 28.8399 -1.2
      vertex 53.7023 28.9607 -1.90735e-07
      vertex 53.8399 28.8399 -1.90735e-07
    endloop
  endfacet
  facet normal 0.659741 0.751493 0
    outer loop
      vertex 53.7023 28.9607 -1.90735e-07
      vertex 53.8399 28.8399 -1.2
      vertex 53.7023 28.9607 -1.2
    endloop
  endfacet
  facet normal 0.55533 0.83163 -0
    outer loop
      vertex 53.7023 28.9607 -1.2
      vertex 53.55 29.0624 -1.90735e-07
      vertex 53.7023 28.9607 -1.90735e-07
    endloop
  endfacet
  facet normal 0.55533 0.83163 0
    outer loop
      vertex 53.55 29.0624 -1.90735e-07
      vertex 53.7023 28.9607 -1.2
      vertex 53.55 29.0624 -1.2
    endloop
  endfacet
  facet normal -0.946521 -0.322643 0
    outer loop
      vertex 53.233 27.8794 -1.2
      vertex 53.2119 27.9413 -1.90735e-07
      vertex 53.2119 27.9413 -1.2
    endloop
  endfacet
  facet normal -0.946521 -0.322643 0
    outer loop
      vertex 53.2119 27.9413 -1.90735e-07
      vertex 53.233 27.8794 -1.2
      vertex 53.233 27.8794 -1.90735e-07
    endloop
  endfacet
  facet normal -0.0652511 0.997869 0
    outer loop
      vertex 52.8153 2.75427 -1.2
      vertex 52.75 2.75 -1.90735e-07
      vertex 52.8153 2.75427 -1.90735e-07
    endloop
  endfacet
  facet normal -0.0652511 0.997869 0
    outer loop
      vertex 52.75 2.75 -1.90735e-07
      vertex 52.8153 2.75427 -1.2
      vertex 52.75 2.75 -1.2
    endloop
  endfacet
  facet normal 0.32136 0.946957 -0
    outer loop
      vertex 3.12059 2.76704 -1.2
      vertex 3.05865 2.78806 -1.90735e-07
      vertex 3.12059 2.76704 -1.90735e-07
    endloop
  endfacet
  facet normal 0.32136 0.946957 0
    outer loop
      vertex 3.05865 2.78806 -1.90735e-07
      vertex 3.12059 2.76704 -1.2
      vertex 3.05865 2.78806 -1.2
    endloop
  endfacet
  facet normal -0.750774 -0.660559 0
    outer loop
      vertex 53.1467 28.0544 -1.2
      vertex 53.1035 28.1035 -1.90735e-07
      vertex 53.1035 28.1035 -1.2
    endloop
  endfacet
  facet normal -0.750774 -0.660559 0
    outer loop
      vertex 53.1035 28.1035 -1.90735e-07
      vertex 53.1467 28.0544 -1.2
      vertex 53.1467 28.0544 -1.90735e-07
    endloop
  endfacet
  facet normal 1 -0 0
    outer loop
      vertex 2.75 3.25 -1.90735e-07
      vertex 2.75 27.75 -1.2
      vertex 2.75 27.75 -1.90735e-07
    endloop
  endfacet
  facet normal 1 0 0
    outer loop
      vertex 2.75 27.75 -1.2
      vertex 2.75 3.25 -1.90735e-07
      vertex 2.75 3.25 -1.2
    endloop
  endfacet
  facet normal 0.442006 -0.897012 0
    outer loop
      vertex 3 28.183 -1.2
      vertex 3.05865 28.2119 -1.90735e-07
      vertex 3 28.183 -1.90735e-07
    endloop
  endfacet
  facet normal 0.442006 -0.897012 0
    outer loop
      vertex 3.05865 28.2119 -1.90735e-07
      vertex 3 28.183 -1.2
      vertex 3.05865 28.2119 -1.2
    endloop
  endfacet
  facet normal 0.065291 0.997866 -0
    outer loop
      vertex 3.25 2.75 -1.2
      vertex 3.18474 2.75427 -1.90735e-07
      vertex 3.25 2.75 -1.90735e-07
    endloop
  endfacet
  facet normal 0.065291 0.997866 0
    outer loop
      vertex 3.18474 2.75427 -1.90735e-07
      vertex 3.25 2.75 -1.2
      vertex 3.18474 2.75427 -1.2
    endloop
  endfacet
  facet normal 0.831509 0.555512 0
    outer loop
      vertex 2.85332 2.94562 -1.90735e-07
      vertex 2.81699 3 -1.2
      vertex 2.81699 3 -1.90735e-07
    endloop
  endfacet
  facet normal 0.831509 0.555512 0
    outer loop
      vertex 2.81699 3 -1.2
      vertex 2.85332 2.94562 -1.90735e-07
      vertex 2.85332 2.94562 -1.2
    endloop
  endfacet
  facet normal 0.751771 0.659424 0
    outer loop
      vertex 2.89645 2.89645 -1.90735e-07
      vertex 2.85332 2.94562 -1.2
      vertex 2.85332 2.94562 -1.90735e-07
    endloop
  endfacet
  facet normal 0.751771 0.659424 0
    outer loop
      vertex 2.85332 2.94562 -1.2
      vertex 2.89645 2.89645 -1.90735e-07
      vertex 2.89645 2.89645 -1.2
    endloop
  endfacet
  facet normal 0.442375 0.89683 -0
    outer loop
      vertex 3.05865 2.78806 -1.2
      vertex 3 2.81699 -1.90735e-07
      vertex 3.05865 2.78806 -1.90735e-07
    endloop
  endfacet
  facet normal 0.442375 0.89683 0
    outer loop
      vertex 3 2.81699 -1.90735e-07
      vertex 3.05865 2.78806 -1.2
      vertex 3 2.81699 -1.2
    endloop
  endfacet
  facet normal 0.322456 -0.946584 0
    outer loop
      vertex 3.05865 28.2119 -1.2
      vertex 3.12059 28.233 -1.90735e-07
      vertex 3.05865 28.2119 -1.90735e-07
    endloop
  endfacet
  facet normal 0.322456 -0.946584 0
    outer loop
      vertex 3.12059 28.233 -1.90735e-07
      vertex 3.05865 28.2119 -1.2
      vertex 3.12059 28.233 -1.2
    endloop
  endfacet
  facet normal 0 1 -0
    outer loop
      vertex 52.75 2.75 -1.2
      vertex 3.25 2.75 -1.90735e-07
      vertex 52.75 2.75 -1.90735e-07
    endloop
  endfacet
  facet normal 0 1 0
    outer loop
      vertex 3.25 2.75 -1.90735e-07
      vertex 52.75 2.75 -1.2
      vertex 3.25 2.75 -1.2
    endloop
  endfacet
  facet normal -1 0 0
    outer loop
      vertex 53.25 3.25 -1.2
      vertex 53.25 27.75 -1.90735e-07
      vertex 53.25 27.75 -1.2
    endloop
  endfacet
  facet normal -1 -0 0
    outer loop
      vertex 53.25 27.75 -1.90735e-07
      vertex 53.25 3.25 -1.2
      vertex 53.25 3.25 -1.90735e-07
    endloop
  endfacet
  facet normal 0.946894 -0.321546 0
    outer loop
      vertex 2.76704 27.8794 -1.90735e-07
      vertex 2.78806 27.9413 -1.2
      vertex 2.78806 27.9413 -1.90735e-07
    endloop
  endfacet
  facet normal 0.946894 -0.321546 0
    outer loop
      vertex 2.78806 27.9413 -1.2
      vertex 2.76704 27.8794 -1.90735e-07
      vertex 2.76704 27.8794 -1.2
    endloop
  endfacet
  facet normal 0 -1 0
    outer loop
      vertex 3.25 28.25 -1.2
      vertex 52.75 28.25 -1.90735e-07
      vertex 3.25 28.25 -1.90735e-07
    endloop
  endfacet
  facet normal 0 -1 -0
    outer loop
      vertex 52.75 28.25 -1.90735e-07
      vertex 3.25 28.25 -1.2
      vertex 52.75 28.25 -1.2
    endloop
  endfacet
  facet normal 0.195234 0.980757 -0
    outer loop
      vertex 3.18474 2.75427 -1.2
      vertex 3.12059 2.76704 -1.90735e-07
      vertex 3.18474 2.75427 -1.90735e-07
    endloop
  endfacet
  facet normal 0.195234 0.980757 0
    outer loop
      vertex 3.12059 2.76704 -1.90735e-07
      vertex 3.18474 2.75427 -1.2
      vertex 3.12059 2.76704 -1.2
    endloop
  endfacet
  facet normal -0.0657076 -0.997839 0
    outer loop
      vertex 52.75 28.25 -1.2
      vertex 52.8153 28.2457 -1.90735e-07
      vertex 52.75 28.25 -1.90735e-07
    endloop
  endfacet
  facet normal -0.0657076 -0.997839 -0
    outer loop
      vertex 52.8153 28.2457 -1.90735e-07
      vertex 52.75 28.25 -1.2
      vertex 52.8153 28.2457 -1.2
    endloop
  endfacet
  facet normal -0.19435 -0.980932 0
    outer loop
      vertex 52.8153 28.2457 -1.2
      vertex 52.8794 28.233 -1.90735e-07
      vertex 52.8153 28.2457 -1.90735e-07
    endloop
  endfacet
  facet normal -0.19435 -0.980932 -0
    outer loop
      vertex 52.8794 28.233 -1.90735e-07
      vertex 52.8153 28.2457 -1.2
      vertex 52.8794 28.233 -1.2
    endloop
  endfacet
  facet normal 0.89698 -0.442072 0
    outer loop
      vertex 2.78806 27.9413 -1.90735e-07
      vertex 2.81699 28 -1.2
      vertex 2.81699 28 -1.90735e-07
    endloop
  endfacet
  facet normal 0.89698 -0.442072 0
    outer loop
      vertex 2.81699 28 -1.2
      vertex 2.78806 27.9413 -1.90735e-07
      vertex 2.78806 27.9413 -1.2
    endloop
  endfacet
  facet normal 0.0657477 -0.997836 0
    outer loop
      vertex 3.18474 28.2457 -1.2
      vertex 3.25 28.25 -1.90735e-07
      vertex 3.18474 28.2457 -1.90735e-07
    endloop
  endfacet
  facet normal 0.0657477 -0.997836 0
    outer loop
      vertex 3.25 28.25 -1.90735e-07
      vertex 3.18474 28.2457 -1.2
      vertex 3.25 28.25 -1.2
    endloop
  endfacet
  facet normal 0.555194 -0.831721 0
    outer loop
      vertex 2.94562 28.1467 -1.2
      vertex 3 28.183 -1.90735e-07
      vertex 2.94562 28.1467 -1.90735e-07
    endloop
  endfacet
  facet normal 0.555194 -0.831721 0
    outer loop
      vertex 3 28.183 -1.90735e-07
      vertex 2.94562 28.1467 -1.2
      vertex 3 28.183 -1.2
    endloop
  endfacet
  facet normal 0.194204 -0.980961 0
    outer loop
      vertex 3.12059 28.233 -1.2
      vertex 3.18474 28.2457 -1.90735e-07
      vertex 3.12059 28.233 -1.90735e-07
    endloop
  endfacet
  facet normal 0.194204 -0.980961 0
    outer loop
      vertex 3.18474 28.2457 -1.90735e-07
      vertex 3.12059 28.233 -1.2
      vertex 3.18474 28.2457 -1.2
    endloop
  endfacet
  facet normal -0.997839 -0.0657076 0
    outer loop
      vertex 53.25 27.75 -1.2
      vertex 53.2457 27.8153 -1.90735e-07
      vertex 53.2457 27.8153 -1.2
    endloop
  endfacet
  facet normal -0.997839 -0.0657076 0
    outer loop
      vertex 53.2457 27.8153 -1.90735e-07
      vertex 53.25 27.75 -1.2
      vertex 53.25 27.75 -1.90735e-07
    endloop
  endfacet
  facet normal 0.997869 -0.0652511 0
    outer loop
      vertex 2.75 27.75 -1.90735e-07
      vertex 2.75427 27.8153 -1.2
      vertex 2.75427 27.8153 -1.90735e-07
    endloop
  endfacet
  facet normal 0.997869 -0.0652511 0
    outer loop
      vertex 2.75427 27.8153 -1.2
      vertex 2.75 27.75 -1.90735e-07
      vertex 2.75 27.75 -1.2
    endloop
  endfacet
  facet normal -0.322643 -0.946521 0
    outer loop
      vertex 52.8794 28.233 -1.2
      vertex 52.9413 28.2119 -1.90735e-07
      vertex 52.8794 28.233 -1.90735e-07
    endloop
  endfacet
  facet normal -0.322643 -0.946521 -0
    outer loop
      vertex 52.9413 28.2119 -1.90735e-07
      vertex 52.8794 28.233 -1.2
      vertex 52.9413 28.2119 -1.2
    endloop
  endfacet
  facet normal -0.751241 0.660028 0
    outer loop
      vertex 53.1035 2.89645 -1.2
      vertex 53.1467 2.94562 -1.90735e-07
      vertex 53.1467 2.94562 -1.2
    endloop
  endfacet
  facet normal -0.751241 0.660028 0
    outer loop
      vertex 53.1467 2.94562 -1.90735e-07
      vertex 53.1035 2.89645 -1.2
      vertex 53.1035 2.89645 -1.90735e-07
    endloop
  endfacet
  facet normal -0.660559 -0.750774 0
    outer loop
      vertex 53.0544 28.1467 -1.2
      vertex 53.1035 28.1035 -1.90735e-07
      vertex 53.0544 28.1467 -1.90735e-07
    endloop
  endfacet
  facet normal -0.660559 -0.750774 -0
    outer loop
      vertex 53.1035 28.1035 -1.90735e-07
      vertex 53.0544 28.1467 -1.2
      vertex 53.1035 28.1035 -1.2
    endloop
  endfacet
  facet normal -0.441703 -0.897161 0
    outer loop
      vertex 52.9413 28.2119 -1.2
      vertex 53 28.183 -1.90735e-07
      vertex 52.9413 28.2119 -1.90735e-07
    endloop
  endfacet
  facet normal -0.441703 -0.897161 -0
    outer loop
      vertex 53 28.183 -1.90735e-07
      vertex 52.9413 28.2119 -1.2
      vertex 53 28.183 -1.2
    endloop
  endfacet
  facet normal -0.897161 -0.441703 0
    outer loop
      vertex 53.2119 27.9413 -1.2
      vertex 53.183 28 -1.90735e-07
      vertex 53.183 28 -1.2
    endloop
  endfacet
  facet normal -0.897161 -0.441703 0
    outer loop
      vertex 53.183 28 -1.90735e-07
      vertex 53.2119 27.9413 -1.2
      vertex 53.2119 27.9413 -1.90735e-07
    endloop
  endfacet
  facet normal 0.831603 -0.55537 0
    outer loop
      vertex 2.81699 28 -1.90735e-07
      vertex 2.85332 28.0544 -1.2
      vertex 2.85332 28.0544 -1.90735e-07
    endloop
  endfacet
  facet normal 0.831603 -0.55537 0
    outer loop
      vertex 2.85332 28.0544 -1.2
      vertex 2.81699 28 -1.90735e-07
      vertex 2.81699 28 -1.2
    endloop
  endfacet
  facet normal 0.555512 0.831509 -0
    outer loop
      vertex 3 2.81699 -1.2
      vertex 2.94562 2.85332 -1.90735e-07
      vertex 3 2.81699 -1.90735e-07
    endloop
  endfacet
  facet normal 0.555512 0.831509 0
    outer loop
      vertex 2.94562 2.85332 -1.90735e-07
      vertex 3 2.81699 -1.2
      vertex 2.94562 2.85332 -1.2
    endloop
  endfacet
  facet normal 0.980728 -0.195381 0
    outer loop
      vertex 2.75427 27.8153 -1.90735e-07
      vertex 2.76704 27.8794 -1.2
      vertex 2.76704 27.8794 -1.90735e-07
    endloop
  endfacet
  facet normal 0.980728 -0.195381 0
    outer loop
      vertex 2.76704 27.8794 -1.2
      vertex 2.75427 27.8153 -1.90735e-07
      vertex 2.75427 27.8153 -1.2
    endloop
  endfacet
  facet normal 0.946957 0.32136 0
    outer loop
      vertex 2.78806 3.05865 -1.90735e-07
      vertex 2.76704 3.12059 -1.2
      vertex 2.76704 3.12059 -1.90735e-07
    endloop
  endfacet
  facet normal 0.946957 0.32136 0
    outer loop
      vertex 2.76704 3.12059 -1.2
      vertex 2.78806 3.05865 -1.90735e-07
      vertex 2.78806 3.05865 -1.2
    endloop
  endfacet
  facet normal 0.751305 -0.659955 0
    outer loop
      vertex 2.85332 28.0544 -1.90735e-07
      vertex 2.89645 28.1035 -1.2
      vertex 2.89645 28.1035 -1.90735e-07
    endloop
  endfacet
  facet normal 0.751305 -0.659955 0
    outer loop
      vertex 2.89645 28.1035 -1.2
      vertex 2.85332 28.0544 -1.90735e-07
      vertex 2.85332 28.0544 -1.2
    endloop
  endfacet
  facet normal 0.659424 0.751771 -0
    outer loop
      vertex 2.94562 2.85332 -1.2
      vertex 2.89645 2.89645 -1.90735e-07
      vertex 2.94562 2.85332 -1.90735e-07
    endloop
  endfacet
  facet normal 0.659424 0.751771 0
    outer loop
      vertex 2.89645 2.89645 -1.90735e-07
      vertex 2.94562 2.85332 -1.2
      vertex 2.89645 2.89645 -1.2
    endloop
  endfacet
  facet normal -0.831815 -0.555053 0
    outer loop
      vertex 53.183 28 -1.2
      vertex 53.1467 28.0544 -1.90735e-07
      vertex 53.1467 28.0544 -1.2
    endloop
  endfacet
  facet normal -0.831815 -0.555053 0
    outer loop
      vertex 53.1467 28.0544 -1.90735e-07
      vertex 53.183 28 -1.2
      vertex 53.183 28 -1.90735e-07
    endloop
  endfacet
  facet normal -0.321546 0.946894 0
    outer loop
      vertex 52.9413 2.78806 -1.2
      vertex 52.8794 2.76704 -1.90735e-07
      vertex 52.9413 2.78806 -1.90735e-07
    endloop
  endfacet
  facet normal -0.321546 0.946894 0
    outer loop
      vertex 52.8794 2.76704 -1.90735e-07
      vertex 52.9413 2.78806 -1.2
      vertex 52.8794 2.76704 -1.2
    endloop
  endfacet
  facet normal -0.55537 0.831603 0
    outer loop
      vertex 53.0544 2.85332 -1.2
      vertex 53 2.81699 -1.90735e-07
      vertex 53.0544 2.85332 -1.90735e-07
    endloop
  endfacet
  facet normal -0.55537 0.831603 0
    outer loop
      vertex 53 2.81699 -1.90735e-07
      vertex 53.0544 2.85332 -1.2
      vertex 53 2.81699 -1.2
    endloop
  endfacet
  facet normal 0.660028 -0.751241 0
    outer loop
      vertex 2.89645 28.1035 -1.2
      vertex 2.94562 28.1467 -1.90735e-07
      vertex 2.89645 28.1035 -1.90735e-07
    endloop
  endfacet
  facet normal 0.660028 -0.751241 0
    outer loop
      vertex 2.94562 28.1467 -1.90735e-07
      vertex 2.89645 28.1035 -1.2
      vertex 2.94562 28.1467 -1.2
    endloop
  endfacet
  facet normal 0.997866 0.065291 0
    outer loop
      vertex 2.75427 3.18474 -1.90735e-07
      vertex 2.75 3.25 -1.2
      vertex 2.75 3.25 -1.90735e-07
    endloop
  endfacet
  facet normal 0.997866 0.065291 0
    outer loop
      vertex 2.75 3.25 -1.2
      vertex 2.75427 3.18474 -1.90735e-07
      vertex 2.75427 3.18474 -1.2
    endloop
  endfacet
  facet normal -0.997836 0.0657477 0
    outer loop
      vertex 53.2457 3.18474 -1.2
      vertex 53.25 3.25 -1.90735e-07
      vertex 53.25 3.25 -1.2
    endloop
  endfacet
  facet normal -0.997836 0.0657477 0
    outer loop
      vertex 53.25 3.25 -1.90735e-07
      vertex 53.2457 3.18474 -1.2
      vertex 53.2457 3.18474 -1.90735e-07
    endloop
  endfacet
  facet normal -0.980961 0.194204 0
    outer loop
      vertex 53.233 3.12059 -1.2
      vertex 53.2457 3.18474 -1.90735e-07
      vertex 53.2457 3.18474 -1.2
    endloop
  endfacet
  facet normal -0.980961 0.194204 0
    outer loop
      vertex 53.2457 3.18474 -1.90735e-07
      vertex 53.233 3.12059 -1.2
      vertex 53.233 3.12059 -1.90735e-07
    endloop
  endfacet
  facet normal 0.980757 0.195234 0
    outer loop
      vertex 2.76704 3.12059 -1.90735e-07
      vertex 2.75427 3.18474 -1.2
      vertex 2.75427 3.18474 -1.90735e-07
    endloop
  endfacet
  facet normal 0.980757 0.195234 0
    outer loop
      vertex 2.75427 3.18474 -1.2
      vertex 2.76704 3.12059 -1.90735e-07
      vertex 2.76704 3.12059 -1.2
    endloop
  endfacet
  facet normal 0.89683 0.442375 0
    outer loop
      vertex 2.81699 3 -1.90735e-07
      vertex 2.78806 3.05865 -1.2
      vertex 2.78806 3.05865 -1.90735e-07
    endloop
  endfacet
  facet normal 0.89683 0.442375 0
    outer loop
      vertex 2.78806 3.05865 -1.2
      vertex 2.81699 3 -1.90735e-07
      vertex 2.81699 3 -1.2
    endloop
  endfacet
  facet normal -0.555053 -0.831815 0
    outer loop
      vertex 53 28.183 -1.2
      vertex 53.0544 28.1467 -1.90735e-07
      vertex 53 28.183 -1.90735e-07
    endloop
  endfacet
  facet normal -0.555053 -0.831815 -0
    outer loop
      vertex 53.0544 28.1467 -1.90735e-07
      vertex 53 28.183 -1.2
      vertex 53.0544 28.1467 -1.2
    endloop
  endfacet
  facet normal -0.946584 0.322456 0
    outer loop
      vertex 53.2119 3.05865 -1.2
      vertex 53.233 3.12059 -1.90735e-07
      vertex 53.233 3.12059 -1.2
    endloop
  endfacet
  facet normal -0.946584 0.322456 0
    outer loop
      vertex 53.233 3.12059 -1.90735e-07
      vertex 53.2119 3.05865 -1.2
      vertex 53.2119 3.05865 -1.90735e-07
    endloop
  endfacet
  facet normal -0.195381 0.980728 0
    outer loop
      vertex 52.8794 2.76704 -1.2
      vertex 52.8153 2.75427 -1.90735e-07
      vertex 52.8794 2.76704 -1.90735e-07
    endloop
  endfacet
  facet normal -0.195381 0.980728 0
    outer loop
      vertex 52.8153 2.75427 -1.90735e-07
      vertex 52.8794 2.76704 -1.2
      vertex 52.8153 2.75427 -1.2
    endloop
  endfacet
  facet normal -0.659955 0.751305 0
    outer loop
      vertex 53.1035 2.89645 -1.2
      vertex 53.0544 2.85332 -1.90735e-07
      vertex 53.1035 2.89645 -1.90735e-07
    endloop
  endfacet
  facet normal -0.659955 0.751305 0
    outer loop
      vertex 53.0544 2.85332 -1.90735e-07
      vertex 53.1035 2.89645 -1.2
      vertex 53.0544 2.85332 -1.2
    endloop
  endfacet
  facet normal -0.980932 -0.19435 0
    outer loop
      vertex 53.2457 27.8153 -1.2
      vertex 53.233 27.8794 -1.90735e-07
      vertex 53.233 27.8794 -1.2
    endloop
  endfacet
  facet normal -0.980932 -0.19435 0
    outer loop
      vertex 53.233 27.8794 -1.90735e-07
      vertex 53.2457 27.8153 -1.2
      vertex 53.2457 27.8153 -1.90735e-07
    endloop
  endfacet
  facet normal -0.831721 0.555194 0
    outer loop
      vertex 53.1467 2.94562 -1.2
      vertex 53.183 3 -1.90735e-07
      vertex 53.183 3 -1.2
    endloop
  endfacet
  facet normal -0.831721 0.555194 0
    outer loop
      vertex 53.183 3 -1.90735e-07
      vertex 53.1467 2.94562 -1.2
      vertex 53.1467 2.94562 -1.90735e-07
    endloop
  endfacet
  facet normal -0.897012 0.442006 0
    outer loop
      vertex 53.183 3 -1.2
      vertex 53.2119 3.05865 -1.90735e-07
      vertex 53.2119 3.05865 -1.2
    endloop
  endfacet
  facet normal -0.897012 0.442006 0
    outer loop
      vertex 53.2119 3.05865 -1.90735e-07
      vertex 53.183 3 -1.2
      vertex 53.183 3 -1.90735e-07
    endloop
  endfacet
  facet normal -0.442072 0.89698 0
    outer loop
      vertex 53 2.81699 -1.2
      vertex 52.9413 2.78806 -1.90735e-07
      vertex 53 2.81699 -1.90735e-07
    endloop
  endfacet
  facet normal -0.442072 0.89698 0
    outer loop
      vertex 52.9413 2.78806 -1.90735e-07
      vertex 53 2.81699 -1.2
      vertex 52.9413 2.78806 -1.2
    endloop
  endfacet
  facet normal 0.321446 -0.946928 0
    outer loop
      vertex 53.7765 0.102219 0
      vertex 54.1481 0.228363 2.6
      vertex 53.7765 0.102219 2.6
    endloop
  endfacet
  facet normal 0.321446 -0.946928 0
    outer loop
      vertex 54.1481 0.228363 2.6
      vertex 53.7765 0.102219 0
      vertex 54.1481 0.228363 0
    endloop
  endfacet
  facet normal 0 -1 0
    outer loop
      vertex 3 0 0
      vertex 53 0 2.6
      vertex 3 0 2.6
    endloop
  endfacet
  facet normal 0 -1 -0
    outer loop
      vertex 53 0 2.6
      vertex 3 0 0
      vertex 53 0 0
    endloop
  endfacet
  facet normal 0.195072 -0.980789 0
    outer loop
      vertex 53.3916 0.0256653 0
      vertex 53.7765 0.102219 2.6
      vertex 53.3916 0.0256653 2.6
    endloop
  endfacet
  facet normal 0.195072 -0.980789 0
    outer loop
      vertex 53.7765 0.102219 2.6
      vertex 53.3916 0.0256653 0
      vertex 53.7765 0.102219 0
    endloop
  endfacet
  facet normal 0.751724 0.659478 0
    outer loop
      vertex 55.3801 29.8263 2.6
      vertex 55.1213 30.1213 0
      vertex 55.1213 30.1213 2.6
    endloop
  endfacet
  facet normal 0.751724 0.659478 0
    outer loop
      vertex 55.1213 30.1213 0
      vertex 55.3801 29.8263 2.6
      vertex 55.3801 29.8263 0
    endloop
  endfacet
  facet normal 0.0654873 0.997853 -0
    outer loop
      vertex 53.3916 30.9743 0
      vertex 53 31 2.6
      vertex 53.3916 30.9743 2.6
    endloop
  endfacet
  facet normal 0.0654873 0.997853 0
    outer loop
      vertex 53 31 2.6
      vertex 53.3916 30.9743 0
      vertex 53 31 0
    endloop
  endfacet
  facet normal 0.0653993 -0.997859 0
    outer loop
      vertex 53 0 0
      vertex 53.3916 0.0256653 2.6
      vertex 53 0 2.6
    endloop
  endfacet
  facet normal 0.0653993 -0.997859 0
    outer loop
      vertex 53.3916 0.0256653 2.6
      vertex 53 0 0
      vertex 53.3916 0.0256653 0
    endloop
  endfacet
  facet normal -0.896876 -0.442281 0
    outer loop
      vertex 0.401917 1.5 0
      vertex 0.228363 1.85194 2.6
      vertex 0.228363 1.85194 0
    endloop
  endfacet
  facet normal -0.896876 -0.442281 0
    outer loop
      vertex 0.228363 1.85194 2.6
      vertex 0.401917 1.5 0
      vertex 0.401917 1.5 2.6
    endloop
  endfacet
  facet normal -0.0654043 -0.997859 0
    outer loop
      vertex 2.60843 0.0256653 0
      vertex 3 0 2.6
      vertex 2.60843 0.0256653 2.6
    endloop
  endfacet
  facet normal -0.0654043 -0.997859 -0
    outer loop
      vertex 3 0 2.6
      vertex 2.60843 0.0256653 0
      vertex 3 0 0
    endloop
  endfacet
  facet normal -0.321446 -0.946928 0
    outer loop
      vertex 1.85194 0.228363 0
      vertex 2.22354 0.102219 2.6
      vertex 1.85194 0.228363 2.6
    endloop
  endfacet
  facet normal -0.321446 -0.946928 -0
    outer loop
      vertex 2.22354 0.102219 2.6
      vertex 1.85194 0.228363 0
      vertex 2.22354 0.102219 0
    endloop
  endfacet
  facet normal -0.659424 0.751771 0
    outer loop
      vertex 1.17372 30.3801 0
      vertex 0.878677 30.1213 2.6
      vertex 1.17372 30.3801 2.6
    endloop
  endfacet
  facet normal -0.659424 0.751771 0
    outer loop
      vertex 0.878677 30.1213 2.6
      vertex 1.17372 30.3801 0
      vertex 0.878677 30.1213 0
    endloop
  endfacet
  facet normal -0.896856 0.442322 0
    outer loop
      vertex 0.228363 29.1481 0
      vertex 0.401917 29.5 2.6
      vertex 0.401917 29.5 0
    endloop
  endfacet
  facet normal -0.896856 0.442322 0
    outer loop
      vertex 0.401917 29.5 2.6
      vertex 0.228363 29.1481 0
      vertex 0.228363 29.1481 2.6
    endloop
  endfacet
  facet normal -0.442171 0.896931 0
    outer loop
      vertex 1.85194 30.7716 0
      vertex 1.5 30.5981 2.6
      vertex 1.85194 30.7716 2.6
    endloop
  endfacet
  facet normal -0.442171 0.896931 0
    outer loop
      vertex 1.5 30.5981 2.6
      vertex 1.85194 30.7716 0
      vertex 1.5 30.5981 0
    endloop
  endfacet
  facet normal 1 -0 0
    outer loop
      vertex 56 3 2.6
      vertex 56 28 0
      vertex 56 28 2.6
    endloop
  endfacet
  facet normal 1 0 0
    outer loop
      vertex 56 28 0
      vertex 56 3 2.6
      vertex 56 3 0
    endloop
  endfacet
  facet normal -1 0 0
    outer loop
      vertex 0 3 0
      vertex 0 28 2.6
      vertex 0 28 0
    endloop
  endfacet
  facet normal -1 -0 0
    outer loop
      vertex 0 28 2.6
      vertex 0 3 0
      vertex 0 3 2.6
    endloop
  endfacet
  facet normal -0.0654923 0.997853 0
    outer loop
      vertex 3 31 0
      vertex 2.60843 30.9743 2.6
      vertex 3 31 2.6
    endloop
  endfacet
  facet normal -0.0654923 0.997853 0
    outer loop
      vertex 2.60843 30.9743 2.6
      vertex 3 31 0
      vertex 2.60843 30.9743 0
    endloop
  endfacet
  facet normal 0.321574 0.946885 -0
    outer loop
      vertex 54.1481 30.7716 0
      vertex 53.7765 30.8978 2.6
      vertex 54.1481 30.7716 2.6
    endloop
  endfacet
  facet normal 0.321574 0.946885 0
    outer loop
      vertex 53.7765 30.8978 2.6
      vertex 54.1481 30.7716 0
      vertex 53.7765 30.8978 0
    endloop
  endfacet
  facet normal -0.659342 -0.751843 0
    outer loop
      vertex 0.878677 0.878677 0
      vertex 1.17372 0.619934 2.6
      vertex 0.878677 0.878677 2.6
    endloop
  endfacet
  facet normal -0.659342 -0.751843 -0
    outer loop
      vertex 1.17372 0.619934 2.6
      vertex 0.878677 0.878677 0
      vertex 1.17372 0.619934 0
    endloop
  endfacet
  facet normal -0.946928 0.321446 0
    outer loop
      vertex 0.102219 28.7765 0
      vertex 0.228363 29.1481 2.6
      vertex 0.228363 29.1481 0
    endloop
  endfacet
  facet normal -0.946928 0.321446 0
    outer loop
      vertex 0.228363 29.1481 2.6
      vertex 0.102219 28.7765 0
      vertex 0.102219 28.7765 2.6
    endloop
  endfacet
  facet normal -0.195076 -0.980788 0
    outer loop
      vertex 2.22354 0.102219 0
      vertex 2.60843 0.0256653 2.6
      vertex 2.22354 0.102219 2.6
    endloop
  endfacet
  facet normal -0.195076 -0.980788 -0
    outer loop
      vertex 2.60843 0.0256653 2.6
      vertex 2.22354 0.102219 0
      vertex 2.60843 0.0256653 0
    endloop
  endfacet
  facet normal -0.751796 0.659396 0
    outer loop
      vertex 0.619934 29.8263 0
      vertex 0.878677 30.1213 2.6
      vertex 0.878677 30.1213 0
    endloop
  endfacet
  facet normal -0.751796 0.659396 0
    outer loop
      vertex 0.878677 30.1213 2.6
      vertex 0.619934 29.8263 0
      vertex 0.619934 29.8263 2.6
    endloop
  endfacet
  facet normal 0.980814 -0.194945 0
    outer loop
      vertex 55.8978 2.22354 2.6
      vertex 55.9743 2.60843 0
      vertex 55.9743 2.60843 2.6
    endloop
  endfacet
  facet normal 0.980814 -0.194945 0
    outer loop
      vertex 55.9743 2.60843 0
      vertex 55.8978 2.22354 2.6
      vertex 55.8978 2.22354 0
    endloop
  endfacet
  facet normal -0.442281 -0.896876 0
    outer loop
      vertex 1.5 0.401917 0
      vertex 1.85194 0.228363 2.6
      vertex 1.5 0.401917 2.6
    endloop
  endfacet
  facet normal -0.442281 -0.896876 -0
    outer loop
      vertex 1.85194 0.228363 2.6
      vertex 1.5 0.401917 0
      vertex 1.85194 0.228363 0
    endloop
  endfacet
  facet normal 0 1 -0
    outer loop
      vertex 53 31 0
      vertex 3 31 2.6
      vertex 53 31 2.6
    endloop
  endfacet
  facet normal 0 1 0
    outer loop
      vertex 3 31 2.6
      vertex 53 31 0
      vertex 3 31 0
    endloop
  endfacet
  facet normal 0.831501 0.555523 0
    outer loop
      vertex 55.5981 29.5 2.6
      vertex 55.3801 29.8263 0
      vertex 55.3801 29.8263 2.6
    endloop
  endfacet
  facet normal 0.831501 0.555523 0
    outer loop
      vertex 55.3801 29.8263 0
      vertex 55.5981 29.5 2.6
      vertex 55.5981 29.5 0
    endloop
  endfacet
  facet normal -0.321574 0.946885 0
    outer loop
      vertex 2.22354 30.8978 0
      vertex 1.85194 30.7716 2.6
      vertex 2.22354 30.8978 2.6
    endloop
  endfacet
  facet normal -0.321574 0.946885 0
    outer loop
      vertex 1.85194 30.7716 2.6
      vertex 2.22354 30.8978 0
      vertex 1.85194 30.7716 0
    endloop
  endfacet
  facet normal -0.831481 0.555553 0
    outer loop
      vertex 0.401917 29.5 0
      vertex 0.619934 29.8263 2.6
      vertex 0.619934 29.8263 0
    endloop
  endfacet
  facet normal -0.831481 0.555553 0
    outer loop
      vertex 0.619934 29.8263 2.6
      vertex 0.401917 29.5 0
      vertex 0.401917 29.5 2.6
    endloop
  endfacet
  facet normal -0.997859 0.0653993 0
    outer loop
      vertex 0 28 0
      vertex 0.0256653 28.3916 2.6
      vertex 0.0256653 28.3916 0
    endloop
  endfacet
  facet normal -0.997859 0.0653993 0
    outer loop
      vertex 0.0256653 28.3916 2.6
      vertex 0 28 0
      vertex 0 28 2.6
    endloop
  endfacet
  facet normal -0.555577 -0.831465 0
    outer loop
      vertex 1.17372 0.619934 0
      vertex 1.5 0.401917 2.6
      vertex 1.17372 0.619934 2.6
    endloop
  endfacet
  facet normal -0.555577 -0.831465 -0
    outer loop
      vertex 1.5 0.401917 2.6
      vertex 1.17372 0.619934 0
      vertex 1.5 0.401917 0
    endloop
  endfacet
  facet normal -0.194945 0.980814 0
    outer loop
      vertex 2.60843 30.9743 0
      vertex 2.22354 30.8978 2.6
      vertex 2.60843 30.9743 2.6
    endloop
  endfacet
  facet normal -0.194945 0.980814 0
    outer loop
      vertex 2.22354 30.8978 2.6
      vertex 2.60843 30.9743 0
      vertex 2.22354 30.8978 0
    endloop
  endfacet
  facet normal 0.896931 -0.442171 0
    outer loop
      vertex 55.5981 1.5 2.6
      vertex 55.7716 1.85194 0
      vertex 55.7716 1.85194 2.6
    endloop
  endfacet
  facet normal 0.896931 -0.442171 0
    outer loop
      vertex 55.7716 1.85194 0
      vertex 55.5981 1.5 2.6
      vertex 55.5981 1.5 0
    endloop
  endfacet
  facet normal 0.659396 -0.751796 0
    outer loop
      vertex 54.8263 0.619934 0
      vertex 55.1213 0.878677 2.6
      vertex 54.8263 0.619934 2.6
    endloop
  endfacet
  facet normal 0.659396 -0.751796 0
    outer loop
      vertex 55.1213 0.878677 2.6
      vertex 54.8263 0.619934 0
      vertex 55.1213 0.878677 0
    endloop
  endfacet
  facet normal 0.555523 0.831501 -0
    outer loop
      vertex 54.8263 30.3801 0
      vertex 54.5 30.5981 2.6
      vertex 54.8263 30.3801 2.6
    endloop
  endfacet
  facet normal 0.555523 0.831501 0
    outer loop
      vertex 54.5 30.5981 2.6
      vertex 54.8263 30.3801 0
      vertex 54.5 30.5981 0
    endloop
  endfacet
  facet normal 0.442211 0.896911 -0
    outer loop
      vertex 54.5 30.5981 0
      vertex 54.1481 30.7716 2.6
      vertex 54.5 30.5981 2.6
    endloop
  endfacet
  facet normal 0.442211 0.896911 0
    outer loop
      vertex 54.1481 30.7716 2.6
      vertex 54.5 30.5981 0
      vertex 54.1481 30.7716 0
    endloop
  endfacet
  facet normal 0.946885 0.321574 0
    outer loop
      vertex 55.8978 28.7765 2.6
      vertex 55.7716 29.1481 0
      vertex 55.7716 29.1481 2.6
    endloop
  endfacet
  facet normal 0.946885 0.321574 0
    outer loop
      vertex 55.7716 29.1481 0
      vertex 55.8978 28.7765 2.6
      vertex 55.8978 28.7765 0
    endloop
  endfacet
  facet normal 0.19494 0.980815 -0
    outer loop
      vertex 53.7765 30.8978 0
      vertex 53.3916 30.9743 2.6
      vertex 53.7765 30.8978 2.6
    endloop
  endfacet
  facet normal 0.19494 0.980815 0
    outer loop
      vertex 53.3916 30.9743 2.6
      vertex 53.7765 30.8978 0
      vertex 53.3916 30.9743 0
    endloop
  endfacet
  facet normal 0.997853 0.0654873 0
    outer loop
      vertex 56 28 2.6
      vertex 55.9743 28.3916 0
      vertex 55.9743 28.3916 2.6
    endloop
  endfacet
  facet normal 0.997853 0.0654873 0
    outer loop
      vertex 55.9743 28.3916 0
      vertex 56 28 2.6
      vertex 56 28 0
    endloop
  endfacet
  facet normal -0.555547 0.831485 0
    outer loop
      vertex 1.5 30.5981 0
      vertex 1.17372 30.3801 2.6
      vertex 1.5 30.5981 2.6
    endloop
  endfacet
  facet normal -0.555547 0.831485 0
    outer loop
      vertex 1.17372 30.3801 2.6
      vertex 1.5 30.5981 0
      vertex 1.17372 30.3801 0
    endloop
  endfacet
  facet normal 0.831485 -0.555547 0
    outer loop
      vertex 55.3801 1.17372 2.6
      vertex 55.5981 1.5 0
      vertex 55.5981 1.5 2.6
    endloop
  endfacet
  facet normal 0.831485 -0.555547 0
    outer loop
      vertex 55.5981 1.5 0
      vertex 55.3801 1.17372 2.6
      vertex 55.3801 1.17372 0
    endloop
  endfacet
  facet normal 0.751771 -0.659424 0
    outer loop
      vertex 55.1213 0.878677 2.6
      vertex 55.3801 1.17372 0
      vertex 55.3801 1.17372 2.6
    endloop
  endfacet
  facet normal 0.751771 -0.659424 0
    outer loop
      vertex 55.3801 1.17372 0
      vertex 55.1213 0.878677 2.6
      vertex 55.1213 0.878677 0
    endloop
  endfacet
  facet normal -0.997859 -0.0654043 0
    outer loop
      vertex 0.0256653 2.60843 0
      vertex 0 3 2.6
      vertex 0 3 0
    endloop
  endfacet
  facet normal -0.997859 -0.0654043 0
    outer loop
      vertex 0 3 2.6
      vertex 0.0256653 2.60843 0
      vertex 0.0256653 2.60843 2.6
    endloop
  endfacet
  facet normal -0.980789 0.195072 0
    outer loop
      vertex 0.0256653 28.3916 0
      vertex 0.102219 28.7765 2.6
      vertex 0.102219 28.7765 0
    endloop
  endfacet
  facet normal -0.980789 0.195072 0
    outer loop
      vertex 0.102219 28.7765 2.6
      vertex 0.0256653 28.3916 0
      vertex 0.0256653 28.3916 2.6
    endloop
  endfacet
  facet normal 0.946885 -0.321574 0
    outer loop
      vertex 55.7716 1.85194 2.6
      vertex 55.8978 2.22354 0
      vertex 55.8978 2.22354 2.6
    endloop
  endfacet
  facet normal 0.946885 -0.321574 0
    outer loop
      vertex 55.8978 2.22354 0
      vertex 55.7716 1.85194 2.6
      vertex 55.7716 1.85194 0
    endloop
  endfacet
  facet normal 0.659478 0.751724 -0
    outer loop
      vertex 55.1213 30.1213 0
      vertex 54.8263 30.3801 2.6
      vertex 55.1213 30.1213 2.6
    endloop
  endfacet
  facet normal 0.659478 0.751724 0
    outer loop
      vertex 54.8263 30.3801 2.6
      vertex 55.1213 30.1213 0
      vertex 54.8263 30.3801 0
    endloop
  endfacet
  facet normal 0.896911 0.442211 0
    outer loop
      vertex 55.7716 29.1481 2.6
      vertex 55.5981 29.5 0
      vertex 55.5981 29.5 2.6
    endloop
  endfacet
  facet normal 0.896911 0.442211 0
    outer loop
      vertex 55.5981 29.5 0
      vertex 55.7716 29.1481 2.6
      vertex 55.7716 29.1481 0
    endloop
  endfacet
  facet normal 0.980815 0.19494 0
    outer loop
      vertex 55.9743 28.3916 2.6
      vertex 55.8978 28.7765 0
      vertex 55.8978 28.7765 2.6
    endloop
  endfacet
  facet normal 0.980815 0.19494 0
    outer loop
      vertex 55.8978 28.7765 0
      vertex 55.9743 28.3916 2.6
      vertex 55.9743 28.3916 0
    endloop
  endfacet
  facet normal -0.980788 -0.195076 0
    outer loop
      vertex 0.102219 2.22354 0
      vertex 0.0256653 2.60843 2.6
      vertex 0.0256653 2.60843 0
    endloop
  endfacet
  facet normal -0.980788 -0.195076 0
    outer loop
      vertex 0.0256653 2.60843 2.6
      vertex 0.102219 2.22354 0
      vertex 0.102219 2.22354 2.6
    endloop
  endfacet
  facet normal -0.946928 -0.321446 0
    outer loop
      vertex 0.228363 1.85194 0
      vertex 0.102219 2.22354 2.6
      vertex 0.102219 2.22354 0
    endloop
  endfacet
  facet normal -0.946928 -0.321446 0
    outer loop
      vertex 0.102219 2.22354 2.6
      vertex 0.228363 1.85194 0
      vertex 0.228363 1.85194 2.6
    endloop
  endfacet
  facet normal -0.831465 -0.555577 0
    outer loop
      vertex 0.619934 1.17372 0
      vertex 0.401917 1.5 2.6
      vertex 0.401917 1.5 0
    endloop
  endfacet
  facet normal -0.831465 -0.555577 0
    outer loop
      vertex 0.401917 1.5 2.6
      vertex 0.619934 1.17372 0
      vertex 0.619934 1.17372 2.6
    endloop
  endfacet
  facet normal -0.751843 -0.659342 0
    outer loop
      vertex 0.878677 0.878677 0
      vertex 0.619934 1.17372 2.6
      vertex 0.619934 1.17372 0
    endloop
  endfacet
  facet normal -0.751843 -0.659342 0
    outer loop
      vertex 0.619934 1.17372 2.6
      vertex 0.878677 0.878677 0
      vertex 0.878677 0.878677 2.6
    endloop
  endfacet
  facet normal 0 0 -1
    outer loop
      vertex 53 0 0
      vertex 56 3 0
      vertex 55.9743 2.60843 0
    endloop
  endfacet
  facet normal 0 0 -1
    outer loop
      vertex 56 3 0
      vertex 46.2 15.5 0
      vertex 56 28 0
    endloop
  endfacet
  facet normal 0 0 -1
    outer loop
      vertex 53 0 0
      vertex 55.9743 2.60843 0
      vertex 55.8978 2.22354 0
    endloop
  endfacet
  facet normal 0 0 -1
    outer loop
      vertex 46.1641 16.0482 0
      vertex 56 28 0
      vertex 46.2 15.5 0
    endloop
  endfacet
  facet normal 0 0 -1
    outer loop
      vertex 53 0 0
      vertex 55.8978 2.22354 0
      vertex 55.7716 1.85194 0
    endloop
  endfacet
  facet normal 0 0 -1
    outer loop
      vertex 46.0569 16.587 0
      vertex 56 28 0
      vertex 46.1641 16.0482 0
    endloop
  endfacet
  facet normal 0 0 -1
    outer loop
      vertex 53 0 0
      vertex 55.7716 1.85194 0
      vertex 55.5981 1.5 0
    endloop
  endfacet
  facet normal 0 0 -1
    outer loop
      vertex 45.8803 17.1073 0
      vertex 56 28 0
      vertex 46.0569 16.587 0
    endloop
  endfacet
  facet normal 0 0 -1
    outer loop
      vertex 53 0 0
      vertex 55.5981 1.5 0
      vertex 55.3801 1.17372 0
    endloop
  endfacet
  facet normal 0 0 -1
    outer loop
      vertex 45.6373 17.6 0
      vertex 56 28 0
      vertex 45.8803 17.1073 0
    endloop
  endfacet
  facet normal 0 0 -1
    outer loop
      vertex 53 0 0
      vertex 55.3801 1.17372 0
      vertex 55.1213 0.878677 0
    endloop
  endfacet
  facet normal 0 0 -1
    outer loop
      vertex 45.3321 18.0568 0
      vertex 56 28 0
      vertex 45.6373 17.6 0
    endloop
  endfacet
  facet normal 0 0 -1
    outer loop
      vertex 53 0 0
      vertex 55.1213 0.878677 0
      vertex 54.8263 0.619934 0
    endloop
  endfacet
  facet normal 0 0 -1
    outer loop
      vertex 44.9698 18.4698 0
      vertex 56 28 0
      vertex 45.3321 18.0568 0
    endloop
  endfacet
  facet normal 0 0 -1
    outer loop
      vertex 53 0 0
      vertex 54.8263 0.619934 0
      vertex 54.5 0.401917 0
    endloop
  endfacet
  facet normal 0 0 -1
    outer loop
      vertex 44.5568 18.8321 0
      vertex 56 28 0
      vertex 44.9698 18.4698 0
    endloop
  endfacet
  facet normal 0 0 -1
    outer loop
      vertex 53 0 0
      vertex 54.5 0.401917 0
      vertex 54.1481 0.228363 0
    endloop
  endfacet
  facet normal 0 0 -1
    outer loop
      vertex 56 28 0
      vertex 53 31 0
      vertex 55.9743 28.3916 0
    endloop
  endfacet
  facet normal 0 0 -1
    outer loop
      vertex 53 0 0
      vertex 54.1481 0.228363 0
      vertex 53.7765 0.102219 0
    endloop
  endfacet
  facet normal 0 0 -1
    outer loop
      vertex 55.9743 28.3916 0
      vertex 53 31 0
      vertex 55.8978 28.7765 0
    endloop
  endfacet
  facet normal 0 0 -1
    outer loop
      vertex 53 0 0
      vertex 53.7765 0.102219 0
      vertex 53.3916 0.0256653 0
    endloop
  endfacet
  facet normal 0 0 -1
    outer loop
      vertex 55.8978 28.7765 0
      vertex 53 31 0
      vertex 55.7716 29.1481 0
    endloop
  endfacet
  facet normal 0 0 -1
    outer loop
      vertex 44.5568 12.1679 0
      vertex 56 3 0
      vertex 53 0 0
    endloop
  endfacet
  facet normal 0 0 -1
    outer loop
      vertex 55.7716 29.1481 0
      vertex 53 31 0
      vertex 55.5981 29.5 0
    endloop
  endfacet
  facet normal 0 0 -1
    outer loop
      vertex 55.3801 29.8263 0
      vertex 53 31 0
      vertex 55.1213 30.1213 0
    endloop
  endfacet
  facet normal 0 0 -1
    outer loop
      vertex 56 3 0
      vertex 46.1641 14.9518 0
      vertex 46.2 15.5 0
    endloop
  endfacet
  facet normal 0 0 -1
    outer loop
      vertex 56 3 0
      vertex 46.0569 14.413 0
      vertex 46.1641 14.9518 0
    endloop
  endfacet
  facet normal 0 0 -1
    outer loop
      vertex 56 3 0
      vertex 45.8803 13.8927 0
      vertex 46.0569 14.413 0
    endloop
  endfacet
  facet normal 0 0 -1
    outer loop
      vertex 56 3 0
      vertex 45.6373 13.4 0
      vertex 45.8803 13.8927 0
    endloop
  endfacet
  facet normal 0 0 -1
    outer loop
      vertex 56 3 0
      vertex 45.3321 12.9432 0
      vertex 45.6373 13.4 0
    endloop
  endfacet
  facet normal 0 0 -1
    outer loop
      vertex 56 3 0
      vertex 44.9698 12.5302 0
      vertex 45.3321 12.9432 0
    endloop
  endfacet
  facet normal 0 0 -1
    outer loop
      vertex 56 3 0
      vertex 44.5568 12.1679 0
      vertex 44.9698 12.5302 0
    endloop
  endfacet
  facet normal 0 0 -1
    outer loop
      vertex 53 0 0
      vertex 44.1 11.8627 0
      vertex 44.5568 12.1679 0
    endloop
  endfacet
  facet normal 0 0 -1
    outer loop
      vertex 53 0 0
      vertex 43.6073 11.6197 0
      vertex 44.1 11.8627 0
    endloop
  endfacet
  facet normal 0 0 -1
    outer loop
      vertex 53 0 0
      vertex 43.087 11.4431 0
      vertex 43.6073 11.6197 0
    endloop
  endfacet
  facet normal 0 0 -1
    outer loop
      vertex 53 0 0
      vertex 42.5482 11.3359 0
      vertex 43.087 11.4431 0
    endloop
  endfacet
  facet normal 0 0 -1
    outer loop
      vertex 53 0 0
      vertex 42 11.3 0
      vertex 42.5482 11.3359 0
    endloop
  endfacet
  facet normal 0 0 -1
    outer loop
      vertex 53 0 0
      vertex 41.4518 11.3359 0
      vertex 42 11.3 0
    endloop
  endfacet
  facet normal 0 0 -1
    outer loop
      vertex 53 0 0
      vertex 40.913 11.4431 0
      vertex 41.4518 11.3359 0
    endloop
  endfacet
  facet normal 0 0 -1
    outer loop
      vertex 53 0 0
      vertex 40.3927 11.6197 0
      vertex 40.913 11.4431 0
    endloop
  endfacet
  facet normal 0 0 -1
    outer loop
      vertex 15.6073 11.6197 0
      vertex 40.3927 11.6197 0
      vertex 53 0 0
    endloop
  endfacet
  facet normal 0 0 -1
    outer loop
      vertex 40.3927 11.6197 0
      vertex 15.6073 11.6197 0
      vertex 39.9 11.8627 0
    endloop
  endfacet
  facet normal 0 -0 -1
    outer loop
      vertex 16.1 11.8627 0
      vertex 39.9 11.8627 0
      vertex 15.6073 11.6197 0
    endloop
  endfacet
  facet normal 0 0 -1
    outer loop
      vertex 37.8359 14.9518 0
      vertex 18.2 15.5 0
      vertex 37.8 15.5 0
    endloop
  endfacet
  facet normal 0 0 -1
    outer loop
      vertex 18.1641 14.9518 0
      vertex 37.8359 14.9518 0
      vertex 37.9431 14.413 0
    endloop
  endfacet
  facet normal 0 0 -1
    outer loop
      vertex 18.0569 14.413 0
      vertex 37.9431 14.413 0
      vertex 38.1197 13.8927 0
    endloop
  endfacet
  facet normal 0 0 -1
    outer loop
      vertex 17.8803 13.8927 0
      vertex 38.1197 13.8927 0
      vertex 38.3627 13.4 0
    endloop
  endfacet
  facet normal 0 0 -1
    outer loop
      vertex 17.6373 13.4 0
      vertex 38.3627 13.4 0
      vertex 38.6679 12.9432 0
    endloop
  endfacet
  facet normal 0 0 -1
    outer loop
      vertex 17.3321 12.9432 0
      vertex 38.6679 12.9432 0
      vertex 39.0302 12.5302 0
    endloop
  endfacet
  facet normal 0 -0 -1
    outer loop
      vertex 16.5568 12.1679 0
      vertex 39.4432 12.1679 0
      vertex 16.1 11.8627 0
    endloop
  endfacet
  facet normal 0 0 -1
    outer loop
      vertex 37.8359 14.9518 0
      vertex 18.1641 14.9518 0
      vertex 18.2 15.5 0
    endloop
  endfacet
  facet normal 0 0 -1
    outer loop
      vertex 37.9431 14.413 0
      vertex 18.0569 14.413 0
      vertex 18.1641 14.9518 0
    endloop
  endfacet
  facet normal 0 0 -1
    outer loop
      vertex 38.1197 13.8927 0
      vertex 17.8803 13.8927 0
      vertex 18.0569 14.413 0
    endloop
  endfacet
  facet normal 0 0 -1
    outer loop
      vertex 38.3627 13.4 0
      vertex 17.6373 13.4 0
      vertex 17.8803 13.8927 0
    endloop
  endfacet
  facet normal 0 0 -1
    outer loop
      vertex 38.6679 12.9432 0
      vertex 17.3321 12.9432 0
      vertex 17.6373 13.4 0
    endloop
  endfacet
  facet normal 0 0 -1
    outer loop
      vertex 39.0302 12.5302 0
      vertex 16.9698 12.5302 0
      vertex 17.3321 12.9432 0
    endloop
  endfacet
  facet normal -0 0 -1
    outer loop
      vertex 39.0302 12.5302 0
      vertex 16.5568 12.1679 0
      vertex 16.9698 12.5302 0
    endloop
  endfacet
  facet normal 0 0 -1
    outer loop
      vertex 39.4432 12.1679 0
      vertex 16.5568 12.1679 0
      vertex 39.0302 12.5302 0
    endloop
  endfacet
  facet normal 0 0 -1
    outer loop
      vertex 39.9 11.8627 0
      vertex 16.1 11.8627 0
      vertex 39.4432 12.1679 0
    endloop
  endfacet
  facet normal 0 0 -1
    outer loop
      vertex 3 0 0
      vertex 15.6073 11.6197 0
      vertex 53 0 0
    endloop
  endfacet
  facet normal 0 0 -1
    outer loop
      vertex 15.6073 11.6197 0
      vertex 3 0 0
      vertex 15.087 11.4431 0
    endloop
  endfacet
  facet normal 0 0 -1
    outer loop
      vertex 15.087 11.4431 0
      vertex 3 0 0
      vertex 14.5482 11.3359 0
    endloop
  endfacet
  facet normal 0 0 -1
    outer loop
      vertex 14.5482 11.3359 0
      vertex 3 0 0
      vertex 14 11.3 0
    endloop
  endfacet
  facet normal -0 0 -1
    outer loop
      vertex 14 11.3 0
      vertex 3 0 0
      vertex 13.4518 11.3359 0
    endloop
  endfacet
  facet normal -0 0 -1
    outer loop
      vertex 9.94311 14.413 0
      vertex 0 3 0
      vertex 9.83593 14.9518 0
    endloop
  endfacet
  facet normal -0 0 -1
    outer loop
      vertex 10.1197 13.8927 0
      vertex 0 3 0
      vertex 9.94311 14.413 0
    endloop
  endfacet
  facet normal -0 0 -1
    outer loop
      vertex 10.3627 13.4 0
      vertex 0 3 0
      vertex 10.1197 13.8927 0
    endloop
  endfacet
  facet normal -0 0 -1
    outer loop
      vertex 10.6679 12.9432 0
      vertex 0 3 0
      vertex 10.3627 13.4 0
    endloop
  endfacet
  facet normal -0 0 -1
    outer loop
      vertex 11.0302 12.5302 0
      vertex 0 3 0
      vertex 10.6679 12.9432 0
    endloop
  endfacet
  facet normal -0 0 -1
    outer loop
      vertex 11.4432 12.1679 0
      vertex 0 3 0
      vertex 11.0302 12.5302 0
    endloop
  endfacet
  facet normal 0 0 -1
    outer loop
      vertex 0 3 0
      vertex 11.4432 12.1679 0
      vertex 3 0 0
    endloop
  endfacet
  facet normal -0 0 -1
    outer loop
      vertex 11.9 11.8627 0
      vertex 3 0 0
      vertex 11.4432 12.1679 0
    endloop
  endfacet
  facet normal -0 0 -1
    outer loop
      vertex 12.3927 11.6197 0
      vertex 3 0 0
      vertex 11.9 11.8627 0
    endloop
  endfacet
  facet normal -0 0 -1
    outer loop
      vertex 12.913 11.4431 0
      vertex 3 0 0
      vertex 12.3927 11.6197 0
    endloop
  endfacet
  facet normal -0 0 -1
    outer loop
      vertex 13.4518 11.3359 0
      vertex 3 0 0
      vertex 12.913 11.4431 0
    endloop
  endfacet
  facet normal 0 0 -1
    outer loop
      vertex 55.1213 30.1213 0
      vertex 53 31 0
      vertex 54.8263 30.3801 0
    endloop
  endfacet
  facet normal 0 0 -1
    outer loop
      vertex 54.8263 30.3801 0
      vertex 53 31 0
      vertex 54.5 30.5981 0
    endloop
  endfacet
  facet normal 0 0 -1
    outer loop
      vertex 54.5 30.5981 0
      vertex 53 31 0
      vertex 54.1481 30.7716 0
    endloop
  endfacet
  facet normal 0 0 -1
    outer loop
      vertex 53.7765 30.8978 0
      vertex 53 31 0
      vertex 53.3916 30.9743 0
    endloop
  endfacet
  facet normal 0 0 -1
    outer loop
      vertex 54.1481 30.7716 0
      vertex 53 31 0
      vertex 53.7765 30.8978 0
    endloop
  endfacet
  facet normal 0 0 -1
    outer loop
      vertex 55.5981 29.5 0
      vertex 53 31 0
      vertex 55.3801 29.8263 0
    endloop
  endfacet
  facet normal -0 0 -1
    outer loop
      vertex 56 28 0
      vertex 44.5568 18.8321 0
      vertex 53 31 0
    endloop
  endfacet
  facet normal 0 0 -1
    outer loop
      vertex 44.1 19.1373 0
      vertex 53 31 0
      vertex 44.5568 18.8321 0
    endloop
  endfacet
  facet normal 0 0 -1
    outer loop
      vertex 43.6073 19.3803 0
      vertex 53 31 0
      vertex 44.1 19.1373 0
    endloop
  endfacet
  facet normal 0 0 -1
    outer loop
      vertex 43.087 19.5569 0
      vertex 53 31 0
      vertex 43.6073 19.3803 0
    endloop
  endfacet
  facet normal 0 0 -1
    outer loop
      vertex 42.5482 19.6641 0
      vertex 53 31 0
      vertex 43.087 19.5569 0
    endloop
  endfacet
  facet normal 0 0 -1
    outer loop
      vertex 42 19.7 0
      vertex 53 31 0
      vertex 42.5482 19.6641 0
    endloop
  endfacet
  facet normal 0 0 -1
    outer loop
      vertex 41.4518 19.6641 0
      vertex 53 31 0
      vertex 42 19.7 0
    endloop
  endfacet
  facet normal 0 0 -1
    outer loop
      vertex 40.913 19.5569 0
      vertex 53 31 0
      vertex 41.4518 19.6641 0
    endloop
  endfacet
  facet normal 0 0 -1
    outer loop
      vertex 40.3927 19.3803 0
      vertex 53 31 0
      vertex 40.913 19.5569 0
    endloop
  endfacet
  facet normal 0 0 -1
    outer loop
      vertex 15.6073 19.3803 0
      vertex 40.3927 19.3803 0
      vertex 39.9 19.1373 0
    endloop
  endfacet
  facet normal 0 0 -1
    outer loop
      vertex 16.1 19.1373 0
      vertex 39.9 19.1373 0
      vertex 39.4432 18.8321 0
    endloop
  endfacet
  facet normal 0 0 -1
    outer loop
      vertex 16.5568 18.8321 0
      vertex 39.4432 18.8321 0
      vertex 39.0302 18.4698 0
    endloop
  endfacet
  facet normal 0 0 -1
    outer loop
      vertex 18.2 15.5 0
      vertex 37.8359 16.0482 0
      vertex 37.8 15.5 0
    endloop
  endfacet
  facet normal 0 0 -1
    outer loop
      vertex 18.1641 16.0482 0
      vertex 37.8359 16.0482 0
      vertex 18.2 15.5 0
    endloop
  endfacet
  facet normal 0 0 -1
    outer loop
      vertex 37.8359 16.0482 0
      vertex 18.1641 16.0482 0
      vertex 37.9431 16.587 0
    endloop
  endfacet
  facet normal 0 0 -1
    outer loop
      vertex 18.0569 16.587 0
      vertex 37.9431 16.587 0
      vertex 18.1641 16.0482 0
    endloop
  endfacet
  facet normal 0 0 -1
    outer loop
      vertex 37.9431 16.587 0
      vertex 18.0569 16.587 0
      vertex 38.1197 17.1073 0
    endloop
  endfacet
  facet normal 0 0 -1
    outer loop
      vertex 17.8803 17.1073 0
      vertex 38.1197 17.1073 0
      vertex 18.0569 16.587 0
    endloop
  endfacet
  facet normal 0 0 -1
    outer loop
      vertex 38.1197 17.1073 0
      vertex 17.8803 17.1073 0
      vertex 38.3627 17.6 0
    endloop
  endfacet
  facet normal 0 0 -1
    outer loop
      vertex 17.6373 17.6 0
      vertex 38.3627 17.6 0
      vertex 17.8803 17.1073 0
    endloop
  endfacet
  facet normal 0 0 -1
    outer loop
      vertex 38.3627 17.6 0
      vertex 17.6373 17.6 0
      vertex 38.6679 18.0568 0
    endloop
  endfacet
  facet normal 0 0 -1
    outer loop
      vertex 17.3321 18.0568 0
      vertex 38.6679 18.0568 0
      vertex 17.6373 17.6 0
    endloop
  endfacet
  facet normal 0 0 -1
    outer loop
      vertex 38.6679 18.0568 0
      vertex 17.3321 18.0568 0
      vertex 39.0302 18.4698 0
    endloop
  endfacet
  facet normal 0 0 -1
    outer loop
      vertex 16.9698 18.4698 0
      vertex 39.0302 18.4698 0
      vertex 17.3321 18.0568 0
    endloop
  endfacet
  facet normal 0 0 -1
    outer loop
      vertex 16.5568 18.8321 0
      vertex 39.0302 18.4698 0
      vertex 16.9698 18.4698 0
    endloop
  endfacet
  facet normal 0 0 -1
    outer loop
      vertex 39.4432 18.8321 0
      vertex 16.5568 18.8321 0
      vertex 16.1 19.1373 0
    endloop
  endfacet
  facet normal 0 0 -1
    outer loop
      vertex 39.9 19.1373 0
      vertex 16.1 19.1373 0
      vertex 15.6073 19.3803 0
    endloop
  endfacet
  facet normal 0 0 -1
    outer loop
      vertex 40.3927 19.3803 0
      vertex 15.6073 19.3803 0
      vertex 53 31 0
    endloop
  endfacet
  facet normal 0 0 -1
    outer loop
      vertex 3 31 0
      vertex 15.6073 19.3803 0
      vertex 15.087 19.5569 0
    endloop
  endfacet
  facet normal 0 0 -1
    outer loop
      vertex 3 31 0
      vertex 15.087 19.5569 0
      vertex 14.5482 19.6641 0
    endloop
  endfacet
  facet normal 0 0 -1
    outer loop
      vertex 3 31 0
      vertex 14.5482 19.6641 0
      vertex 14 19.7 0
    endloop
  endfacet
  facet normal 0 0 -1
    outer loop
      vertex 3 31 0
      vertex 14 19.7 0
      vertex 13.4518 19.6641 0
    endloop
  endfacet
  facet normal 0 0 -1
    outer loop
      vertex 3 31 0
      vertex 13.4518 19.6641 0
      vertex 12.913 19.5569 0
    endloop
  endfacet
  facet normal -0 0 -1
    outer loop
      vertex 9.83593 14.9518 0
      vertex 0 3 0
      vertex 9.8 15.5 0
    endloop
  endfacet
  facet normal 0 0 -1
    outer loop
      vertex 0 28 0
      vertex 9.8 15.5 0
      vertex 0 3 0
    endloop
  endfacet
  facet normal 0 0 -1
    outer loop
      vertex 9.8 15.5 0
      vertex 0 28 0
      vertex 9.83593 16.0482 0
    endloop
  endfacet
  facet normal 0 0 -1
    outer loop
      vertex 15.6073 19.3803 0
      vertex 3 31 0
      vertex 53 31 0
    endloop
  endfacet
  facet normal 0 0 -1
    outer loop
      vertex 12.3927 19.3803 0
      vertex 3 31 0
      vertex 12.913 19.5569 0
    endloop
  endfacet
  facet normal 0 0 -1
    outer loop
      vertex 11.9 19.1373 0
      vertex 3 31 0
      vertex 12.3927 19.3803 0
    endloop
  endfacet
  facet normal 0 0 -1
    outer loop
      vertex 11.4432 18.8321 0
      vertex 3 31 0
      vertex 11.9 19.1373 0
    endloop
  endfacet
  facet normal 0 0 -1
    outer loop
      vertex 0 28 0
      vertex 11.4432 18.8321 0
      vertex 11.0302 18.4698 0
    endloop
  endfacet
  facet normal 0 0 -1
    outer loop
      vertex 0 28 0
      vertex 11.0302 18.4698 0
      vertex 10.6679 18.0568 0
    endloop
  endfacet
  facet normal 0 0 -1
    outer loop
      vertex 0 28 0
      vertex 10.6679 18.0568 0
      vertex 10.3627 17.6 0
    endloop
  endfacet
  facet normal 0 0 -1
    outer loop
      vertex 0 28 0
      vertex 10.3627 17.6 0
      vertex 10.1197 17.1073 0
    endloop
  endfacet
  facet normal 0 0 -1
    outer loop
      vertex 9.83593 16.0482 0
      vertex 0 28 0
      vertex 9.94311 16.587 0
    endloop
  endfacet
  facet normal 0 0 -1
    outer loop
      vertex 0 3 0
      vertex 3 0 0
      vertex 2.60843 0.0256653 0
    endloop
  endfacet
  facet normal 0 0 -1
    outer loop
      vertex 9.94311 16.587 0
      vertex 0 28 0
      vertex 10.1197 17.1073 0
    endloop
  endfacet
  facet normal 0 0 -1
    outer loop
      vertex 0 3 0
      vertex 2.60843 0.0256653 0
      vertex 2.22354 0.102219 0
    endloop
  endfacet
  facet normal 0 0 -1
    outer loop
      vertex 11.4432 18.8321 0
      vertex 0 28 0
      vertex 3 31 0
    endloop
  endfacet
  facet normal 0 0 -1
    outer loop
      vertex 0 3 0
      vertex 2.22354 0.102219 0
      vertex 1.85194 0.228363 0
    endloop
  endfacet
  facet normal 0 0 -1
    outer loop
      vertex 3 31 0
      vertex 0 28 0
      vertex 2.60843 30.9743 0
    endloop
  endfacet
  facet normal 0 0 -1
    outer loop
      vertex 0 3 0
      vertex 1.85194 0.228363 0
      vertex 1.5 0.401917 0
    endloop
  endfacet
  facet normal 0 0 -1
    outer loop
      vertex 2.60843 30.9743 0
      vertex 0 28 0
      vertex 2.22354 30.8978 0
    endloop
  endfacet
  facet normal 0 0 -1
    outer loop
      vertex 0 3 0
      vertex 1.5 0.401917 0
      vertex 1.17372 0.619934 0
    endloop
  endfacet
  facet normal 0 0 -1
    outer loop
      vertex 2.22354 30.8978 0
      vertex 0 28 0
      vertex 1.85194 30.7716 0
    endloop
  endfacet
  facet normal 0 0 -1
    outer loop
      vertex 0 3 0
      vertex 1.17372 0.619934 0
      vertex 0.878677 0.878677 0
    endloop
  endfacet
  facet normal 0 0 -1
    outer loop
      vertex 1.85194 30.7716 0
      vertex 0 28 0
      vertex 1.5 30.5981 0
    endloop
  endfacet
  facet normal 0 0 -1
    outer loop
      vertex 0 3 0
      vertex 0.878677 0.878677 0
      vertex 0.619934 1.17372 0
    endloop
  endfacet
  facet normal 0 0 -1
    outer loop
      vertex 1.5 30.5981 0
      vertex 0 28 0
      vertex 1.17372 30.3801 0
    endloop
  endfacet
  facet normal 0 0 -1
    outer loop
      vertex 0 3 0
      vertex 0.619934 1.17372 0
      vertex 0.401917 1.5 0
    endloop
  endfacet
  facet normal 0 0 -1
    outer loop
      vertex 1.17372 30.3801 0
      vertex 0 28 0
      vertex 0.878677 30.1213 0
    endloop
  endfacet
  facet normal 0 0 -1
    outer loop
      vertex 0 3 0
      vertex 0.401917 1.5 0
      vertex 0.228363 1.85194 0
    endloop
  endfacet
  facet normal 0 0 -1
    outer loop
      vertex 0.878677 30.1213 0
      vertex 0 28 0
      vertex 0.619934 29.8263 0
    endloop
  endfacet
  facet normal 0 0 -1
    outer loop
      vertex 0 3 0
      vertex 0.228363 1.85194 0
      vertex 0.102219 2.22354 0
    endloop
  endfacet
  facet normal 0 0 -1
    outer loop
      vertex 0.619934 29.8263 0
      vertex 0 28 0
      vertex 0.401917 29.5 0
    endloop
  endfacet
  facet normal 0 0 -1
    outer loop
      vertex 0 3 0
      vertex 0.102219 2.22354 0
      vertex 0.0256653 2.60843 0
    endloop
  endfacet
  facet normal 0 0 -1
    outer loop
      vertex 0.401917 29.5 0
      vertex 0 28 0
      vertex 0.228363 29.1481 0
    endloop
  endfacet
  facet normal 0 0 -1
    outer loop
      vertex 0.228363 29.1481 0
      vertex 0 28 0
      vertex 0.102219 28.7765 0
    endloop
  endfacet
  facet normal 0 0 -1
    outer loop
      vertex 0.102219 28.7765 0
      vertex 0 28 0
      vertex 0.0256653 28.3916 0
    endloop
  endfacet
  facet normal 0.997853 -0.0654923 0
    outer loop
      vertex 55.9743 2.60843 2.6
      vertex 56 3 0
      vertex 56 3 2.6
    endloop
  endfacet
  facet normal 0.997853 -0.0654923 0
    outer loop
      vertex 56 3 0
      vertex 55.9743 2.60843 2.6
      vertex 55.9743 2.60843 0
    endloop
  endfacet
  facet normal 0 0 1
    outer loop
      vertex 53 31 2.6
      vertex 56 28 2.6
      vertex 55.9743 28.3916 2.6
    endloop
  endfacet
  facet normal 0 0 1
    outer loop
      vertex 56 28 2.6
      vertex 53 31 2.6
      vertex 56 3 2.6
    endloop
  endfacet
  facet normal 0 0 1
    outer loop
      vertex 53 31 2.6
      vertex 55.9743 28.3916 2.6
      vertex 55.8978 28.7765 2.6
    endloop
  endfacet
  facet normal 0 0 1
    outer loop
      vertex 53 0 2.6
      vertex 56 3 2.6
      vertex 53 31 2.6
    endloop
  endfacet
  facet normal 0 0 1
    outer loop
      vertex 53 31 2.6
      vertex 55.8978 28.7765 2.6
      vertex 55.7716 29.1481 2.6
    endloop
  endfacet
  facet normal 0 0 1
    outer loop
      vertex 56 3 2.6
      vertex 53 0 2.6
      vertex 55.9743 2.60843 2.6
    endloop
  endfacet
  facet normal 0 0 1
    outer loop
      vertex 53 31 2.6
      vertex 55.7716 29.1481 2.6
      vertex 55.5981 29.5 2.6
    endloop
  endfacet
  facet normal 0 0 1
    outer loop
      vertex 55.9743 2.60843 2.6
      vertex 53 0 2.6
      vertex 55.8978 2.22354 2.6
    endloop
  endfacet
  facet normal 0 0 1
    outer loop
      vertex 53 31 2.6
      vertex 55.5981 29.5 2.6
      vertex 55.3801 29.8263 2.6
    endloop
  endfacet
  facet normal 0 0 1
    outer loop
      vertex 55.8978 2.22354 2.6
      vertex 53 0 2.6
      vertex 55.7716 1.85194 2.6
    endloop
  endfacet
  facet normal 0 0 1
    outer loop
      vertex 53 31 2.6
      vertex 55.3801 29.8263 2.6
      vertex 55.1213 30.1213 2.6
    endloop
  endfacet
  facet normal 0 0 1
    outer loop
      vertex 55.7716 1.85194 2.6
      vertex 53 0 2.6
      vertex 55.5981 1.5 2.6
    endloop
  endfacet
  facet normal 0 0 1
    outer loop
      vertex 53 31 2.6
      vertex 55.1213 30.1213 2.6
      vertex 54.8263 30.3801 2.6
    endloop
  endfacet
  facet normal 0 0 1
    outer loop
      vertex 55.5981 1.5 2.6
      vertex 53 0 2.6
      vertex 55.3801 1.17372 2.6
    endloop
  endfacet
  facet normal 0 0 1
    outer loop
      vertex 53 31 2.6
      vertex 54.8263 30.3801 2.6
      vertex 54.5 30.5981 2.6
    endloop
  endfacet
  facet normal 0 0 1
    outer loop
      vertex 55.3801 1.17372 2.6
      vertex 53 0 2.6
      vertex 55.1213 0.878677 2.6
    endloop
  endfacet
  facet normal 0 0 1
    outer loop
      vertex 53 31 2.6
      vertex 54.5 30.5981 2.6
      vertex 54.1481 30.7716 2.6
    endloop
  endfacet
  facet normal 0 0 1
    outer loop
      vertex 55.1213 0.878677 2.6
      vertex 53 0 2.6
      vertex 54.8263 0.619934 2.6
    endloop
  endfacet
  facet normal 0 0 1
    outer loop
      vertex 53 31 2.6
      vertex 54.1481 30.7716 2.6
      vertex 53.7765 30.8978 2.6
    endloop
  endfacet
  facet normal 0 0 1
    outer loop
      vertex 54.8263 0.619934 2.6
      vertex 53 0 2.6
      vertex 54.5 0.401917 2.6
    endloop
  endfacet
  facet normal 0 0 1
    outer loop
      vertex 53 31 2.6
      vertex 53.7765 30.8978 2.6
      vertex 53.3916 30.9743 2.6
    endloop
  endfacet
  facet normal 0 0 1
    outer loop
      vertex 54.5 0.401917 2.6
      vertex 53 0 2.6
      vertex 54.1481 0.228363 2.6
    endloop
  endfacet
  facet normal 0 0 1
    outer loop
      vertex 54.1481 0.228363 2.6
      vertex 53 0 2.6
      vertex 53.7765 0.102219 2.6
    endloop
  endfacet
  facet normal 0 0 1
    outer loop
      vertex 53.7765 0.102219 2.6
      vertex 53 0 2.6
      vertex 53.3916 0.0256653 2.6
    endloop
  endfacet
  facet normal -0 0 1
    outer loop
      vertex 3 31 2.6
      vertex 53 0 2.6
      vertex 53 31 2.6
    endloop
  endfacet
  facet normal 0 0 1
    outer loop
      vertex 3 31 2.6
      vertex 3 0 2.6
      vertex 53 0 2.6
    endloop
  endfacet
  facet normal 0 0 1
    outer loop
      vertex 0 28 2.6
      vertex 3 31 2.6
      vertex 2.60843 30.9743 2.6
    endloop
  endfacet
  facet normal 0 0 1
    outer loop
      vertex 3 31 2.6
      vertex 0 28 2.6
      vertex 3 0 2.6
    endloop
  endfacet
  facet normal 0 0 1
    outer loop
      vertex 0 28 2.6
      vertex 2.60843 30.9743 2.6
      vertex 2.22354 30.8978 2.6
    endloop
  endfacet
  facet normal -0 0 1
    outer loop
      vertex 0 3 2.6
      vertex 3 0 2.6
      vertex 0 28 2.6
    endloop
  endfacet
  facet normal 0 0 1
    outer loop
      vertex 0 28 2.6
      vertex 2.22354 30.8978 2.6
      vertex 1.85194 30.7716 2.6
    endloop
  endfacet
  facet normal 0 0 1
    outer loop
      vertex 3 0 2.6
      vertex 0 3 2.6
      vertex 2.60843 0.0256653 2.6
    endloop
  endfacet
  facet normal 0 0 1
    outer loop
      vertex 0 28 2.6
      vertex 1.85194 30.7716 2.6
      vertex 1.5 30.5981 2.6
    endloop
  endfacet
  facet normal 0 0 1
    outer loop
      vertex 2.60843 0.0256653 2.6
      vertex 0 3 2.6
      vertex 2.22354 0.102219 2.6
    endloop
  endfacet
  facet normal 0 0 1
    outer loop
      vertex 0 28 2.6
      vertex 1.5 30.5981 2.6
      vertex 1.17372 30.3801 2.6
    endloop
  endfacet
  facet normal 0 0 1
    outer loop
      vertex 2.22354 0.102219 2.6
      vertex 0 3 2.6
      vertex 1.85194 0.228363 2.6
    endloop
  endfacet
  facet normal 0 0 1
    outer loop
      vertex 0 28 2.6
      vertex 1.17372 30.3801 2.6
      vertex 0.878677 30.1213 2.6
    endloop
  endfacet
  facet normal 0 0 1
    outer loop
      vertex 1.85194 0.228363 2.6
      vertex 0 3 2.6
      vertex 1.5 0.401917 2.6
    endloop
  endfacet
  facet normal 0 0 1
    outer loop
      vertex 0 28 2.6
      vertex 0.878677 30.1213 2.6
      vertex 0.619934 29.8263 2.6
    endloop
  endfacet
  facet normal 0 0 1
    outer loop
      vertex 1.5 0.401917 2.6
      vertex 0 3 2.6
      vertex 1.17372 0.619934 2.6
    endloop
  endfacet
  facet normal 0 0 1
    outer loop
      vertex 0 28 2.6
      vertex 0.619934 29.8263 2.6
      vertex 0.401917 29.5 2.6
    endloop
  endfacet
  facet normal 0 0 1
    outer loop
      vertex 1.17372 0.619934 2.6
      vertex 0 3 2.6
      vertex 0.878677 0.878677 2.6
    endloop
  endfacet
  facet normal 0 0 1
    outer loop
      vertex 0 28 2.6
      vertex 0.401917 29.5 2.6
      vertex 0.228363 29.1481 2.6
    endloop
  endfacet
  facet normal 0 0 1
    outer loop
      vertex 0.878677 0.878677 2.6
      vertex 0 3 2.6
      vertex 0.619934 1.17372 2.6
    endloop
  endfacet
  facet normal 0 0 1
    outer loop
      vertex 0 28 2.6
      vertex 0.228363 29.1481 2.6
      vertex 0.102219 28.7765 2.6
    endloop
  endfacet
  facet normal 0 0 1
    outer loop
      vertex 0.619934 1.17372 2.6
      vertex 0 3 2.6
      vertex 0.401917 1.5 2.6
    endloop
  endfacet
  facet normal 0 0 1
    outer loop
      vertex 0 28 2.6
      vertex 0.102219 28.7765 2.6
      vertex 0.0256653 28.3916 2.6
    endloop
  endfacet
  facet normal 0 0 1
    outer loop
      vertex 0.401917 1.5 2.6
      vertex 0 3 2.6
      vertex 0.228363 1.85194 2.6
    endloop
  endfacet
  facet normal 0 0 1
    outer loop
      vertex 0.228363 1.85194 2.6
      vertex 0 3 2.6
      vertex 0.102219 2.22354 2.6
    endloop
  endfacet
  facet normal 0 0 1
    outer loop
      vertex 0.102219 2.22354 2.6
      vertex 0 3 2.6
      vertex 0.0256653 2.60843 2.6
    endloop
  endfacet
  facet normal 0.442322 -0.896856 0
    outer loop
      vertex 54.1481 0.228363 0
      vertex 54.5 0.401917 2.6
      vertex 54.1481 0.228363 2.6
    endloop
  endfacet
  facet normal 0.442322 -0.896856 0
    outer loop
      vertex 54.5 0.401917 2.6
      vertex 54.1481 0.228363 0
      vertex 54.5 0.401917 0
    endloop
  endfacet
  facet normal 0.555553 -0.831481 0
    outer loop
      vertex 54.5 0.401917 0
      vertex 54.8263 0.619934 2.6
      vertex 54.5 0.401917 2.6
    endloop
  endfacet
  facet normal 0.555553 -0.831481 0
    outer loop
      vertex 54.8263 0.619934 2.6
      vertex 54.5 0.401917 0
      vertex 54.8263 0.619934 0
    endloop
  endfacet
  facet normal 0.32141 0.94694 -0
    outer loop
      vertex 12.913 11.4431 0
      vertex 12.3927 11.6197 2.19
      vertex 12.913 11.4431 2.19
    endloop
  endfacet
  facet normal 0.32141 0.94694 0
    outer loop
      vertex 12.3927 11.6197 2.19
      vertex 12.913 11.4431 0
      vertex 12.3927 11.6197 0
    endloop
  endfacet
  facet normal 0.659458 0.751742 -0
    outer loop
      vertex 11.4432 12.1679 0
      vertex 11.0302 12.5302 2.19
      vertex 11.4432 12.1679 2.19
    endloop
  endfacet
  facet normal 0.659458 0.751742 0
    outer loop
      vertex 11.0302 12.5302 2.19
      vertex 11.4432 12.1679 0
      vertex 11.0302 12.5302 0
    endloop
  endfacet
  facet normal -0.980776 -0.195136 0
    outer loop
      vertex 18.1641 16.0482 0
      vertex 18.0569 16.587 2.19
      vertex 18.0569 16.587 0
    endloop
  endfacet
  facet normal -0.980776 -0.195136 0
    outer loop
      vertex 18.0569 16.587 2.19
      vertex 18.1641 16.0482 0
      vertex 18.1641 16.0482 2.19
    endloop
  endfacet
  facet normal -0.997863 -0.0653471 0
    outer loop
      vertex 18.2 15.5 0
      vertex 18.1641 16.0482 2.19
      vertex 18.1641 16.0482 0
    endloop
  endfacet
  facet normal -0.997863 -0.0653471 0
    outer loop
      vertex 18.1641 16.0482 2.19
      vertex 18.2 15.5 0
      vertex 18.2 15.5 2.19
    endloop
  endfacet
  facet normal -0.94694 -0.32141 0
    outer loop
      vertex 18.0569 16.587 0
      vertex 17.8803 17.1073 2.19
      vertex 17.8803 17.1073 0
    endloop
  endfacet
  facet normal -0.94694 -0.32141 0
    outer loop
      vertex 17.8803 17.1073 2.19
      vertex 18.0569 16.587 0
      vertex 18.0569 16.587 2.19
    endloop
  endfacet
  facet normal -0.0653471 -0.997863 0
    outer loop
      vertex 14 19.7 0
      vertex 14.5482 19.6641 2.19
      vertex 14 19.7 2.19
    endloop
  endfacet
  facet normal -0.0653471 -0.997863 -0
    outer loop
      vertex 14.5482 19.6641 2.19
      vertex 14 19.7 0
      vertex 14.5482 19.6641 0
    endloop
  endfacet
  facet normal 0.997859 -0.0654015 0
    outer loop
      vertex 9.8 15.5 2.19
      vertex 9.83593 16.0482 0
      vertex 9.83593 16.0482 2.19
    endloop
  endfacet
  facet normal 0.997859 -0.0654015 0
    outer loop
      vertex 9.83593 16.0482 0
      vertex 9.8 15.5 2.19
      vertex 9.8 15.5 0
    endloop
  endfacet
  facet normal -0.32141 -0.94694 0
    outer loop
      vertex 15.087 19.5569 0
      vertex 15.6073 19.3803 2.19
      vertex 15.087 19.5569 2.19
    endloop
  endfacet
  facet normal -0.32141 -0.94694 -0
    outer loop
      vertex 15.6073 19.3803 2.19
      vertex 15.087 19.5569 0
      vertex 15.6073 19.3803 0
    endloop
  endfacet
  facet normal -0.0653471 0.997863 0
    outer loop
      vertex 14.5482 11.3359 0
      vertex 14 11.3 2.19
      vertex 14.5482 11.3359 2.19
    endloop
  endfacet
  facet normal -0.0653471 0.997863 0
    outer loop
      vertex 14 11.3 2.19
      vertex 14.5482 11.3359 0
      vertex 14 11.3 0
    endloop
  endfacet
  facet normal -0.32141 0.94694 0
    outer loop
      vertex 15.6073 11.6197 0
      vertex 15.087 11.4431 2.19
      vertex 15.6073 11.6197 2.19
    endloop
  endfacet
  facet normal -0.32141 0.94694 0
    outer loop
      vertex 15.087 11.4431 2.19
      vertex 15.6073 11.6197 0
      vertex 15.087 11.4431 0
    endloop
  endfacet
  facet normal -0.83149 -0.55554 0
    outer loop
      vertex 17.6373 17.6 0
      vertex 17.3321 18.0568 2.19
      vertex 17.3321 18.0568 0
    endloop
  endfacet
  facet normal -0.83149 -0.55554 0
    outer loop
      vertex 17.3321 18.0568 2.19
      vertex 17.6373 17.6 0
      vertex 17.6373 17.6 2.19
    endloop
  endfacet
  facet normal -0.896853 -0.442329 0
    outer loop
      vertex 17.8803 17.1073 0
      vertex 17.6373 17.6 2.19
      vertex 17.6373 17.6 0
    endloop
  endfacet
  facet normal -0.896853 -0.442329 0
    outer loop
      vertex 17.6373 17.6 2.19
      vertex 17.8803 17.1073 0
      vertex 17.8803 17.1073 2.19
    endloop
  endfacet
  facet normal 0 0 -1
    outer loop
      vertex 18.1641 14.9518 2.19
      vertex 18.1641 16.0482 2.19
      vertex 18.2 15.5 2.19
    endloop
  endfacet
  facet normal 0 0 -1
    outer loop
      vertex 18.0569 14.413 2.19
      vertex 18.1641 16.0482 2.19
      vertex 18.1641 14.9518 2.19
    endloop
  endfacet
  facet normal 0 0 -1
    outer loop
      vertex 18.0569 14.413 2.19
      vertex 18.0569 16.587 2.19
      vertex 18.1641 16.0482 2.19
    endloop
  endfacet
  facet normal 0 0 -1
    outer loop
      vertex 17.8803 13.8927 2.19
      vertex 18.0569 16.587 2.19
      vertex 18.0569 14.413 2.19
    endloop
  endfacet
  facet normal 0 0 -1
    outer loop
      vertex 17.8803 13.8927 2.19
      vertex 17.8803 17.1073 2.19
      vertex 18.0569 16.587 2.19
    endloop
  endfacet
  facet normal 0 0 -1
    outer loop
      vertex 17.6373 13.4 2.19
      vertex 17.8803 17.1073 2.19
      vertex 17.8803 13.8927 2.19
    endloop
  endfacet
  facet normal 0 0 -1
    outer loop
      vertex 17.6373 13.4 2.19
      vertex 17.6373 17.6 2.19
      vertex 17.8803 17.1073 2.19
    endloop
  endfacet
  facet normal 0 0 -1
    outer loop
      vertex 17.3321 12.9432 2.19
      vertex 17.6373 17.6 2.19
      vertex 17.6373 13.4 2.19
    endloop
  endfacet
  facet normal 0 0 -1
    outer loop
      vertex 17.3321 12.9432 2.19
      vertex 17.3321 18.0568 2.19
      vertex 17.6373 17.6 2.19
    endloop
  endfacet
  facet normal 0 0 -1
    outer loop
      vertex 16.9698 12.5302 2.19
      vertex 17.3321 18.0568 2.19
      vertex 17.3321 12.9432 2.19
    endloop
  endfacet
  facet normal 0 0 -1
    outer loop
      vertex 16.9698 12.5302 2.19
      vertex 16.9698 18.4698 2.19
      vertex 17.3321 18.0568 2.19
    endloop
  endfacet
  facet normal 0 0 -1
    outer loop
      vertex 16.5568 12.1679 2.19
      vertex 16.9698 18.4698 2.19
      vertex 16.9698 12.5302 2.19
    endloop
  endfacet
  facet normal 0 0 -1
    outer loop
      vertex 16.5568 12.1679 2.19
      vertex 16.5568 18.8321 2.19
      vertex 16.9698 18.4698 2.19
    endloop
  endfacet
  facet normal 0 0 -1
    outer loop
      vertex 16.1 11.8627 2.19
      vertex 16.5568 18.8321 2.19
      vertex 16.5568 12.1679 2.19
    endloop
  endfacet
  facet normal 0 0 -1
    outer loop
      vertex 16.1 11.8627 2.19
      vertex 16.1 19.1373 2.19
      vertex 16.5568 18.8321 2.19
    endloop
  endfacet
  facet normal 0 0 -1
    outer loop
      vertex 15.6073 11.6197 2.19
      vertex 16.1 19.1373 2.19
      vertex 16.1 11.8627 2.19
    endloop
  endfacet
  facet normal 0 0 -1
    outer loop
      vertex 15.6073 11.6197 2.19
      vertex 15.6073 19.3803 2.19
      vertex 16.1 19.1373 2.19
    endloop
  endfacet
  facet normal 0 0 -1
    outer loop
      vertex 15.087 11.4431 2.19
      vertex 15.6073 19.3803 2.19
      vertex 15.6073 11.6197 2.19
    endloop
  endfacet
  facet normal 0 0 -1
    outer loop
      vertex 15.087 11.4431 2.19
      vertex 15.087 19.5569 2.19
      vertex 15.6073 19.3803 2.19
    endloop
  endfacet
  facet normal 0 0 -1
    outer loop
      vertex 14.5482 11.3359 2.19
      vertex 15.087 19.5569 2.19
      vertex 15.087 11.4431 2.19
    endloop
  endfacet
  facet normal 0 0 -1
    outer loop
      vertex 14.5482 11.3359 2.19
      vertex 14.5482 19.6641 2.19
      vertex 15.087 19.5569 2.19
    endloop
  endfacet
  facet normal 0 0 -1
    outer loop
      vertex 14 11.3 2.19
      vertex 14.5482 19.6641 2.19
      vertex 14.5482 11.3359 2.19
    endloop
  endfacet
  facet normal 0 0 -1
    outer loop
      vertex 14 11.3 2.19
      vertex 14 19.7 2.19
      vertex 14.5482 19.6641 2.19
    endloop
  endfacet
  facet normal 0 0 -1
    outer loop
      vertex 13.4518 11.3359 2.19
      vertex 14 19.7 2.19
      vertex 14 11.3 2.19
    endloop
  endfacet
  facet normal 0 0 -1
    outer loop
      vertex 13.4518 11.3359 2.19
      vertex 13.4518 19.6641 2.19
      vertex 14 19.7 2.19
    endloop
  endfacet
  facet normal 0 0 -1
    outer loop
      vertex 12.913 11.4431 2.19
      vertex 13.4518 19.6641 2.19
      vertex 13.4518 11.3359 2.19
    endloop
  endfacet
  facet normal 0 0 -1
    outer loop
      vertex 12.913 11.4431 2.19
      vertex 12.913 19.5569 2.19
      vertex 13.4518 19.6641 2.19
    endloop
  endfacet
  facet normal 0 0 -1
    outer loop
      vertex 12.3927 11.6197 2.19
      vertex 12.913 19.5569 2.19
      vertex 12.913 11.4431 2.19
    endloop
  endfacet
  facet normal 0 0 -1
    outer loop
      vertex 12.3927 11.6197 2.19
      vertex 12.3927 19.3803 2.19
      vertex 12.913 19.5569 2.19
    endloop
  endfacet
  facet normal 0 0 -1
    outer loop
      vertex 11.9 11.8627 2.19
      vertex 12.3927 19.3803 2.19
      vertex 12.3927 11.6197 2.19
    endloop
  endfacet
  facet normal 0 0 -1
    outer loop
      vertex 11.9 11.8627 2.19
      vertex 11.9 19.1373 2.19
      vertex 12.3927 19.3803 2.19
    endloop
  endfacet
  facet normal 0 0 -1
    outer loop
      vertex 11.4432 12.1679 2.19
      vertex 11.9 19.1373 2.19
      vertex 11.9 11.8627 2.19
    endloop
  endfacet
  facet normal 0 0 -1
    outer loop
      vertex 11.4432 12.1679 2.19
      vertex 11.4432 18.8321 2.19
      vertex 11.9 19.1373 2.19
    endloop
  endfacet
  facet normal 0 0 -1
    outer loop
      vertex 11.0302 12.5302 2.19
      vertex 11.4432 18.8321 2.19
      vertex 11.4432 12.1679 2.19
    endloop
  endfacet
  facet normal 0 0 -1
    outer loop
      vertex 11.0302 12.5302 2.19
      vertex 11.0302 18.4698 2.19
      vertex 11.4432 18.8321 2.19
    endloop
  endfacet
  facet normal 0 0 -1
    outer loop
      vertex 10.6679 12.9432 2.19
      vertex 11.0302 18.4698 2.19
      vertex 11.0302 12.5302 2.19
    endloop
  endfacet
  facet normal 0 0 -1
    outer loop
      vertex 10.6679 12.9432 2.19
      vertex 10.6679 18.0568 2.19
      vertex 11.0302 18.4698 2.19
    endloop
  endfacet
  facet normal 0 0 -1
    outer loop
      vertex 10.3627 13.4 2.19
      vertex 10.6679 18.0568 2.19
      vertex 10.6679 12.9432 2.19
    endloop
  endfacet
  facet normal 0 0 -1
    outer loop
      vertex 10.3627 13.4 2.19
      vertex 10.3627 17.6 2.19
      vertex 10.6679 18.0568 2.19
    endloop
  endfacet
  facet normal 0 0 -1
    outer loop
      vertex 10.1197 13.8927 2.19
      vertex 10.3627 17.6 2.19
      vertex 10.3627 13.4 2.19
    endloop
  endfacet
  facet normal 0 0 -1
    outer loop
      vertex 10.1197 13.8927 2.19
      vertex 10.1197 17.1073 2.19
      vertex 10.3627 17.6 2.19
    endloop
  endfacet
  facet normal 0 0 -1
    outer loop
      vertex 9.94311 14.413 2.19
      vertex 10.1197 17.1073 2.19
      vertex 10.1197 13.8927 2.19
    endloop
  endfacet
  facet normal 0 0 -1
    outer loop
      vertex 9.94311 14.413 2.19
      vertex 9.94311 16.587 2.19
      vertex 10.1197 17.1073 2.19
    endloop
  endfacet
  facet normal 0 0 -1
    outer loop
      vertex 9.83593 14.9518 2.19
      vertex 9.94311 16.587 2.19
      vertex 9.94311 14.413 2.19
    endloop
  endfacet
  facet normal 0 0 -1
    outer loop
      vertex 9.83593 14.9518 2.19
      vertex 9.83593 16.0482 2.19
      vertex 9.94311 16.587 2.19
    endloop
  endfacet
  facet normal 0 -0 -1
    outer loop
      vertex 9.83593 16.0482 2.19
      vertex 9.83593 14.9518 2.19
      vertex 9.8 15.5 2.19
    endloop
  endfacet
  facet normal 0.0653471 0.997863 -0
    outer loop
      vertex 14 11.3 0
      vertex 13.4518 11.3359 2.19
      vertex 14 11.3 2.19
    endloop
  endfacet
  facet normal 0.0653471 0.997863 0
    outer loop
      vertex 13.4518 11.3359 2.19
      vertex 14 11.3 0
      vertex 13.4518 11.3359 0
    endloop
  endfacet
  facet normal 0.442329 0.896853 -0
    outer loop
      vertex 12.3927 11.6197 0
      vertex 11.9 11.8627 2.19
      vertex 12.3927 11.6197 2.19
    endloop
  endfacet
  facet normal 0.442329 0.896853 0
    outer loop
      vertex 11.9 11.8627 2.19
      vertex 12.3927 11.6197 0
      vertex 11.9 11.8627 0
    endloop
  endfacet
  facet normal 0.55554 0.83149 -0
    outer loop
      vertex 11.9 11.8627 0
      vertex 11.4432 12.1679 2.19
      vertex 11.9 11.8627 2.19
    endloop
  endfacet
  facet normal 0.55554 0.83149 0
    outer loop
      vertex 11.4432 12.1679 2.19
      vertex 11.9 11.8627 0
      vertex 11.4432 12.1679 0
    endloop
  endfacet
  facet normal -0.94694 0.32141 0
    outer loop
      vertex 17.8803 13.8927 0
      vertex 18.0569 14.413 2.19
      vertex 18.0569 14.413 0
    endloop
  endfacet
  facet normal -0.94694 0.32141 0
    outer loop
      vertex 18.0569 14.413 2.19
      vertex 17.8803 13.8927 0
      vertex 17.8803 13.8927 2.19
    endloop
  endfacet
  facet normal -0.195136 -0.980776 0
    outer loop
      vertex 14.5482 19.6641 0
      vertex 15.087 19.5569 2.19
      vertex 14.5482 19.6641 2.19
    endloop
  endfacet
  facet normal -0.195136 -0.980776 -0
    outer loop
      vertex 15.087 19.5569 2.19
      vertex 14.5482 19.6641 0
      vertex 15.087 19.5569 0
    endloop
  endfacet
  facet normal -0.896853 0.442329 0
    outer loop
      vertex 17.6373 13.4 0
      vertex 17.8803 13.8927 2.19
      vertex 17.8803 13.8927 0
    endloop
  endfacet
  facet normal -0.896853 0.442329 0
    outer loop
      vertex 17.8803 13.8927 2.19
      vertex 17.6373 13.4 0
      vertex 17.6373 13.4 2.19
    endloop
  endfacet
  facet normal 0.442329 -0.896853 0
    outer loop
      vertex 11.9 19.1373 0
      vertex 12.3927 19.3803 2.19
      vertex 11.9 19.1373 2.19
    endloop
  endfacet
  facet normal 0.442329 -0.896853 0
    outer loop
      vertex 12.3927 19.3803 2.19
      vertex 11.9 19.1373 0
      vertex 12.3927 19.3803 0
    endloop
  endfacet
  facet normal 0.751742 -0.659458 0
    outer loop
      vertex 10.6679 18.0568 2.19
      vertex 11.0302 18.4698 0
      vertex 11.0302 18.4698 2.19
    endloop
  endfacet
  facet normal 0.751742 -0.659458 0
    outer loop
      vertex 11.0302 18.4698 0
      vertex 10.6679 18.0568 2.19
      vertex 10.6679 18.0568 0
    endloop
  endfacet
  facet normal 0.0653471 -0.997863 0
    outer loop
      vertex 13.4518 19.6641 0
      vertex 14 19.7 2.19
      vertex 13.4518 19.6641 2.19
    endloop
  endfacet
  facet normal 0.0653471 -0.997863 0
    outer loop
      vertex 14 19.7 2.19
      vertex 13.4518 19.6641 0
      vertex 14 19.7 0
    endloop
  endfacet
  facet normal -0.195136 0.980776 0
    outer loop
      vertex 15.087 11.4431 0
      vertex 14.5482 11.3359 2.19
      vertex 15.087 11.4431 2.19
    endloop
  endfacet
  facet normal -0.195136 0.980776 0
    outer loop
      vertex 14.5482 11.3359 2.19
      vertex 15.087 11.4431 0
      vertex 14.5482 11.3359 0
    endloop
  endfacet
  facet normal -0.997863 0.0653471 0
    outer loop
      vertex 18.1641 14.9518 0
      vertex 18.2 15.5 2.19
      vertex 18.2 15.5 0
    endloop
  endfacet
  facet normal -0.997863 0.0653471 0
    outer loop
      vertex 18.2 15.5 2.19
      vertex 18.1641 14.9518 0
      vertex 18.1641 14.9518 2.19
    endloop
  endfacet
  facet normal 0.55554 -0.83149 0
    outer loop
      vertex 11.4432 18.8321 0
      vertex 11.9 19.1373 2.19
      vertex 11.4432 18.8321 2.19
    endloop
  endfacet
  facet normal 0.55554 -0.83149 0
    outer loop
      vertex 11.9 19.1373 2.19
      vertex 11.4432 18.8321 0
      vertex 11.9 19.1373 0
    endloop
  endfacet
  facet normal -0.751742 0.659458 0
    outer loop
      vertex 16.9698 12.5302 0
      vertex 17.3321 12.9432 2.19
      vertex 17.3321 12.9432 0
    endloop
  endfacet
  facet normal -0.751742 0.659458 0
    outer loop
      vertex 17.3321 12.9432 2.19
      vertex 16.9698 12.5302 0
      vertex 16.9698 12.5302 2.19
    endloop
  endfacet
  facet normal -0.55554 0.83149 0
    outer loop
      vertex 16.5568 12.1679 0
      vertex 16.1 11.8627 2.19
      vertex 16.5568 12.1679 2.19
    endloop
  endfacet
  facet normal -0.55554 0.83149 0
    outer loop
      vertex 16.1 11.8627 2.19
      vertex 16.5568 12.1679 0
      vertex 16.1 11.8627 0
    endloop
  endfacet
  facet normal 0.195136 -0.980776 0
    outer loop
      vertex 12.913 19.5569 0
      vertex 13.4518 19.6641 2.19
      vertex 12.913 19.5569 2.19
    endloop
  endfacet
  facet normal 0.195136 -0.980776 0
    outer loop
      vertex 13.4518 19.6641 2.19
      vertex 12.913 19.5569 0
      vertex 13.4518 19.6641 0
    endloop
  endfacet
  facet normal 0.896853 0.442329 0
    outer loop
      vertex 10.3627 13.4 2.19
      vertex 10.1197 13.8927 0
      vertex 10.1197 13.8927 2.19
    endloop
  endfacet
  facet normal 0.896853 0.442329 0
    outer loop
      vertex 10.1197 13.8927 0
      vertex 10.3627 13.4 2.19
      vertex 10.3627 13.4 0
    endloop
  endfacet
  facet normal 0.946946 0.321394 0
    outer loop
      vertex 10.1197 13.8927 2.19
      vertex 9.94311 14.413 0
      vertex 9.94311 14.413 2.19
    endloop
  endfacet
  facet normal 0.946946 0.321394 0
    outer loop
      vertex 9.94311 14.413 0
      vertex 10.1197 13.8927 2.19
      vertex 10.1197 13.8927 0
    endloop
  endfacet
  facet normal -0.751742 -0.659458 0
    outer loop
      vertex 17.3321 18.0568 0
      vertex 16.9698 18.4698 2.19
      vertex 16.9698 18.4698 0
    endloop
  endfacet
  facet normal -0.751742 -0.659458 0
    outer loop
      vertex 16.9698 18.4698 2.19
      vertex 17.3321 18.0568 0
      vertex 17.3321 18.0568 2.19
    endloop
  endfacet
  facet normal -0.980776 0.195136 0
    outer loop
      vertex 18.0569 14.413 0
      vertex 18.1641 14.9518 2.19
      vertex 18.1641 14.9518 0
    endloop
  endfacet
  facet normal -0.980776 0.195136 0
    outer loop
      vertex 18.1641 14.9518 2.19
      vertex 18.0569 14.413 0
      vertex 18.0569 14.413 2.19
    endloop
  endfacet
  facet normal -0.442329 -0.896853 0
    outer loop
      vertex 15.6073 19.3803 0
      vertex 16.1 19.1373 2.19
      vertex 15.6073 19.3803 2.19
    endloop
  endfacet
  facet normal -0.442329 -0.896853 -0
    outer loop
      vertex 16.1 19.1373 2.19
      vertex 15.6073 19.3803 0
      vertex 16.1 19.1373 0
    endloop
  endfacet
  facet normal 0.946946 -0.321394 0
    outer loop
      vertex 9.94311 16.587 2.19
      vertex 10.1197 17.1073 0
      vertex 10.1197 17.1073 2.19
    endloop
  endfacet
  facet normal 0.946946 -0.321394 0
    outer loop
      vertex 10.1197 17.1073 0
      vertex 9.94311 16.587 2.19
      vertex 9.94311 16.587 0
    endloop
  endfacet
  facet normal 0.32141 -0.94694 0
    outer loop
      vertex 12.3927 19.3803 0
      vertex 12.913 19.5569 2.19
      vertex 12.3927 19.3803 2.19
    endloop
  endfacet
  facet normal 0.32141 -0.94694 0
    outer loop
      vertex 12.913 19.5569 2.19
      vertex 12.3927 19.3803 0
      vertex 12.913 19.5569 0
    endloop
  endfacet
  facet normal -0.442329 0.896853 0
    outer loop
      vertex 16.1 11.8627 0
      vertex 15.6073 11.6197 2.19
      vertex 16.1 11.8627 2.19
    endloop
  endfacet
  facet normal -0.442329 0.896853 0
    outer loop
      vertex 15.6073 11.6197 2.19
      vertex 16.1 11.8627 0
      vertex 15.6073 11.6197 0
    endloop
  endfacet
  facet normal 0.83149 0.55554 0
    outer loop
      vertex 10.6679 12.9432 2.19
      vertex 10.3627 13.4 0
      vertex 10.3627 13.4 2.19
    endloop
  endfacet
  facet normal 0.83149 0.55554 0
    outer loop
      vertex 10.3627 13.4 0
      vertex 10.6679 12.9432 2.19
      vertex 10.6679 12.9432 0
    endloop
  endfacet
  facet normal 0.980783 -0.195101 0
    outer loop
      vertex 9.83593 16.0482 2.19
      vertex 9.94311 16.587 0
      vertex 9.94311 16.587 2.19
    endloop
  endfacet
  facet normal 0.980783 -0.195101 0
    outer loop
      vertex 9.94311 16.587 0
      vertex 9.83593 16.0482 2.19
      vertex 9.83593 16.0482 0
    endloop
  endfacet
  facet normal 0.980783 0.195101 0
    outer loop
      vertex 9.94311 14.413 2.19
      vertex 9.83593 14.9518 0
      vertex 9.83593 14.9518 2.19
    endloop
  endfacet
  facet normal 0.980783 0.195101 0
    outer loop
      vertex 9.83593 14.9518 0
      vertex 9.94311 14.413 2.19
      vertex 9.94311 14.413 0
    endloop
  endfacet
  facet normal 0.659458 -0.751742 0
    outer loop
      vertex 11.0302 18.4698 0
      vertex 11.4432 18.8321 2.19
      vertex 11.0302 18.4698 2.19
    endloop
  endfacet
  facet normal 0.659458 -0.751742 0
    outer loop
      vertex 11.4432 18.8321 2.19
      vertex 11.0302 18.4698 0
      vertex 11.4432 18.8321 0
    endloop
  endfacet
  facet normal -0.55554 -0.83149 0
    outer loop
      vertex 16.1 19.1373 0
      vertex 16.5568 18.8321 2.19
      vertex 16.1 19.1373 2.19
    endloop
  endfacet
  facet normal -0.55554 -0.83149 -0
    outer loop
      vertex 16.5568 18.8321 2.19
      vertex 16.1 19.1373 0
      vertex 16.5568 18.8321 0
    endloop
  endfacet
  facet normal -0.659458 -0.751742 0
    outer loop
      vertex 16.5568 18.8321 0
      vertex 16.9698 18.4698 2.19
      vertex 16.5568 18.8321 2.19
    endloop
  endfacet
  facet normal -0.659458 -0.751742 -0
    outer loop
      vertex 16.9698 18.4698 2.19
      vertex 16.5568 18.8321 0
      vertex 16.9698 18.4698 0
    endloop
  endfacet
  facet normal 0.751742 0.659458 0
    outer loop
      vertex 11.0302 12.5302 2.19
      vertex 10.6679 12.9432 0
      vertex 10.6679 12.9432 2.19
    endloop
  endfacet
  facet normal 0.751742 0.659458 0
    outer loop
      vertex 10.6679 12.9432 0
      vertex 11.0302 12.5302 2.19
      vertex 11.0302 12.5302 0
    endloop
  endfacet
  facet normal -0.83149 0.55554 0
    outer loop
      vertex 17.3321 12.9432 0
      vertex 17.6373 13.4 2.19
      vertex 17.6373 13.4 0
    endloop
  endfacet
  facet normal -0.83149 0.55554 0
    outer loop
      vertex 17.6373 13.4 2.19
      vertex 17.3321 12.9432 0
      vertex 17.3321 12.9432 2.19
    endloop
  endfacet
  facet normal -0.659458 0.751742 0
    outer loop
      vertex 16.9698 12.5302 0
      vertex 16.5568 12.1679 2.19
      vertex 16.9698 12.5302 2.19
    endloop
  endfacet
  facet normal -0.659458 0.751742 0
    outer loop
      vertex 16.5568 12.1679 2.19
      vertex 16.9698 12.5302 0
      vertex 16.5568 12.1679 0
    endloop
  endfacet
  facet normal 0.997859 0.0654015 0
    outer loop
      vertex 9.83593 14.9518 2.19
      vertex 9.8 15.5 0
      vertex 9.8 15.5 2.19
    endloop
  endfacet
  facet normal 0.997859 0.0654015 0
    outer loop
      vertex 9.8 15.5 0
      vertex 9.83593 14.9518 2.19
      vertex 9.83593 14.9518 0
    endloop
  endfacet
  facet normal 0.896853 -0.442329 0
    outer loop
      vertex 10.1197 17.1073 2.19
      vertex 10.3627 17.6 0
      vertex 10.3627 17.6 2.19
    endloop
  endfacet
  facet normal 0.896853 -0.442329 0
    outer loop
      vertex 10.3627 17.6 0
      vertex 10.1197 17.1073 2.19
      vertex 10.1197 17.1073 0
    endloop
  endfacet
  facet normal 0.195136 0.980776 -0
    outer loop
      vertex 13.4518 11.3359 0
      vertex 12.913 11.4431 2.19
      vertex 13.4518 11.3359 2.19
    endloop
  endfacet
  facet normal 0.195136 0.980776 0
    outer loop
      vertex 12.913 11.4431 2.19
      vertex 13.4518 11.3359 0
      vertex 12.913 11.4431 0
    endloop
  endfacet
  facet normal 0.83149 -0.55554 0
    outer loop
      vertex 10.3627 17.6 2.19
      vertex 10.6679 18.0568 0
      vertex 10.6679 18.0568 2.19
    endloop
  endfacet
  facet normal 0.83149 -0.55554 0
    outer loop
      vertex 10.6679 18.0568 0
      vertex 10.3627 17.6 2.19
      vertex 10.3627 17.6 0
    endloop
  endfacet
  facet normal 0.32141 0.94694 -0
    outer loop
      vertex 40.913 11.4431 0
      vertex 40.3927 11.6197 2.19
      vertex 40.913 11.4431 2.19
    endloop
  endfacet
  facet normal 0.32141 0.94694 0
    outer loop
      vertex 40.3927 11.6197 2.19
      vertex 40.913 11.4431 0
      vertex 40.3927 11.6197 0
    endloop
  endfacet
  facet normal 0.659458 0.751742 -0
    outer loop
      vertex 39.4432 12.1679 0
      vertex 39.0302 12.5302 2.19
      vertex 39.4432 12.1679 2.19
    endloop
  endfacet
  facet normal 0.659458 0.751742 0
    outer loop
      vertex 39.0302 12.5302 2.19
      vertex 39.4432 12.1679 0
      vertex 39.0302 12.5302 0
    endloop
  endfacet
  facet normal -0.980776 -0.195136 0
    outer loop
      vertex 46.1641 16.0482 0
      vertex 46.0569 16.587 2.19
      vertex 46.0569 16.587 0
    endloop
  endfacet
  facet normal -0.980776 -0.195136 0
    outer loop
      vertex 46.0569 16.587 2.19
      vertex 46.1641 16.0482 0
      vertex 46.1641 16.0482 2.19
    endloop
  endfacet
  facet normal -0.997863 -0.0653471 0
    outer loop
      vertex 46.2 15.5 0
      vertex 46.1641 16.0482 2.19
      vertex 46.1641 16.0482 0
    endloop
  endfacet
  facet normal -0.997863 -0.0653471 0
    outer loop
      vertex 46.1641 16.0482 2.19
      vertex 46.2 15.5 0
      vertex 46.2 15.5 2.19
    endloop
  endfacet
  facet normal -0.94694 -0.32141 0
    outer loop
      vertex 46.0569 16.587 0
      vertex 45.8803 17.1073 2.19
      vertex 45.8803 17.1073 0
    endloop
  endfacet
  facet normal -0.94694 -0.32141 0
    outer loop
      vertex 45.8803 17.1073 2.19
      vertex 46.0569 16.587 0
      vertex 46.0569 16.587 2.19
    endloop
  endfacet
  facet normal -0.0653471 -0.997863 0
    outer loop
      vertex 42 19.7 0
      vertex 42.5482 19.6641 2.19
      vertex 42 19.7 2.19
    endloop
  endfacet
  facet normal -0.0653471 -0.997863 -0
    outer loop
      vertex 42.5482 19.6641 2.19
      vertex 42 19.7 0
      vertex 42.5482 19.6641 0
    endloop
  endfacet
  facet normal 0.997863 -0.0653471 0
    outer loop
      vertex 37.8 15.5 2.19
      vertex 37.8359 16.0482 0
      vertex 37.8359 16.0482 2.19
    endloop
  endfacet
  facet normal 0.997863 -0.0653471 0
    outer loop
      vertex 37.8359 16.0482 0
      vertex 37.8 15.5 2.19
      vertex 37.8 15.5 0
    endloop
  endfacet
  facet normal -0.32141 -0.94694 0
    outer loop
      vertex 43.087 19.5569 0
      vertex 43.6073 19.3803 2.19
      vertex 43.087 19.5569 2.19
    endloop
  endfacet
  facet normal -0.32141 -0.94694 -0
    outer loop
      vertex 43.6073 19.3803 2.19
      vertex 43.087 19.5569 0
      vertex 43.6073 19.3803 0
    endloop
  endfacet
  facet normal -0.0653471 0.997863 0
    outer loop
      vertex 42.5482 11.3359 0
      vertex 42 11.3 2.19
      vertex 42.5482 11.3359 2.19
    endloop
  endfacet
  facet normal -0.0653471 0.997863 0
    outer loop
      vertex 42 11.3 2.19
      vertex 42.5482 11.3359 0
      vertex 42 11.3 0
    endloop
  endfacet
  facet normal -0.32141 0.94694 0
    outer loop
      vertex 43.6073 11.6197 0
      vertex 43.087 11.4431 2.19
      vertex 43.6073 11.6197 2.19
    endloop
  endfacet
  facet normal -0.32141 0.94694 0
    outer loop
      vertex 43.087 11.4431 2.19
      vertex 43.6073 11.6197 0
      vertex 43.087 11.4431 0
    endloop
  endfacet
  facet normal -0.83149 -0.55554 0
    outer loop
      vertex 45.6373 17.6 0
      vertex 45.3321 18.0568 2.19
      vertex 45.3321 18.0568 0
    endloop
  endfacet
  facet normal -0.83149 -0.55554 0
    outer loop
      vertex 45.3321 18.0568 2.19
      vertex 45.6373 17.6 0
      vertex 45.6373 17.6 2.19
    endloop
  endfacet
  facet normal -0.896853 -0.442329 0
    outer loop
      vertex 45.8803 17.1073 0
      vertex 45.6373 17.6 2.19
      vertex 45.6373 17.6 0
    endloop
  endfacet
  facet normal -0.896853 -0.442329 0
    outer loop
      vertex 45.6373 17.6 2.19
      vertex 45.8803 17.1073 0
      vertex 45.8803 17.1073 2.19
    endloop
  endfacet
  facet normal 0 0 -1
    outer loop
      vertex 46.1641 14.9518 2.19
      vertex 46.1641 16.0482 2.19
      vertex 46.2 15.5 2.19
    endloop
  endfacet
  facet normal 0 0 -1
    outer loop
      vertex 46.0569 14.413 2.19
      vertex 46.1641 16.0482 2.19
      vertex 46.1641 14.9518 2.19
    endloop
  endfacet
  facet normal 0 0 -1
    outer loop
      vertex 46.0569 14.413 2.19
      vertex 46.0569 16.587 2.19
      vertex 46.1641 16.0482 2.19
    endloop
  endfacet
  facet normal 0 0 -1
    outer loop
      vertex 45.8803 13.8927 2.19
      vertex 46.0569 16.587 2.19
      vertex 46.0569 14.413 2.19
    endloop
  endfacet
  facet normal 0 0 -1
    outer loop
      vertex 45.8803 13.8927 2.19
      vertex 45.8803 17.1073 2.19
      vertex 46.0569 16.587 2.19
    endloop
  endfacet
  facet normal 0 0 -1
    outer loop
      vertex 45.6373 13.4 2.19
      vertex 45.8803 17.1073 2.19
      vertex 45.8803 13.8927 2.19
    endloop
  endfacet
  facet normal 0 0 -1
    outer loop
      vertex 45.6373 13.4 2.19
      vertex 45.6373 17.6 2.19
      vertex 45.8803 17.1073 2.19
    endloop
  endfacet
  facet normal 0 0 -1
    outer loop
      vertex 45.3321 12.9432 2.19
      vertex 45.6373 17.6 2.19
      vertex 45.6373 13.4 2.19
    endloop
  endfacet
  facet normal 0 0 -1
    outer loop
      vertex 45.3321 12.9432 2.19
      vertex 45.3321 18.0568 2.19
      vertex 45.6373 17.6 2.19
    endloop
  endfacet
  facet normal 0 0 -1
    outer loop
      vertex 44.9698 12.5302 2.19
      vertex 45.3321 18.0568 2.19
      vertex 45.3321 12.9432 2.19
    endloop
  endfacet
  facet normal 0 0 -1
    outer loop
      vertex 44.9698 12.5302 2.19
      vertex 44.9698 18.4698 2.19
      vertex 45.3321 18.0568 2.19
    endloop
  endfacet
  facet normal 0 0 -1
    outer loop
      vertex 44.5568 12.1679 2.19
      vertex 44.9698 18.4698 2.19
      vertex 44.9698 12.5302 2.19
    endloop
  endfacet
  facet normal 0 0 -1
    outer loop
      vertex 44.5568 12.1679 2.19
      vertex 44.5568 18.8321 2.19
      vertex 44.9698 18.4698 2.19
    endloop
  endfacet
  facet normal 0 0 -1
    outer loop
      vertex 44.1 11.8627 2.19
      vertex 44.5568 18.8321 2.19
      vertex 44.5568 12.1679 2.19
    endloop
  endfacet
  facet normal 0 0 -1
    outer loop
      vertex 44.1 11.8627 2.19
      vertex 44.1 19.1373 2.19
      vertex 44.5568 18.8321 2.19
    endloop
  endfacet
  facet normal 0 0 -1
    outer loop
      vertex 43.6073 11.6197 2.19
      vertex 44.1 19.1373 2.19
      vertex 44.1 11.8627 2.19
    endloop
  endfacet
  facet normal 0 0 -1
    outer loop
      vertex 43.6073 11.6197 2.19
      vertex 43.6073 19.3803 2.19
      vertex 44.1 19.1373 2.19
    endloop
  endfacet
  facet normal 0 0 -1
    outer loop
      vertex 43.087 11.4431 2.19
      vertex 43.6073 19.3803 2.19
      vertex 43.6073 11.6197 2.19
    endloop
  endfacet
  facet normal 0 0 -1
    outer loop
      vertex 43.087 11.4431 2.19
      vertex 43.087 19.5569 2.19
      vertex 43.6073 19.3803 2.19
    endloop
  endfacet
  facet normal 0 0 -1
    outer loop
      vertex 42.5482 11.3359 2.19
      vertex 43.087 19.5569 2.19
      vertex 43.087 11.4431 2.19
    endloop
  endfacet
  facet normal 0 0 -1
    outer loop
      vertex 42.5482 11.3359 2.19
      vertex 42.5482 19.6641 2.19
      vertex 43.087 19.5569 2.19
    endloop
  endfacet
  facet normal 0 0 -1
    outer loop
      vertex 42 11.3 2.19
      vertex 42.5482 19.6641 2.19
      vertex 42.5482 11.3359 2.19
    endloop
  endfacet
  facet normal 0 0 -1
    outer loop
      vertex 42 11.3 2.19
      vertex 42 19.7 2.19
      vertex 42.5482 19.6641 2.19
    endloop
  endfacet
  facet normal 0 0 -1
    outer loop
      vertex 41.4518 11.3359 2.19
      vertex 42 19.7 2.19
      vertex 42 11.3 2.19
    endloop
  endfacet
  facet normal 0 0 -1
    outer loop
      vertex 41.4518 11.3359 2.19
      vertex 41.4518 19.6641 2.19
      vertex 42 19.7 2.19
    endloop
  endfacet
  facet normal 0 0 -1
    outer loop
      vertex 40.913 11.4431 2.19
      vertex 41.4518 19.6641 2.19
      vertex 41.4518 11.3359 2.19
    endloop
  endfacet
  facet normal 0 0 -1
    outer loop
      vertex 40.913 11.4431 2.19
      vertex 40.913 19.5569 2.19
      vertex 41.4518 19.6641 2.19
    endloop
  endfacet
  facet normal 0 0 -1
    outer loop
      vertex 40.3927 11.6197 2.19
      vertex 40.913 19.5569 2.19
      vertex 40.913 11.4431 2.19
    endloop
  endfacet
  facet normal 0 0 -1
    outer loop
      vertex 40.3927 11.6197 2.19
      vertex 40.3927 19.3803 2.19
      vertex 40.913 19.5569 2.19
    endloop
  endfacet
  facet normal 0 0 -1
    outer loop
      vertex 39.9 11.8627 2.19
      vertex 40.3927 19.3803 2.19
      vertex 40.3927 11.6197 2.19
    endloop
  endfacet
  facet normal 0 0 -1
    outer loop
      vertex 39.9 11.8627 2.19
      vertex 39.9 19.1373 2.19
      vertex 40.3927 19.3803 2.19
    endloop
  endfacet
  facet normal 0 0 -1
    outer loop
      vertex 39.4432 12.1679 2.19
      vertex 39.9 19.1373 2.19
      vertex 39.9 11.8627 2.19
    endloop
  endfacet
  facet normal 0 0 -1
    outer loop
      vertex 39.4432 12.1679 2.19
      vertex 39.4432 18.8321 2.19
      vertex 39.9 19.1373 2.19
    endloop
  endfacet
  facet normal 0 0 -1
    outer loop
      vertex 39.0302 12.5302 2.19
      vertex 39.4432 18.8321 2.19
      vertex 39.4432 12.1679 2.19
    endloop
  endfacet
  facet normal 0 0 -1
    outer loop
      vertex 39.0302 12.5302 2.19
      vertex 39.0302 18.4698 2.19
      vertex 39.4432 18.8321 2.19
    endloop
  endfacet
  facet normal 0 0 -1
    outer loop
      vertex 38.6679 12.9432 2.19
      vertex 39.0302 18.4698 2.19
      vertex 39.0302 12.5302 2.19
    endloop
  endfacet
  facet normal 0 0 -1
    outer loop
      vertex 38.6679 12.9432 2.19
      vertex 38.6679 18.0568 2.19
      vertex 39.0302 18.4698 2.19
    endloop
  endfacet
  facet normal 0 0 -1
    outer loop
      vertex 38.3627 13.4 2.19
      vertex 38.6679 18.0568 2.19
      vertex 38.6679 12.9432 2.19
    endloop
  endfacet
  facet normal 0 0 -1
    outer loop
      vertex 38.3627 13.4 2.19
      vertex 38.3627 17.6 2.19
      vertex 38.6679 18.0568 2.19
    endloop
  endfacet
  facet normal 0 0 -1
    outer loop
      vertex 38.1197 13.8927 2.19
      vertex 38.3627 17.6 2.19
      vertex 38.3627 13.4 2.19
    endloop
  endfacet
  facet normal 0 0 -1
    outer loop
      vertex 38.1197 13.8927 2.19
      vertex 38.1197 17.1073 2.19
      vertex 38.3627 17.6 2.19
    endloop
  endfacet
  facet normal 0 0 -1
    outer loop
      vertex 37.9431 14.413 2.19
      vertex 38.1197 17.1073 2.19
      vertex 38.1197 13.8927 2.19
    endloop
  endfacet
  facet normal 0 0 -1
    outer loop
      vertex 37.9431 14.413 2.19
      vertex 37.9431 16.587 2.19
      vertex 38.1197 17.1073 2.19
    endloop
  endfacet
  facet normal 0 0 -1
    outer loop
      vertex 37.8359 14.9518 2.19
      vertex 37.9431 16.587 2.19
      vertex 37.9431 14.413 2.19
    endloop
  endfacet
  facet normal 0 0 -1
    outer loop
      vertex 37.8359 14.9518 2.19
      vertex 37.8359 16.0482 2.19
      vertex 37.9431 16.587 2.19
    endloop
  endfacet
  facet normal 0 -0 -1
    outer loop
      vertex 37.8359 16.0482 2.19
      vertex 37.8359 14.9518 2.19
      vertex 37.8 15.5 2.19
    endloop
  endfacet
  facet normal 0.0653471 0.997863 -0
    outer loop
      vertex 42 11.3 0
      vertex 41.4518 11.3359 2.19
      vertex 42 11.3 2.19
    endloop
  endfacet
  facet normal 0.0653471 0.997863 0
    outer loop
      vertex 41.4518 11.3359 2.19
      vertex 42 11.3 0
      vertex 41.4518 11.3359 0
    endloop
  endfacet
  facet normal 0.442329 0.896853 -0
    outer loop
      vertex 40.3927 11.6197 0
      vertex 39.9 11.8627 2.19
      vertex 40.3927 11.6197 2.19
    endloop
  endfacet
  facet normal 0.442329 0.896853 0
    outer loop
      vertex 39.9 11.8627 2.19
      vertex 40.3927 11.6197 0
      vertex 39.9 11.8627 0
    endloop
  endfacet
  facet normal 0.55554 0.83149 -0
    outer loop
      vertex 39.9 11.8627 0
      vertex 39.4432 12.1679 2.19
      vertex 39.9 11.8627 2.19
    endloop
  endfacet
  facet normal 0.55554 0.83149 0
    outer loop
      vertex 39.4432 12.1679 2.19
      vertex 39.9 11.8627 0
      vertex 39.4432 12.1679 0
    endloop
  endfacet
  facet normal -0.94694 0.32141 0
    outer loop
      vertex 45.8803 13.8927 0
      vertex 46.0569 14.413 2.19
      vertex 46.0569 14.413 0
    endloop
  endfacet
  facet normal -0.94694 0.32141 0
    outer loop
      vertex 46.0569 14.413 2.19
      vertex 45.8803 13.8927 0
      vertex 45.8803 13.8927 2.19
    endloop
  endfacet
  facet normal -0.195136 -0.980776 0
    outer loop
      vertex 42.5482 19.6641 0
      vertex 43.087 19.5569 2.19
      vertex 42.5482 19.6641 2.19
    endloop
  endfacet
  facet normal -0.195136 -0.980776 -0
    outer loop
      vertex 43.087 19.5569 2.19
      vertex 42.5482 19.6641 0
      vertex 43.087 19.5569 0
    endloop
  endfacet
  facet normal -0.896853 0.442329 0
    outer loop
      vertex 45.6373 13.4 0
      vertex 45.8803 13.8927 2.19
      vertex 45.8803 13.8927 0
    endloop
  endfacet
  facet normal -0.896853 0.442329 0
    outer loop
      vertex 45.8803 13.8927 2.19
      vertex 45.6373 13.4 0
      vertex 45.6373 13.4 2.19
    endloop
  endfacet
  facet normal 0.442329 -0.896853 0
    outer loop
      vertex 39.9 19.1373 0
      vertex 40.3927 19.3803 2.19
      vertex 39.9 19.1373 2.19
    endloop
  endfacet
  facet normal 0.442329 -0.896853 0
    outer loop
      vertex 40.3927 19.3803 2.19
      vertex 39.9 19.1373 0
      vertex 40.3927 19.3803 0
    endloop
  endfacet
  facet normal 0.751742 -0.659458 0
    outer loop
      vertex 38.6679 18.0568 2.19
      vertex 39.0302 18.4698 0
      vertex 39.0302 18.4698 2.19
    endloop
  endfacet
  facet normal 0.751742 -0.659458 0
    outer loop
      vertex 39.0302 18.4698 0
      vertex 38.6679 18.0568 2.19
      vertex 38.6679 18.0568 0
    endloop
  endfacet
  facet normal -0.659458 -0.751742 0
    outer loop
      vertex 44.5568 18.8321 0
      vertex 44.9698 18.4698 2.19
      vertex 44.5568 18.8321 2.19
    endloop
  endfacet
  facet normal -0.659458 -0.751742 -0
    outer loop
      vertex 44.9698 18.4698 2.19
      vertex 44.5568 18.8321 0
      vertex 44.9698 18.4698 0
    endloop
  endfacet
  facet normal 0.0653471 -0.997863 0
    outer loop
      vertex 41.4518 19.6641 0
      vertex 42 19.7 2.19
      vertex 41.4518 19.6641 2.19
    endloop
  endfacet
  facet normal 0.0653471 -0.997863 0
    outer loop
      vertex 42 19.7 2.19
      vertex 41.4518 19.6641 0
      vertex 42 19.7 0
    endloop
  endfacet
  facet normal -0.195136 0.980776 0
    outer loop
      vertex 43.087 11.4431 0
      vertex 42.5482 11.3359 2.19
      vertex 43.087 11.4431 2.19
    endloop
  endfacet
  facet normal -0.195136 0.980776 0
    outer loop
      vertex 42.5482 11.3359 2.19
      vertex 43.087 11.4431 0
      vertex 42.5482 11.3359 0
    endloop
  endfacet
  facet normal -0.997863 0.0653471 0
    outer loop
      vertex 46.1641 14.9518 0
      vertex 46.2 15.5 2.19
      vertex 46.2 15.5 0
    endloop
  endfacet
  facet normal -0.997863 0.0653471 0
    outer loop
      vertex 46.2 15.5 2.19
      vertex 46.1641 14.9518 0
      vertex 46.1641 14.9518 2.19
    endloop
  endfacet
  facet normal 0.55554 -0.83149 0
    outer loop
      vertex 39.4432 18.8321 0
      vertex 39.9 19.1373 2.19
      vertex 39.4432 18.8321 2.19
    endloop
  endfacet
  facet normal 0.55554 -0.83149 0
    outer loop
      vertex 39.9 19.1373 2.19
      vertex 39.4432 18.8321 0
      vertex 39.9 19.1373 0
    endloop
  endfacet
  facet normal -0.751742 0.659458 0
    outer loop
      vertex 44.9698 12.5302 0
      vertex 45.3321 12.9432 2.19
      vertex 45.3321 12.9432 0
    endloop
  endfacet
  facet normal -0.751742 0.659458 0
    outer loop
      vertex 45.3321 12.9432 2.19
      vertex 44.9698 12.5302 0
      vertex 44.9698 12.5302 2.19
    endloop
  endfacet
  facet normal -0.55554 0.83149 0
    outer loop
      vertex 44.5568 12.1679 0
      vertex 44.1 11.8627 2.19
      vertex 44.5568 12.1679 2.19
    endloop
  endfacet
  facet normal -0.55554 0.83149 0
    outer loop
      vertex 44.1 11.8627 2.19
      vertex 44.5568 12.1679 0
      vertex 44.1 11.8627 0
    endloop
  endfacet
  facet normal 0.195136 -0.980776 0
    outer loop
      vertex 40.913 19.5569 0
      vertex 41.4518 19.6641 2.19
      vertex 40.913 19.5569 2.19
    endloop
  endfacet
  facet normal 0.195136 -0.980776 0
    outer loop
      vertex 41.4518 19.6641 2.19
      vertex 40.913 19.5569 0
      vertex 41.4518 19.6641 0
    endloop
  endfacet
  facet normal 0.896853 0.442329 0
    outer loop
      vertex 38.3627 13.4 2.19
      vertex 38.1197 13.8927 0
      vertex 38.1197 13.8927 2.19
    endloop
  endfacet
  facet normal 0.896853 0.442329 0
    outer loop
      vertex 38.1197 13.8927 0
      vertex 38.3627 13.4 2.19
      vertex 38.3627 13.4 0
    endloop
  endfacet
  facet normal 0.94694 0.32141 0
    outer loop
      vertex 38.1197 13.8927 2.19
      vertex 37.9431 14.413 0
      vertex 37.9431 14.413 2.19
    endloop
  endfacet
  facet normal 0.94694 0.32141 0
    outer loop
      vertex 37.9431 14.413 0
      vertex 38.1197 13.8927 2.19
      vertex 38.1197 13.8927 0
    endloop
  endfacet
  facet normal -0.751742 -0.659458 0
    outer loop
      vertex 45.3321 18.0568 0
      vertex 44.9698 18.4698 2.19
      vertex 44.9698 18.4698 0
    endloop
  endfacet
  facet normal -0.751742 -0.659458 0
    outer loop
      vertex 44.9698 18.4698 2.19
      vertex 45.3321 18.0568 0
      vertex 45.3321 18.0568 2.19
    endloop
  endfacet
  facet normal -0.980776 0.195136 0
    outer loop
      vertex 46.0569 14.413 0
      vertex 46.1641 14.9518 2.19
      vertex 46.1641 14.9518 0
    endloop
  endfacet
  facet normal -0.980776 0.195136 0
    outer loop
      vertex 46.1641 14.9518 2.19
      vertex 46.0569 14.413 0
      vertex 46.0569 14.413 2.19
    endloop
  endfacet
  facet normal -0.442329 -0.896853 0
    outer loop
      vertex 43.6073 19.3803 0
      vertex 44.1 19.1373 2.19
      vertex 43.6073 19.3803 2.19
    endloop
  endfacet
  facet normal -0.442329 -0.896853 -0
    outer loop
      vertex 44.1 19.1373 2.19
      vertex 43.6073 19.3803 0
      vertex 44.1 19.1373 0
    endloop
  endfacet
  facet normal 0.94694 -0.32141 0
    outer loop
      vertex 37.9431 16.587 2.19
      vertex 38.1197 17.1073 0
      vertex 38.1197 17.1073 2.19
    endloop
  endfacet
  facet normal 0.94694 -0.32141 0
    outer loop
      vertex 38.1197 17.1073 0
      vertex 37.9431 16.587 2.19
      vertex 37.9431 16.587 0
    endloop
  endfacet
  facet normal 0.32141 -0.94694 0
    outer loop
      vertex 40.3927 19.3803 0
      vertex 40.913 19.5569 2.19
      vertex 40.3927 19.3803 2.19
    endloop
  endfacet
  facet normal 0.32141 -0.94694 0
    outer loop
      vertex 40.913 19.5569 2.19
      vertex 40.3927 19.3803 0
      vertex 40.913 19.5569 0
    endloop
  endfacet
  facet normal -0.442329 0.896853 0
    outer loop
      vertex 44.1 11.8627 0
      vertex 43.6073 11.6197 2.19
      vertex 44.1 11.8627 2.19
    endloop
  endfacet
  facet normal -0.442329 0.896853 0
    outer loop
      vertex 43.6073 11.6197 2.19
      vertex 44.1 11.8627 0
      vertex 43.6073 11.6197 0
    endloop
  endfacet
  facet normal 0.83149 0.55554 0
    outer loop
      vertex 38.6679 12.9432 2.19
      vertex 38.3627 13.4 0
      vertex 38.3627 13.4 2.19
    endloop
  endfacet
  facet normal 0.83149 0.55554 0
    outer loop
      vertex 38.3627 13.4 0
      vertex 38.6679 12.9432 2.19
      vertex 38.6679 12.9432 0
    endloop
  endfacet
  facet normal 0.980776 -0.195136 0
    outer loop
      vertex 37.8359 16.0482 2.19
      vertex 37.9431 16.587 0
      vertex 37.9431 16.587 2.19
    endloop
  endfacet
  facet normal 0.980776 -0.195136 0
    outer loop
      vertex 37.9431 16.587 0
      vertex 37.8359 16.0482 2.19
      vertex 37.8359 16.0482 0
    endloop
  endfacet
  facet normal 0.980776 0.195136 0
    outer loop
      vertex 37.9431 14.413 2.19
      vertex 37.8359 14.9518 0
      vertex 37.8359 14.9518 2.19
    endloop
  endfacet
  facet normal 0.980776 0.195136 0
    outer loop
      vertex 37.8359 14.9518 0
      vertex 37.9431 14.413 2.19
      vertex 37.9431 14.413 0
    endloop
  endfacet
  facet normal 0.659458 -0.751742 0
    outer loop
      vertex 39.0302 18.4698 0
      vertex 39.4432 18.8321 2.19
      vertex 39.0302 18.4698 2.19
    endloop
  endfacet
  facet normal 0.659458 -0.751742 0
    outer loop
      vertex 39.4432 18.8321 2.19
      vertex 39.0302 18.4698 0
      vertex 39.4432 18.8321 0
    endloop
  endfacet
  facet normal -0.55554 -0.83149 0
    outer loop
      vertex 44.1 19.1373 0
      vertex 44.5568 18.8321 2.19
      vertex 44.1 19.1373 2.19
    endloop
  endfacet
  facet normal -0.55554 -0.83149 -0
    outer loop
      vertex 44.5568 18.8321 2.19
      vertex 44.1 19.1373 0
      vertex 44.5568 18.8321 0
    endloop
  endfacet
  facet normal 0.751742 0.659458 0
    outer loop
      vertex 39.0302 12.5302 2.19
      vertex 38.6679 12.9432 0
      vertex 38.6679 12.9432 2.19
    endloop
  endfacet
  facet normal 0.751742 0.659458 0
    outer loop
      vertex 38.6679 12.9432 0
      vertex 39.0302 12.5302 2.19
      vertex 39.0302 12.5302 0
    endloop
  endfacet
  facet normal -0.83149 0.55554 0
    outer loop
      vertex 45.3321 12.9432 0
      vertex 45.6373 13.4 2.19
      vertex 45.6373 13.4 0
    endloop
  endfacet
  facet normal -0.83149 0.55554 0
    outer loop
      vertex 45.6373 13.4 2.19
      vertex 45.3321 12.9432 0
      vertex 45.3321 12.9432 2.19
    endloop
  endfacet
  facet normal -0.659458 0.751742 0
    outer loop
      vertex 44.9698 12.5302 0
      vertex 44.5568 12.1679 2.19
      vertex 44.9698 12.5302 2.19
    endloop
  endfacet
  facet normal -0.659458 0.751742 0
    outer loop
      vertex 44.5568 12.1679 2.19
      vertex 44.9698 12.5302 0
      vertex 44.5568 12.1679 0
    endloop
  endfacet
  facet normal 0.997863 0.0653471 0
    outer loop
      vertex 37.8359 14.9518 2.19
      vertex 37.8 15.5 0
      vertex 37.8 15.5 2.19
    endloop
  endfacet
  facet normal 0.997863 0.0653471 0
    outer loop
      vertex 37.8 15.5 0
      vertex 37.8359 14.9518 2.19
      vertex 37.8359 14.9518 0
    endloop
  endfacet
  facet normal 0.896853 -0.442329 0
    outer loop
      vertex 38.1197 17.1073 2.19
      vertex 38.3627 17.6 0
      vertex 38.3627 17.6 2.19
    endloop
  endfacet
  facet normal 0.896853 -0.442329 0
    outer loop
      vertex 38.3627 17.6 0
      vertex 38.1197 17.1073 2.19
      vertex 38.1197 17.1073 0
    endloop
  endfacet
  facet normal 0.195136 0.980776 -0
    outer loop
      vertex 41.4518 11.3359 0
      vertex 40.913 11.4431 2.19
      vertex 41.4518 11.3359 2.19
    endloop
  endfacet
  facet normal 0.195136 0.980776 0
    outer loop
      vertex 40.913 11.4431 2.19
      vertex 41.4518 11.3359 0
      vertex 40.913 11.4431 0
    endloop
  endfacet
  facet normal 0.83149 -0.55554 0
    outer loop
      vertex 38.3627 17.6 2.19
      vertex 38.6679 18.0568 0
      vertex 38.6679 18.0568 2.19
    endloop
  endfacet
  facet normal 0.83149 -0.55554 0
    outer loop
      vertex 38.6679 18.0568 0
      vertex 38.3627 17.6 2.19
      vertex 38.3627 17.6 0
    endloop
  endfacet
endsolid OpenSCAD_Model
